Date,Close,High,Low,Open,Volume
1/3/2000,18.982481,19.23987058,18.0172701,18.21031228,5298400
1/4/2000,18.49987984,19.33639614,18.40335872,18.82161688,4555700
1/5/2000,18.04944801,18.6929221,17.9529269,18.43553246,5701900
1/6/2000,18.85378456,18.98247934,17.75987897,17.88857375,6863100
1/7/2000,19.36856651,19.88334569,18.88596104,18.98248213,10527800
1/10/2000,18.982481,19.65812863,18.85378622,19.62595494,6402500
1/11/2000,18.91814613,19.36857818,18.8537987,19.17553588,5607800
1/12/2000,18.69291687,19.1755223,18.69291687,18.91813274,4267300
1/13/2000,18.49987984,18.85379058,18.49987984,18.69292206,3144200
1/14/2000,18.62856865,18.95030559,18.49987387,18.56422126,5413700
1/18/2000,18.66075134,19.04683585,18.30684054,18.4998828,4821600
1/19/2000,18.75727272,18.98248869,18.49988304,18.98248869,3999700
1/20/2000,18.59639359,18.75726204,18.5320462,18.75726204,3106100
1/21/2000,18.59639359,18.75726204,18.40335144,18.62856728,4454400
1/24/2000,18.17814064,18.72509354,17.92075104,18.62857244,3785000
1/25/2000,17.66335297,18.21030561,17.43813717,18.17813192,4356500
1/26/2000,17.47032356,17.98510289,17.37380244,17.66336581,3174100
1/27/2000,17.40597153,17.66336112,17.11640823,17.50249263,2610100
1/28/2000,17.11641121,17.50249567,17.0842375,17.27727974,4090800
1/31/2000,17.56684113,17.69553593,17.1164093,17.24510411,2989600
2/1/2000,17.50248718,17.66335563,17.34161873,17.50248718,3602600
2/2/2000,16.98770332,17.47030853,16.95552964,17.37378749,3289100
2/3/2000,17.0198822,17.18075065,16.79466637,16.98770851,3662900
2/4/2000,16.85901642,17.56683772,16.79466903,17.30944815,3885600
2/7/2000,16.66597176,17.08422973,16.60162437,16.92336128,3999700
2/8/2000,17.14857864,17.3737945,16.98771018,17.14857864,5010500
2/9/2000,17.50248718,18.0816136,17.37379242,18.01726622,8432500
2/10/2000,17.8242321,17.95292692,17.53466876,17.95292692,5909500
2/11/2000,17.69552994,18.08161423,17.50248779,18.01726685,5530400
2/14/2000,17.53466797,17.75988389,17.47032056,17.59901537,3493300
2/15/2000,17.59900856,17.95291915,17.50248749,17.50248749,3909600
2/16/2000,17.50248718,17.92074515,17.47031349,17.56683456,4606800
2/17/2000,17.66335297,17.92074244,17.63117928,17.79204771,2847700
2/18/2000,17.63118744,17.88857704,17.47031894,17.69553484,3664500
2/22/2000,17.85640526,17.95292637,17.56684193,17.66336304,2929400
2/23/2000,17.59900856,17.88857177,17.50248749,17.66335594,3249300
2/24/2000,17.50248718,17.69552932,17.08422922,17.53466087,3612800
2/25/2000,16.85901642,17.6955325,16.82684272,17.50249033,4205500
2/28/2000,17.11641121,17.43814826,16.85902157,17.0842375,3654700
2/29/2000,16.53728104,17.01988651,16.53728104,16.92336542,4635500
3/1/2000,16.76249695,16.95553914,16.40858626,16.47293366,5496400
3/2/2000,16.24771881,16.92336652,16.24771881,16.82684542,5170400
3/3/2000,16.27988243,16.73031396,16.11901403,16.73031396,4626600
3/6/2000,15.95815659,16.18337251,15.79728807,15.99033029,4457900
3/7/2000,15.76511002,16.21554173,15.28250461,15.95815218,7053200
3/8/2000,15.77028465,16.28734317,15.54407155,16.02881391,5159800
3/9/2000,16.22270393,16.41660079,15.83491021,15.8995425,3913200
3/10/2000,15.89954472,16.22270619,15.77028012,16.06112545,3649100
3/13/2000,16.09344482,16.12576098,15.57638636,15.57638636,4308000
3/14/2000,15.86723328,15.89954943,15.57638786,15.83491712,4602900
3/15/2000,17.15987778,17.15987778,15.67333469,15.737967,5463800
3/16/2000,17.6123085,17.67694083,16.67513979,17.06293374,5410300
3/17/2000,17.06293678,17.54767931,16.96598828,17.06293678,4464500
3/20/2000,17.19219589,17.38609284,16.67513737,16.804402,2643800
3/21/2000,17.74157333,17.74157333,16.86903694,17.25683089,5479700
3/22/2000,17.32146263,17.77388889,16.93366869,17.74157273,3431700
3/23/2000,17.32146263,17.57999192,16.93366869,16.99830101,3792400
3/24/2000,17.03061485,17.32146027,16.83671791,17.06293101,3345700
3/27/2000,16.73168945,17.03061389,16.31965847,16.93366542,3397100
3/28/2000,16.80439758,17.12755907,16.31965535,16.38428764,4814300
3/29/2000,17.19219589,17.418409,16.73976968,16.73976968,4254400
3/30/2000,18.58178329,18.58178329,17.48303437,17.54766666,6850900
3/31/2000,18.03241158,18.64641842,17.87083083,18.61410227,4957600
4/3/2000,18.67873955,18.80800418,17.90315175,17.90315175,4337100
4/4/2000,18.84031677,19.26042675,18.32325834,18.67873601,5803400
4/5/2000,19.00189972,19.32506128,18.8726351,19.13116434,4780500
4/6/2000,19.03421402,19.29274324,18.67873634,18.96958171,4050000
4/7/2000,18.61410904,18.90495449,18.25863126,18.84032217,3829600
4/10/2000,18.74337006,19.09884776,18.54947312,18.61410544,2549500
4/11/2000,19.16347694,19.22810924,18.64641854,18.64641854,2408600
4/12/2000,19.26042366,19.58358513,18.74336531,18.74336531,4071700
4/13/2000,18.84031677,19.09884599,18.74336832,18.90494908,2835500
4/14/2000,18.84031677,18.96958138,18.35557449,18.96958138,3407300
4/17/2000,18.9372673,18.9372673,17.90315032,18.51715728,3648700
4/18/2000,18.58178329,18.74336402,18.09704112,18.67873173,2980300
4/19/2000,18.25862885,18.80800352,18.00009959,18.58179042,2949900
4/20/2000,19.22811317,19.38969396,18.58179004,19.00190008,4931800
4/24/2000,19.58358955,19.80980263,18.93726647,18.96958262,4457300
4/25/2000,19.35737801,19.51895879,19.13116491,19.19579722,3344800
4/26/2000,19.51895332,19.71285021,19.19579184,19.35737258,3345300
4/27/2000,19.35737801,19.42201032,19.00190028,19.19579722,2825500
4/28/2000,18.96959114,19.06653965,18.71106179,18.93727497,2279900
5/1/2000,19.13117218,19.26043686,18.67874581,18.84032666,2130100
5/2/2000,19.38969421,19.48664268,18.71105492,19.16348111,3228300
5/3/2000,19.42201996,19.55128465,19.16349057,19.16349057,3802100
5/4/2000,18.96959114,19.48664984,18.93727497,19.325069,2320400
5/5/2000,19.38969421,19.48664268,18.74337107,18.74337107,2252700
5/8/2000,19.61589622,19.61589622,19.32505098,19.48663167,3246100
5/9/2000,19.48664284,19.84212057,19.29274589,19.61590747,4305000
5/10/2000,20.26223755,20.32686989,19.64823035,19.74517886,8784400
5/11/2000,20.68233681,20.68233681,19.64821997,19.64821997,5743100
5/12/2000,20.42381668,20.42381668,19.9390742,19.9390742,3598200
5/15/2000,20.35918045,20.61770973,20.03601886,20.16528349,3519200
5/16/2000,20.22990799,20.55306946,19.97137881,20.13295955,3736300
5/17/2000,20.16527176,20.32685246,19.84211035,19.84211035,2963400
5/18/2000,20.43188667,20.61770454,20.16527842,20.16527842,2544800
5/19/2000,20.29454613,20.48844306,20.1652815,20.29454613,2577700
5/22/2000,20.55307007,20.74696696,19.93906326,20.16527629,6425600
5/23/2000,20.39148712,20.45611941,20.06832568,20.32685483,2896700
5/24/2000,21.07012558,21.10244172,20.58538343,20.61769957,5443100
5/25/2000,20.65002441,20.68234057,20.10064974,20.22991437,4494200
5/26/2000,21.19939423,21.19939423,20.42380663,20.42380663,3261000
5/30/2000,21.19939423,21.19939423,20.58538738,20.84391658,4196400
5/31/2000,21.03780937,21.26402238,20.97317709,20.97317709,3222300
6/1/2000,20.71465492,21.32866185,20.58539031,20.90855185,3685900
6/2/2000,20.84392929,21.07014248,20.58539994,20.90856163,3212200
6/5/2000,20.42381668,20.74697834,20.32686818,20.58539751,1968300
6/6/2000,21.19939423,21.29634268,20.48843893,20.52075508,3996900
6/7/2000,21.43416786,21.6935829,20.94776466,21.0450453,3652200
6/8/2000,22.01784706,22.01784706,21.27202897,21.30445585,5686600
6/9/2000,21.40174484,22.05028257,21.30446418,21.66115993,3119600
6/12/2000,21.77464485,22.0178464,21.53144331,21.53144331,3470300
6/13/2000,22.21241188,22.30969252,21.92056997,21.98542373,6619800
6/14/2000,22.56910133,22.69880881,22.14755203,22.30968638,5736800
6/15/2000,22.50424957,22.79609143,22.24483459,22.30968834,5856600
6/16/2000,22.69882011,22.79610077,22.63396634,22.731247,6044800
6/19/2000,22.66639709,22.89338533,22.60154331,22.73125088,3689700
6/20/2000,21.33689117,22.37455154,21.33689117,22.30969776,4306500
6/21/2000,21.92057991,22.08271438,21.20718826,21.53145719,3783800
6/22/2000,21.75843811,22.17998758,21.56387682,21.79086499,3282800
6/23/2000,21.82328796,21.88814172,21.46659232,21.72600733,3736600
6/26/2000,22.6015358,22.69881644,21.98542507,21.98542507,3391700
6/27/2000,22.53668213,22.86095094,22.21241332,22.30969396,3950800
6/28/2000,22.52047539,22.76367707,21.88815102,22.3097006,3043400
6/29/2000,22.17998505,22.56910759,22.08270441,22.30969256,2972300
6/30/2000,23.05550385,23.11225087,21.59629474,21.98541717,8258100
7/3/2000,22.30970955,22.82854,22.24485574,22.7636862,2001300
7/5/2000,22.50424957,22.73123768,22.17998085,22.21240772,3503900
7/6/2000,22.76367378,22.92580821,22.30969738,22.37455115,2527700
7/7/2000,22.01784706,22.30968892,21.82328582,22.05027393,3557000
7/10/2000,21.23961067,21.62873331,21.01262247,21.53145265,4691100
7/11/2000,21.07747078,21.27203205,20.88290951,21.27203205,4122500
7/12/2000,20.62349319,21.10989634,20.59106632,21.10989634,4286200
7/13/2000,20.94775772,21.62872198,20.6559159,21.53144137,6162000
7/14/2000,21.62873077,21.82329207,20.81805871,21.01262,4642400
7/17/2000,22.24484253,22.40697695,21.43417043,21.53145108,4521700
7/18/2000,22.30970955,22.63397858,22.14757503,22.27728265,4271500
7/19/2000,22.50424957,22.99065266,22.37454208,22.37454208,4328300
7/20/2000,22.69882011,23.02308897,22.66639323,22.69882011,3817100
7/21/2000,22.95823288,23.02308664,22.69881782,22.89337911,3349900
7/24/2000,22.63395691,22.92579876,22.60153004,22.7636644,2646100
7/25/2000,22.89338493,23.28250762,22.53668913,22.56911603,3886800
7/26/2000,22.73124313,23.15279258,22.73124313,22.9582313,5400100
7/27/2000,22.99065781,23.15279221,22.73124277,22.73124277,2512400
7/28/2000,23.21764183,23.47705682,22.89337309,22.95822684,4039000
7/31/2000,23.76891327,23.99590153,22.69882577,23.21765607,5129900
8/1/2000,23.80133438,23.96346881,23.34735798,23.44463863,3561500
8/2/2000,23.67162323,23.80133075,23.28250066,23.50948882,2421300
8/3/2000,23.41220284,23.80132532,23.34734909,23.67161782,4031300
8/4/2000,23.37978554,23.60677375,23.2176511,23.60677375,3164100
8/7/2000,23.15279579,23.3473571,23.12036891,23.25007645,1840800
8/8/2000,23.05550385,23.57433375,22.95822324,23.37977254,3456700
8/9/2000,22.82851982,23.18521544,22.76366607,22.8609467,3574900
8/10/2000,23.37978554,23.4770662,22.82852846,22.82852846,3483600
8/11/2000,23.76891327,24.02832842,23.44464433,23.47707122,3756900
8/14/2000,24.38500786,24.41743473,23.73647042,24.25530037,3871000
8/15/2000,23.83375359,24.25530297,23.83375359,24.15802234,2480000
8/16/2000,22.82851982,23.08793482,22.11512858,22.92580045,6676000
8/17/2000,22.56099701,22.86094559,22.34211562,22.73123809,2585300
8/18/2000,22.76367378,22.9582351,22.34212427,22.47183181,2598500
8/21/2000,22.99065781,23.05551157,22.86095029,22.89337717,1403900
8/22/2000,22.43940544,22.92580874,22.34212478,22.86095497,1776100
8/23/2000,22.48805237,22.6664003,22.34213134,22.50426582,1402600
8/24/2000,22.56910133,22.86094316,22.43939385,22.47182072,1717800
8/25/2000,22.17998505,22.53668071,22.08270441,22.53668071,1763600
8/28/2000,22.47182846,22.82852415,22.17998653,22.21241341,2069600
8/29/2000,22.05028725,22.37455618,22.05028725,22.2448486,1903100
8/30/2000,21.75843811,22.17998758,21.62873058,22.1475607,2949200
8/31/2000,22.1232338,22.21240769,21.36930901,21.75843148,3010600
9/1/2000,21.9529953,22.08270281,21.82328779,22.05027593,1963400
9/5/2000,22.17998505,22.50425383,21.66115499,21.98542377,2666800
9/6/2000,21.82993126,22.12273213,21.50459696,21.99259841,2212800
9/7/2000,22.48059654,22.70833052,21.86246147,21.8949949,3596700
9/8/2000,22.15525055,22.51311803,21.99258351,22.28538418,1851500
9/11/2000,22.25285912,22.61072673,21.8949915,21.92752492,1632100
9/12/2000,22.83846855,23.03366914,22.25286679,22.25286679,2005100
9/13/2000,23.26140213,23.32646899,22.74086726,22.77340069,3228600
9/14/2000,22.96860123,23.06620152,22.44806635,22.96860123,2946200
9/15/2000,22.77339363,23.29392834,22.57819311,23.2288615,3424000
9/18/2000,22.90352058,23.03365422,22.61071989,22.77338694,1400100
9/19/2000,22.84659386,23.09872786,22.57819315,22.90352734,1910900
9/20/2000,21.66725731,22.57819305,21.66725731,22.44805937,3316700
9/21/2000,22.57819176,22.87099251,21.89498999,21.96005682,3298400
9/22/2000,23.6192646,23.87953198,23.16379669,23.3264638,5068300
9/25/2000,23.32645988,23.58672722,23.00112572,23.26139305,2139600
9/26/2000,23.1312561,23.48912364,22.90352222,23.09872269,2111100
9/27/2000,23.6843338,23.91206778,23.13126557,23.19633242,2391100
9/28/2000,23.5541935,23.87952766,23.42405983,23.58672691,2132700
9/29/2000,23.94459915,24.53020076,23.65179835,23.71686519,4468400
10/2/2000,24.66033173,24.85553224,24.13979702,24.2699307,5036700
10/3/2000,23.94459915,25.21340264,23.68433177,24.95313526,5674900
10/4/2000,23.48912239,23.78192309,23.13125488,23.58672262,4715900
10/5/2000,23.84700203,23.97713574,23.48913433,23.48913433,3692400
10/6/2000,24.13980293,24.26993664,23.74940181,23.84700209,3146600
10/9/2000,24.49767113,24.75793855,24.2374037,24.2374037,3206800
10/10/2000,24.66033173,24.98566592,24.36753095,24.62779831,3103300
10/11/2000,24.36753273,24.98566774,24.10726536,24.53019984,4115900
10/12/2000,24.92059517,24.92059517,24.00965958,24.43259396,3015000
10/13/2000,23.6843338,24.33500231,23.09873214,24.13980176,4018400
10/16/2000,24.26992607,24.53019337,23.74939146,23.8469917,2682800
10/17/2000,24.53019905,24.69286615,24.23739827,24.46513221,2980700
10/18/2000,24.95314026,25.01820712,23.84700366,24.49767225,5059900
10/19/2000,24.88807678,24.95314365,23.52167257,24.59527588,4484100
10/20/2000,24.23740768,24.69287575,23.65180589,24.20487425,3733600
10/23/2000,24.33500099,24.69286865,24.00966675,24.10726703,2692900
10/24/2000,24.00966454,24.23739848,23.71686375,24.04219796,4007100
10/25/2000,25.24593353,25.24593353,24.23739753,24.46513146,4701800
10/26/2000,24.46512413,24.692858,24.00965639,24.23739026,4217400
10/27/2000,25.05073738,25.05073738,24.20486833,24.26993518,3375200
10/30/2000,25.5712738,25.63634066,24.56273756,25.01820554,5567600
10/31/2000,25.21340179,25.34353548,24.53019994,24.98566784,2943700
11/1/2000,24.98567009,25.47367146,24.88806982,25.14833721,5354900
11/2/2000,24.49767113,25.24593997,24.00966971,24.85553883,5017400
11/3/2000,23.84700203,23.91206888,23.29393377,23.74940175,4642300
11/6/2000,24.72540855,24.88807572,23.81447245,23.94460618,4378400
11/7/2000,24.53019905,24.69286615,24.26993169,24.46513221,2825900
11/8/2000,24.66033173,24.7904654,24.36753095,24.53019805,3165100
11/9/2000,25.50620651,25.66887365,24.69287085,24.69287085,4067300
11/10/2000,25.40859413,25.73392824,24.7253925,25.50619437,3473400
11/13/2000,25.08326721,25.66886878,24.98566695,25.11580063,3555200
11/14/2000,24.88807678,25.08327738,24.66034275,24.95314365,2973200
11/15/2000,24.23740768,24.69287575,23.84700649,24.59527545,6891500
11/16/2000,23.06619453,24.59526526,23.06619453,24.10726396,5850300
11/17/2000,22.87098503,23.22885251,22.77338481,23.06618547,6213100
11/20/2000,23.42406464,23.6517986,22.93606329,22.96859671,6648300
11/21/2000,24.20486641,24.43260037,23.58673138,23.81446534,6272100
11/22/2000,23.29392433,23.74939213,22.67578947,23.42405799,4202200
11/24/2000,23.16379547,23.35899599,23.13126205,23.16379547,1673500
11/27/2000,23.09873772,23.58673922,22.54566935,22.83847025,2943200
11/28/2000,23.48912239,23.74938967,23.03365464,23.42405557,3270800
11/29/2000,23.6192646,23.84699856,23.39153065,23.48913091,2749100
11/30/2000,23.6192646,24.10726594,23.06619642,23.48913091,4043800
12/1/2000,22.05766106,23.87953277,21.60219313,23.87953277,12101200
12/4/2000,22.80592918,23.42406421,21.79739309,21.89499335,12372900
12/5/2000,23.00112915,23.09872942,22.51312782,22.74086178,6618500
12/6/2000,23.66169739,23.72697104,22.94368726,23.04159773,7443800
12/7/2000,24.51025963,24.93453842,23.17214958,23.17214958,6975800
12/8/2000,24.77135849,24.99981634,24.37971646,24.54290064,5436900
12/11/2000,24.57553482,24.77135582,24.41235066,24.77135582,4171700
12/12/2000,24.73872185,24.86926919,24.37971665,24.47762716,2542100
12/13/2000,25.29353905,25.42408635,24.7060762,24.7060762,3962700
12/14/2000,25.97891235,26.07682283,24.99980762,25.09771809,6014700
12/15/2000,25.4893589,25.94627443,25.32617479,25.32617479,9470800
12/18/2000,25.75045013,25.81572377,24.93452966,25.78308695,5112200
12/19/2000,25.68518829,25.9789198,25.58727779,25.71782513,4962600
12/20/2000,25.52199936,25.91364129,24.96717329,25.39145205,3797700
12/21/2000,25.45672798,25.97891727,25.32618066,25.5872753,3612100
12/22/2000,25.39146233,25.58728337,24.83663603,25.55464653,3374800
12/26/2000,25.52199936,25.71782033,25.19563108,25.48936253,2097600
12/27/2000,25.52199936,25.84836764,25.42408888,25.55463619,3164400
12/28/2000,25.45672798,25.52200164,24.99981235,25.52200164,3939700
12/29/2000,25.8809967,25.8809967,25.35880762,25.52199171,2625100
1/2/2001,25.78309441,25.84836806,25.45672612,25.78309441,4267800
1/3/2001,24.28179741,25.78309133,24.21652376,25.78309133,7189400
1/4/2001,23.17214394,24.2817959,22.58468113,24.2817959,12373700
1/5/2001,23.66169739,23.98806563,23.17214503,23.46587644,5041900
1/8/2001,24.05333138,24.28178907,23.6290528,23.66168962,3755700
1/9/2001,24.41234779,24.64080559,23.98806902,24.15125316,3427400
1/10/2001,24.02070618,24.44498495,23.89015886,24.31443764,4079800
1/11/2001,24.05333138,24.28178907,23.69432643,24.24915225,3499800
1/12/2001,23.85751152,24.08596922,23.69432745,24.05333241,3084900
1/16/2001,23.98806953,24.08598002,23.69433807,23.89015905,3153700
1/17/2001,23.69433022,24.15124567,23.56378294,24.11860886,4190400
1/18/2001,23.4985199,23.8901619,23.4985199,23.4985199,3635800
1/19/2001,22.87841988,23.43324604,22.78050938,23.23742504,4159100
1/22/2001,22.87841988,23.00896721,22.45414105,22.64996205,2606000
1/23/2001,22.55205154,23.13951454,22.25832005,22.94369354,6121000
1/24/2001,22.32358932,22.7805049,22.06249471,22.7805049,5642400
1/25/2001,22.84578705,22.94369756,22.06250292,22.06250292,5997200
1/26/2001,23.00896454,23.43324332,22.84578039,23.23742234,4612700
1/29/2001,22.79356194,23.23742201,22.73089779,22.87188913,3283100
1/30/2001,23.24785805,23.34707326,22.55856862,22.72044596,4041500
1/31/2001,23.01288223,23.42018925,22.73089953,23.37841514,5223500
2/1/2001,22.80400276,23.01287925,22.32358963,22.80400276,4880300
2/2/2001,23.49329567,23.49851669,22.55857642,22.6734567,5717500
2/5/2001,23.48285294,23.6290653,23.10687601,23.36797065,5261000
2/6/2001,23.63427925,23.83793469,23.44629284,23.68127635,4030300
2/7/2001,24.53768158,24.79355328,23.68128926,23.68128926,6422400
2/8/2001,24.46457291,24.54290211,24.15126006,24.49068397,4430000
2/9/2001,24.12514877,24.64733813,24.03115453,24.51679079,2423100
2/12/2001,24.51680183,24.59512908,24.0468304,24.38625444,3360200
2/13/2001,24.62121773,24.63165976,24.02592046,24.281794,3565900
2/14/2001,24.38624191,24.72566378,24.19825344,24.64733658,3602800
2/15/2001,24.46457291,24.46457291,24.15126006,24.33402555,3755700
2/16/2001,24.70999527,24.77265742,24.46978869,24.5167858,5507700
2/20/2001,25.32618904,25.47762446,24.76222346,24.80399958,5478600
2/21/2001,24.67344284,24.92931646,24.49067739,24.79354613,7446200
2/22/2001,24.30789948,24.58466102,23.91625769,24.54288494,5337600
2/23/2001,24.21913528,24.54811304,23.70739012,24.17735919,4247700
2/26/2001,24.16692162,24.2400278,23.78050263,24.21914174,3083700
2/27/2001,24.05203819,24.35490693,23.84316169,23.90582384,3202800
2/28/2001,24.0624752,24.26612864,23.75960456,24.18257846,2251300
3/1/2001,23.92149162,24.09903606,23.54029369,23.75961223,3359900
3/2/2001,23.420187,23.94759925,23.3418598,23.60295443,3230200
3/5/2001,23.82227516,23.93715744,23.50896238,23.759613,2086800
3/6/2001,23.92149162,24.54289615,23.56640275,23.62906491,3879400
3/7/2001,24.10481262,24.6705047,23.9633891,24.35623155,2980900
3/8/2001,24.56575203,24.58146509,24.04196202,24.10481627,2644800
3/9/2001,24.30384445,24.56573932,24.17289702,24.23575123,2090400
3/12/2001,23.85863495,24.33004676,23.78006764,24.22528836,2494700
3/13/2001,23.49197578,23.78006182,23.07818329,23.72768163,3330600
3/14/2001,23.1881752,23.67529989,22.73247862,23.49197225,3768400
3/15/2001,23.06246948,23.3138884,22.26107155,23.18817994,5130300
3/16/2001,22.5177269,22.78485885,22.39201645,22.52296392,5719100
3/19/2001,22.35535812,22.51773375,22.09346311,22.51773375,2821700
3/20/2001,21.80013657,22.41820885,21.61681089,22.41820885,5419000
3/21/2001,22.00441933,22.13012982,21.08254971,21.37063384,7319300
3/22/2001,22.31345367,22.36583387,21.64824212,21.86823296,6320300
3/23/2001,22.96818542,23.0729438,21.74251703,22.23488079,7927700
3/26/2001,22.94200897,23.11486069,22.49678813,22.60154656,3998400
3/27/2001,23.06770325,23.09912936,22.46010716,22.86342554,3985100
3/28/2001,22.56487465,23.0205714,22.13012798,23.0205714,4077200
3/29/2001,22.6539135,22.88961936,21.73728116,22.13012359,3542400
3/30/2001,23.02056503,23.02056503,22.3658277,22.41820589,3229000
4/2/2001,23.07295799,23.54436997,22.8843932,22.88963222,3854700
4/3/2001,22.56487465,23.0467605,22.39202299,22.9420021,3017700
4/4/2001,22.99437714,23.04675533,22.26107049,22.43392211,2606600
4/5/2001,23.09914207,23.43436941,22.86343813,23.2824698,3383100
4/6/2001,21.99917412,22.91580637,21.99917412,22.66438748,5701900
4/9/2001,21.73727608,22.51772374,21.61680467,22.38677629,6127100
4/10/2001,22.07775688,22.26108265,21.78967068,22.26108265,5876700
4/11/2001,21.67967033,22.00965863,21.42301432,21.99918259,5070500
4/12/2001,21.95204353,21.98347166,21.65872035,21.8944263,3177500
4/16/2001,22.10392952,22.52296095,21.88393677,21.99917116,4739500
4/17/2001,22.14060211,22.31345176,22.00965462,22.23488447,3449600
4/18/2001,22.03060722,22.62772748,21.92584883,22.26107409,5387200
4/19/2001,22.24537086,22.26108393,21.9468106,21.99918883,4046400
4/20/2001,21.61157417,22.02536875,21.52253083,21.99917965,5677600
4/23/2001,22.14060211,22.22964545,21.89442019,22.10393697,6672800
4/24/2001,22.6015358,22.75867237,22.31344974,22.39201903,4675600
4/25/2001,23.08342552,23.27722727,22.73248718,22.81105448,4042300
4/26/2001,23.51816368,23.5234007,23.13055834,23.30864695,4213500
4/27/2001,23.09914207,23.54960187,23.04676387,23.51817574,5774000
4/30/2001,22.94723701,23.38722063,22.8896198,23.38722063,2996600
5/1/2001,23.3872261,23.55483876,22.86343606,23.17770929,3748200
5/2/2001,23.20913124,23.43959808,23.09913384,23.41340898,2954700
5/3/2001,23.17246437,23.42912028,22.83200016,23.3767421,3939400
5/4/2001,23.40293503,23.41341107,23.0467577,23.17246817,3610700
5/7/2001,23.53911209,23.56006416,23.20912597,23.53387507,2178500
5/8/2001,23.56531525,24.08386628,23.37675051,23.57055227,2607400
5/9/2001,23.85339737,24.09434029,23.52864613,23.69626077,5084200
5/10/2001,24.34050941,24.41383966,23.72767439,23.911002,5587400
5/11/2001,24.18338585,24.41385475,23.88482568,24.34052446,3340600
5/14/2001,24.17291069,24.3038582,24.04196318,24.09434139,2248900
5/15/2001,23.57056618,24.17292589,23.36104923,24.17292589,3839200
5/16/2001,23.7067337,23.88482238,23.31389122,23.57054919,4613200
5/17/2001,23.53388977,23.82721295,23.23009055,23.72769155,5053300
5/18/2001,23.56007385,23.58626295,23.26675073,23.53912177,2621400
5/21/2001,23.53388977,23.5653179,23.17771234,23.42913135,2737600
5/22/2001,23.0362854,23.57055147,22.9839072,23.57055147,4209300
5/23/2001,23.4396019,23.57054939,22.96819011,23.03628337,2438500
5/24/2001,23.55483437,23.57054742,23.20389407,23.20389407,2317600
5/25/2001,23.47101974,23.6962495,23.33483329,23.43959164,2203200
5/29/2001,23.52864647,23.64911993,23.36103382,23.47626827,2098400
5/30/2001,23.87958336,23.93720057,23.51816902,23.53388208,3762400
5/31/2001,23.44482994,23.96338271,23.35578664,23.71196385,3717100
6/1/2001,23.47101974,23.54434999,23.3086442,23.44482866,2005700
6/4/2001,23.52864647,23.59673973,23.32436868,23.41865105,1341500
6/5/2001,23.88482857,23.92673274,23.46579687,23.47627292,2631800
6/6/2001,23.4355545,23.82439644,23.35673657,23.71405013,3323100
6/7/2001,23.28317642,23.57217956,23.1202828,23.30419334,3630600
6/8/2001,23.38301086,23.48284772,23.19384461,23.28842774,2409600
6/11/2001,23.13079071,23.33046643,23.07298969,23.33046643,2872800
6/12/2001,23.23587799,23.28842327,22.78398137,22.99942022,3302400
6/13/2001,23.28843689,23.32521901,22.97316102,23.02570633,2663900
6/14/2001,23.00468636,23.20436214,22.9101032,23.12028844,2923900
6/15/2001,22.73144341,22.96264754,22.63686226,22.75771806,5388900
6/18/2001,22.78398514,22.92060409,22.65787364,22.65787364,2316200
6/19/2001,22.96788788,23.0887436,22.69990379,22.81550379,4891400
6/20/2001,23.15180016,23.24638325,22.92059615,22.9678877,4009700
6/21/2001,23.73505974,23.86642492,23.14654429,23.1675632,7464200
6/22/2001,23.81388664,24.01356234,23.64573932,23.68252142,4834700
6/25/2001,23.58268738,23.90321887,23.22537378,23.77710736,2908500
6/26/2001,23.55641556,23.6352335,23.2621567,23.33046719,2781700
6/27/2001,23.84016418,24.00305781,23.30944947,23.39877688,3877300
6/28/2001,23.95576096,24.07661671,23.6877768,23.73506635,3723700
6/29/2001,23.22537231,23.7665964,22.88382193,23.75083322,7860000
7/2/2001,23.74557686,23.85592517,23.27791699,23.30418963,4426900
7/3/2001,23.97152519,23.98729038,23.4092822,23.48810214,2566600
7/5/2001,23.62997437,23.90846797,23.58268281,23.90846797,3939700
7/6/2001,23.58792877,23.71929394,23.5143646,23.71929394,3652500
7/9/2001,23.76659393,23.77710339,23.54064561,23.66675709,4053800
7/10/2001,23.76659393,23.8716865,23.70879292,23.85592332,3479500
7/11/2001,23.69304276,23.85593643,23.65626064,23.77711646,2939900
7/12/2001,23.9347477,23.96102034,23.60896244,23.70879931,3910500
7/13/2001,23.87693977,24.11865328,23.77710294,23.93474079,3214100
7/16/2001,24.16593552,24.51273946,23.90845892,23.92947783,4758500
7/17/2001,24.25003052,24.32884848,23.98204423,24.11866524,4458300
7/18/2001,24.69141769,24.69141769,24.28155668,24.35512091,5264700
7/19/2001,24.4181633,25.03820719,24.22374137,24.69140315,6926800
7/20/2001,24.29730988,24.36036461,23.92423116,24.35510888,5694200
7/23/2001,23.6720047,24.26577587,23.5931868,24.18695596,3956800
7/24/2001,23.44605637,23.61420363,23.32520064,23.40927428,3986900
7/25/2001,24.06610107,24.15017471,23.4355478,23.4355478,3564100
7/26/2001,24.02932358,24.12916041,23.69828269,23.93474047,4197200
7/27/2001,23.99780273,24.26578896,23.8506743,24.26578896,1897700
7/30/2001,24.22373772,24.27628499,23.97677255,24.11864718,3606000
7/31/2001,24.50224113,24.659879,24.23425497,24.32883808,3910400
8/1/2001,22.95737839,24.50748793,22.91008684,24.50748793,29777400
8/2/2001,23.35672569,23.61945601,23.23586999,23.33045306,17742100
8/3/2001,23.35147476,23.53538723,23.07298121,23.48809568,6323400
8/6/2001,23.12027931,23.46182969,23.00467727,23.46182969,4924200
8/7/2001,23.37776184,23.40928822,23.08875667,23.12028506,5595800
8/8/2001,23.45131874,23.70353971,23.27791569,23.27791569,6265000
8/9/2001,23.81913757,23.90846494,23.540642,23.64573456,7743500
8/10/2001,23.99253464,24.11339035,23.77709584,23.90846101,6953900
8/13/2001,23.6720047,24.12390123,23.63522261,23.99253606,6070000
8/14/2001,23.9347477,24.05034976,23.82440137,23.89796559,5576700
8/15/2001,23.94000053,24.03983739,23.38301123,23.96101745,7533300
8/16/2001,24.14492416,24.19221572,23.85592112,23.93473904,5367800
8/17/2001,24.00304794,24.14492259,23.86642702,24.11864995,3862500
8/20/2001,24.43918991,24.48648148,24.01356779,24.03984044,4627600
8/21/2001,24.19747162,24.45494832,24.02932431,24.30781792,3763300
8/22/2001,24.65987968,24.69666179,24.15018198,24.18171036,5070700
8/23/2001,24.828022,24.9593872,24.4129075,24.4129075,5340300
8/24/2001,24.74920654,24.9961738,24.67564234,24.84378966,5080000
8/27/2001,24.63361549,24.69667026,24.47597757,24.69667026,3198200
8/28/2001,24.49171829,24.74393913,24.47069939,24.68613815,3350900
8/29/2001,24.69141769,24.69141769,24.4391946,24.68616196,3067400
8/30/2001,24.84379387,25.06974225,24.67039279,24.73344755,4790000
8/31/2001,24.69665146,24.97514497,24.5863052,24.87005444,3955100
9/4/2001,24.85429573,25.19059033,24.70716735,24.87531464,4335000
9/5/2001,25.1942749,25.2417119,24.68301169,25.01506868,3880000
9/6/2001,24.82530785,25.07830639,24.73043389,24.93599546,3508000
9/7/2001,24.98343086,25.29440613,24.64610016,24.71989257,5047700
9/10/2001,24.71990013,25.03614537,24.53542206,24.9834385,5179300
9/17/2001,25.24697876,25.29441575,24.38257115,24.85167117,10268100
9/18/2001,26.09030151,26.24842415,25.29968632,25.29968632,18511500
9/19/2001,26.13772583,26.13772583,25.4946918,26.08501898,17456900
9/20/2001,25.70024872,25.97432873,25.32602489,25.83201784,13587300
9/21/2001,24.77259254,25.29966898,24.11901688,25.03613076,17557400
9/24/2001,24.98343086,25.05722126,24.64083028,24.98343086,9317700
9/25/2001,25.29967308,25.35237993,24.77786644,24.82530341,9341900
9/26/2001,25.38928413,25.42618135,24.85693754,25.27332863,7286300
9/27/2001,25.76878357,25.81095068,25.25751845,25.27333212,6542100
9/28/2001,25.56321907,25.9532567,25.32603416,25.82675741,7159100
10/1/2001,25.79512787,25.86892028,25.61065186,25.79512787,4552200
10/2/2001,26.01123619,26.01123619,25.69499095,25.77405327,5338000
10/3/2001,25.86892128,25.93216991,25.64227817,25.82675419,4782000
10/4/2001,25.64227486,25.9532501,25.62119131,25.93216656,5098800
10/5/2001,25.74770355,25.774059,25.33131437,25.56322746,4898500
10/8/2001,25.62646294,25.93216832,25.51050746,25.61592116,3080200
10/9/2001,25.78985596,25.93743675,25.52631768,25.63173339,4564100
10/10/2001,26.29585075,26.32747607,25.54213107,25.56321462,7378000
10/11/2001,25.82676888,26.35384579,25.75297843,26.35384579,6686900
10/12/2001,25.18371964,25.56321544,24.84639093,25.43144628,12422800
10/15/2001,25.24697876,25.29968563,24.94127326,24.95181504,4468500
10/16/2001,25.25752068,25.32604123,24.82531784,25.24698091,5834000
10/17/2001,25.38401413,25.6001155,25.03614358,25.42090934,4686000
10/18/2001,25.06250572,25.55795929,24.91492484,25.3102325,5575200
10/19/2001,24.94126129,25.05194688,24.70407645,24.9043661,5717900
10/22/2001,25.1415596,25.27332878,24.85166781,24.87802124,4463400
10/23/2001,25.24697876,25.35239251,25.04668902,25.26279042,3493700
10/24/2001,25.4314537,25.48416058,25.27860096,25.37874683,3772800
10/25/2001,25.51051331,25.54740851,25.14682909,25.29968182,2960900
10/26/2001,25.66863632,25.79513361,25.33130755,25.5526788,3236900
10/29/2001,25.37874603,25.78986525,25.34185082,25.78986525,2478600
10/30/2001,25.69499207,25.70026195,25.31022627,25.48416056,3410500
10/31/2001,25.67389488,25.80039412,25.43144018,25.69497842,3270100
11/1/2001,25.55793762,25.62645611,25.16790017,25.53685408,4334100
11/2/2001,25.82676888,25.85312232,25.31023374,25.43673107,3674300
11/5/2001,25.62119865,25.85311168,25.32603498,25.82675825,5007000
11/6/2001,25.68971634,25.77404852,25.1626397,25.41563624,4445100
11/7/2001,25.75824356,25.80568055,25.46308183,25.68972502,3120500
11/8/2001,25.84256935,26.09029604,25.61592621,25.89000633,4630200
11/9/2001,25.93216133,26.01122159,25.64753957,25.72132995,2845900
11/12/2001,25.83730698,26.01124129,25.64228911,25.87947208,2970800
11/13/2001,26.05867767,26.07449135,25.72134882,25.82676459,3841200
11/14/2001,26.50140762,26.58046991,25.95324955,26.11664199,4919300
11/15/2001,26.46980286,26.59630019,26.22207607,26.36965696,4602900
11/16/2001,26.22732925,26.52249286,26.15881075,26.50140931,3807300
11/19/2001,26.3116703,26.43289972,25.87946753,26.35383741,4027000
11/20/2001,26.18516922,26.35383359,26.06921171,26.35383359,3747100
11/21/2001,26.0007,26.15355074,25.82676368,26.06394865,2626000
11/23/2001,26.03758812,26.10083676,25.83729842,25.85311008,1316200
11/26/2001,25.82149315,26.09030143,25.48416231,25.90582536,3732200
11/27/2001,25.53157806,25.80565801,25.38399733,25.66861904,4078800
11/28/2001,25.53685379,25.6686229,25.31021076,25.65808113,3318900
11/29/2001,25.57902908,26.01123177,25.32603253,25.71607014,4012400
11/30/2001,25.63173294,25.72133499,25.40508987,25.57902408,4774600
12/3/2001,25.71079826,25.80567222,25.47888526,25.5790291,2757500
12/4/2001,25.54740715,25.84784069,25.46834484,25.74769484,2799100
12/5/2001,25.53418922,25.7456533,25.24342763,25.63992126,5476200
12/6/2001,25.10068703,25.29628996,24.83635797,25.26985746,5854800
12/7/2001,25.16412544,25.16412544,24.84693138,24.9685225,4661700
12/10/2001,24.83635712,25.15883888,24.79406552,25.01610095,2752500
12/11/2001,24.63547134,24.92623497,24.55617382,24.84164974,4591100
12/12/2001,24.89451218,25.11126194,24.65132991,24.87336537,5033100
12/13/2001,24.96852303,25.37030433,24.71476737,24.94209052,5325600
12/14/2001,25.10597229,25.3068609,24.85750236,24.85750236,2386800
12/17/2001,25.05839157,25.26985357,24.79934825,24.81520734,3059700
12/18/2001,25.04782295,25.14298158,24.82578549,25.11126136,3749000
12/19/2001,26.10514069,26.22673182,25.69278595,25.69278595,7204800
12/20/2001,25.9571228,26.25845788,25.83024593,26.11572191,4778800
12/21/2001,25.96769142,26.32717918,25.71922343,26.31660577,6570000
12/24/2001,26.03642464,26.06285715,25.72451612,25.72451612,1646200
12/26/2001,26.14215088,26.29546226,25.85138924,26.03641883,2836300
12/27/2001,26.11572266,26.22145271,25.95712354,26.22145271,3387700
12/28/2001,25.93069077,26.24788697,25.85139323,26.24788697,3641500
12/31/2001,25.74036026,26.14214152,25.74036026,25.9835445,2923200
1/2/2002,25.98354912,26.06284663,25.34915893,25.63992051,4791200
1/3/2002,25.79323769,26.09985844,25.58706128,26.08928503,3541300
1/4/2002,25.56590843,25.89367592,25.38616458,25.89367592,4047500
1/7/2002,25.41788673,25.56062267,25.24342856,25.35973401,3680100
1/8/2002,25.26986313,25.56062475,25.18527789,25.41788881,3750600
1/9/2002,25.1694088,25.40730531,25.11654179,25.2698531,5414700
1/10/2002,25.45490456,25.58178145,25.22758127,25.29630541,3647800
1/11/2002,25.61348724,25.69807247,25.49189611,25.68221337,3344900
1/14/2002,25.51832771,25.89896221,25.46546069,25.69278384,4935700
1/15/2002,25.70336151,25.84609947,25.56062355,25.69278811,3898700
1/16/2002,25.70864487,25.95711281,25.68221236,25.77208328,3622900
1/17/2002,25.69807053,25.89367346,25.53418579,25.63463212,2742700
1/18/2002,25.96239853,26.14214236,25.63991678,25.63991678,3969800
1/22/2002,26.12628746,26.205587,25.9676904,26.16858108,3869000
1/23/2002,26.12100029,26.34832347,25.96768894,26.30074415,5411600
1/24/2002,26.22144699,26.35889926,26.03641742,26.35361155,3838100
1/25/2002,25.96769142,26.26902645,25.77737414,26.22144713,3725200
1/28/2002,25.70864487,26.03641234,25.51832762,25.96768622,3544000
1/29/2002,25.1376915,25.83023431,25.07425309,25.63991708,5311800
1/30/2002,25.72978973,25.85138288,25.29629024,25.33858385,6608000
1/31/2002,26.48049736,26.49635647,25.88840056,25.98355923,6022600
2/1/2002,26.49634743,26.49634743,26.17386561,26.30074447,3504300
2/4/2002,26.59151077,26.69195714,26.22673729,26.38004867,3884000
2/5/2002,26.8611145,27.0091381,26.39060717,26.59149778,5660500
2/6/2002,25.9571228,26.19501945,25.47604381,25.85139275,9061000
2/7/2002,25.69278526,26.08399318,25.55004934,25.90424933,4580100
2/8/2002,25.67693901,25.71923265,25.1641397,25.71923265,4424500
2/11/2002,25.86195946,25.9359733,25.64520967,25.7297949,3248200
2/12/2002,25.91482544,25.98355157,25.78266089,25.79851999,3233000
2/13/2002,26.23201561,26.27430923,25.84080973,25.87781563,2950200
2/14/2002,26.12100029,26.35360916,25.90425052,26.30074415,3113000
2/15/2002,26.36948204,26.47521413,25.95184141,26.11572625,4848200
2/19/2002,26.1527195,26.29016973,25.98354905,26.28488404,4083800
2/20/2002,26.39060593,26.43289953,25.58704756,26.06283854,4527400
2/21/2002,26.15800667,26.36947075,26.02584212,26.24787961,3799900
2/22/2002,26.53864479,26.75010688,26.27431566,26.30074817,5442400
2/25/2002,26.76596451,26.89812905,26.41176247,26.63379996,5479500
2/26/2002,26.66021156,27.00912561,26.53862052,26.81880849,4713600
2/27/2002,26.76068115,27.06730392,26.54393134,26.79240137,3797000
2/28/2002,26.69724274,26.92985165,26.61794319,26.89813344,3962500
3/1/2002,27.09373856,27.18889721,26.69724482,26.92985375,3153200
3/4/2002,26.95628548,27.2100412,26.60208339,27.19946779,5027200
3/5/2002,26.63908577,26.80297053,26.27431235,26.7078119,4225100
3/6/2002,26.44557381,26.70536279,26.26000823,26.50919531,4153000
3/7/2002,26.2334938,26.57811408,25.91008137,26.57811408,6109500
3/8/2002,26.26000214,26.68945173,26.07443862,26.28651294,3865300
3/11/2002,26.24409294,26.35543103,26.11154702,26.12745188,2307500
3/12/2002,26.47208214,26.48798701,26.11155693,26.11155693,3903100
3/13/2002,26.28121185,26.64703796,26.23349523,26.60462431,3334500
3/14/2002,26.57280922,26.77958056,26.36603788,26.36603788,3317800
3/15/2002,26.97044754,27.06588078,26.72126255,26.81139282,5652200
3/18/2002,26.88562584,27.14011388,26.66825052,27.12950995,3543400
3/19/2002,27.16661453,27.29385749,26.80078647,26.80078647,3966900
3/20/2002,26.80078697,27.17191599,26.80078697,26.80078697,3144000
3/21/2002,26.72656631,26.82730051,26.56751157,26.72126537,3414500
3/22/2002,26.98635483,27.09769293,26.59401795,26.64173457,3946000
3/25/2002,27.18782234,27.48472597,27.07648424,27.34157612,5517100
3/26/2002,27.54305267,27.56426051,26.98636001,26.99166096,3626500
3/27/2002,27.06588745,27.511242,27.06588745,27.34158332,4391800
3/28/2002,27.30447006,27.41050724,26.95984973,27.11360354,3961400
4/1/2002,27.26734924,27.41049909,26.98635252,27.38399031,3988100
4/2/2002,26.8379097,27.30447212,26.77428819,27.26735941,6765900
4/3/2002,26.49327278,26.89621139,26.44555618,26.85379776,4675000
4/4/2002,26.73714828,26.84318537,26.58869758,26.64171511,3316000
4/5/2002,26.83259964,26.91212599,26.69475073,26.82199572,3745000
4/8/2002,26.93863106,27.10298669,26.67884019,26.75306557,3628700
4/9/2002,27.26734924,27.29916099,26.79018308,26.88031537,3811300
4/10/2002,27.72332001,27.79224247,27.20904091,27.20904091,5785100
4/11/2002,27.49533081,27.8346481,27.40519852,27.60136797,4210900
4/12/2002,27.51654053,27.72861284,27.17192024,27.27795741,3773300
4/15/2002,27.15601349,27.51653862,27.09769295,27.37338875,3685700
4/16/2002,27.54834747,27.65968558,27.17191749,27.51653774,4098200
4/17/2002,27.52183723,27.77632518,27.41580008,27.77632518,2525000
4/18/2002,27.46881866,27.67558999,27.14540628,27.39459125,2985600
4/19/2002,28.1633625,28.18457034,27.58546209,27.69149925,4064300
4/22/2002,28.00961685,28.22699217,27.89297574,28.16336865,3188900
4/23/2002,27.67559624,28.12095073,27.58016299,28.0997429,5178800
4/24/2002,28.06262589,28.36483046,27.75511834,27.80813793,5459600
4/25/2002,27.80813789,28.07322977,27.68619587,27.79753398,4248300
4/26/2002,27.69148636,28.06261525,27.4847151,27.83463616,3225800
4/29/2002,27.73390961,27.94068092,27.43700601,27.47411871,3462300
4/30/2002,27.51654053,28.12625069,27.49533269,27.73391581,4548400
5/1/2002,28.05732155,28.10503816,27.41049878,27.54304471,6089000
5/2/2002,28.13685989,28.22168924,27.75512683,28.22168924,3890300
5/3/2002,27.8346386,27.99369327,27.61196246,27.96718449,4212000
5/6/2002,27.56955147,28.09973515,27.46351433,27.86115209,2572700
5/7/2002,27.47943687,27.70211318,27.35219183,27.56956718,2842100
5/8/2002,27.36808014,27.62787102,27.25674206,27.45821241,5063400
5/9/2002,27.60136795,27.8823647,27.35748188,27.46351904,2902700
5/10/2002,27.78163147,28.02021256,27.56955714,27.67559431,3544200
5/13/2002,27.86646271,27.88766852,27.38399551,27.68620013,2881800
5/14/2002,27.96719742,28.0467258,27.64908792,27.99370621,3325700
5/15/2002,27.67559624,28.0361214,27.52714339,27.70210502,3332300
5/16/2002,27.86115646,27.89296822,27.58546066,27.77102619,2625500
5/17/2002,27.6437912,27.94069494,27.41581194,27.86116654,4162700
5/20/2002,27.33096313,27.6967911,27.22492601,27.6967911,3099600
5/21/2002,27.07116699,27.4635016,26.98633772,27.3839753,3576900
5/22/2002,27.37339211,27.4370136,27.129506,27.16131776,2841300
5/23/2002,27.13480949,27.36808966,26.8644146,27.36808966,2976400
5/24/2002,26.63111877,27.09768085,26.52508166,26.93332323,3947200
5/28/2002,26.98635483,27.16131442,26.88561862,27.0393724,4306800
5/29/2002,27.00227165,27.27266461,27.00227165,27.14542158,2873800
5/30/2002,27.00227165,27.28326853,26.64174637,26.88032957,2691500
5/31/2002,27.5589695,27.67561065,27.23025592,27.33099017,5819800
6/3/2002,27.11890411,27.61727619,27.06058357,27.41050482,3658800
6/4/2002,27.4582119,27.51653242,26.94393311,26.95983797,3880400
6/5/2002,27.67092514,27.7453662,27.36252416,27.49013885,3377400
6/6/2002,27.05944443,27.67092807,26.99031971,27.67092807,2526100
6/7/2002,27.27744293,27.3784718,26.84142938,26.8520641,3454500
6/10/2002,27.25084305,27.37845764,27.07537323,27.22425727,2305100
6/11/2002,27.0753746,27.37314066,26.95839675,27.26679549,3254000
6/12/2002,27.46352959,27.62304629,26.85736287,26.86268125,4497400
6/13/2002,27.24020958,27.49012041,27.01688656,27.46353463,2622600
6/14/2002,27.06476021,27.11793181,26.68723452,26.7457245,4577400
6/17/2002,27.51138115,27.51669749,27.17107633,27.26678674,2619100
6/18/2002,27.25084305,27.57519487,27.15513261,27.27211249,2715900
6/19/2002,27.5858326,27.64432254,26.94244523,26.98498411,3917000
6/20/2002,27.25084305,27.64963587,27.18171839,27.45289865,4384900
6/21/2002,26.90522003,27.16044921,26.5861866,26.5861866,8047500
6/24/2002,26.82547188,27.17109121,26.64468567,26.71912669,4851700
6/25/2002,26.0704174,27.17108551,25.93217011,26.87863783,4873000
6/26/2002,26.18740273,26.31501736,25.10268546,25.1239549,7751400
6/27/2002,25.84177399,26.16080946,25.52274054,26.13422368,5096000
6/28/2002,25.62908745,26.31501163,25.62908745,25.92153513,7697900
7/1/2002,26.06510735,26.10764421,25.60250809,25.67694912,5062300
7/2/2002,25.38981628,26.12359584,25.38981628,26.05447116,6339300
7/3/2002,25.24625015,25.52274682,24.69857519,25.38981585,4559900
7/5/2002,25.57591057,25.57591057,24.80491278,25.20370558,2880400
7/8/2002,25.97471046,26.03851879,25.59187065,25.81519371,3703900
7/9/2002,24.07113075,25.63971598,23.92756512,25.5493219,14431900
7/10/2002,23.72019386,24.52841411,23.61916506,24.45928946,8879300
7/11/2002,23.07682228,23.39585587,21.91234543,23.26292487,14500200
7/12/2002,22.38557625,23.10340476,21.80068075,22.81095701,11003500
7/15/2002,22.46532249,22.46532249,21.024352,22.09311556,8165000
7/16/2002,21.53481102,22.33239661,21.38061065,22.14629412,6983400
7/17/2002,22.53445053,22.82157978,21.93360219,21.96018797,7250900
7/18/2002,21.42847824,22.70461674,21.33276775,22.57168573,5290000
7/19/2002,19.24840546,21.42847262,18.74326735,21.42847262,19419600
7/22/2002,18.87619972,19.54085464,18.6156541,19.14206169,11358800
7/23/2002,19.12610626,19.32815985,18.76985025,19.2484025,10096600
7/24/2002,21.0296669,21.29552869,18.92935838,19.00911773,13635800
7/25/2002,21.49228096,21.63584667,20.67342762,20.73723393,9296000
7/26/2002,21.37528992,21.48163505,20.89673785,21.42846147,5477900
7/29/2002,22.61952782,22.6461136,21.45505156,21.53481093,7749000
7/30/2002,22.19415092,22.48659859,21.93360539,22.38556978,9504600
7/31/2002,22.83221436,22.86411851,22.25263546,22.3217601,7239000
8/1/2002,22.59826851,23.07150251,22.47597224,22.83222632,6091400
8/2/2002,22.83753777,23.12998545,22.52382064,22.7311926,7254500
8/5/2002,21.7687664,22.70991755,21.73154591,22.47064149,8159600
8/6/2002,21.5454464,22.43874245,21.40188074,22.21541742,7049800
8/7/2002,22.28987503,22.33241394,21.32213726,21.78473872,8985000
8/8/2002,22.57168579,22.81096201,22.07718227,22.32177484,5666600
8/9/2002,23.28950119,23.5287773,22.41215817,22.5716749,5241300
8/12/2002,23.55536461,23.71488135,22.86412405,23.2895027,5133800
8/13/2002,23.34799767,23.89035632,23.3160935,23.55536967,4423000
8/14/2002,23.93289757,24.03924278,23.10872573,23.47561661,5494500
8/15/2002,23.66170692,23.9275688,23.4277492,23.8531278,6911800
8/16/2002,23.60321617,23.92225163,23.4490158,23.66170611,6562400
8/19/2002,23.35331154,23.61917348,23.2841889,23.39585042,5880300
8/20/2002,23.18848038,23.42243817,22.95452056,23.35331349,5025200
8/21/2002,23.17784691,23.39585365,22.79500502,23.39585365,4250600
8/22/2002,23.25227737,23.52877394,22.89070509,23.18315272,5009100
8/23/2002,22.94388199,23.26291545,22.88539205,22.99705356,4448300
8/26/2002,22.61422348,23.11936174,22.4121698,23.05555542,5276700
8/27/2002,21.96018982,22.77372851,21.93360404,22.73118964,9106400
8/28/2002,21.23172188,21.50821837,21.04561944,21.37528748,8178700
8/29/2002,20.73723412,21.25832334,20.65747471,21.21578648,7396800
8/30/2002,21.0296669,21.40187381,20.72658463,20.73721934,8158700
9/3/2002,20.42882156,21.02966985,20.34906423,21.02966985,6821500
9/4/2002,20.17260361,20.91459636,20.12456081,20.52491678,7506900
9/5/2002,19.80428123,20.01246812,19.75623842,19.96442531,8732000
9/6/2002,20.27935982,20.42882535,19.90035472,19.96441312,6174300
9/9/2002,20.64234734,20.92526686,20.1779351,20.27935989,6576400
9/10/2002,21.31494522,21.46441075,20.73843183,20.81850381,6812500
9/11/2002,21.0800705,21.40035435,20.97864571,21.30426879,4547400
9/12/2002,21.0160141,21.50711837,20.91459134,21.07473329,4475000
9/13/2002,21.43239212,21.84876171,21.20285452,21.2455581,5742700
9/16/2002,21.85943604,21.93950601,21.25623248,21.27224607,4247800
9/17/2002,20.9519577,22.09964537,20.93594412,21.9928834,6826800
9/18/2002,20.31139755,20.67972644,20.25801756,20.44484958,7172400
9/19/2002,19.83096123,20.1725979,18.14946579,18.14946579,7356500
9/20/2002,20.01781082,20.21531932,19.83097874,19.83097874,8965200
9/23/2002,19.85765839,20.19929519,19.61744437,19.75089638,5231900
9/24/2002,19.62811279,19.87900311,19.37722248,19.69750838,5695000
9/25/2002,19.75090027,20.07118432,19.40392418,19.68150464,6469000
9/26/2002,19.96441078,20.17793266,19.51067297,19.76156327,6558200
9/27/2002,19.58542061,20.23133003,19.52670342,19.96442595,6698600
9/30/2002,19.72420692,19.83096894,19.00356487,19.48399291,8123100
10/1/2002,20.12455559,20.28469753,19.56405777,19.75622688,7545400
10/2/2002,20.15124893,20.71174684,20.02847335,20.12455894,7850700
10/3/2002,19.86834145,20.51958605,19.77759299,20.15125913,7381900
10/4/2002,19.75090027,20.32741401,19.75090027,19.99111433,7844400
10/7/2002,19.09964371,20.1512458,18.99822095,19.75088992,8637800
10/8/2002,21.9394989,22.05693726,20.55159949,20.55159949,23211500
10/9/2002,22.21174049,22.35586883,21.49109882,21.5604944,12517900
10/10/2002,22.19039917,22.41993678,21.67260474,22.12634278,9291400
10/11/2002,22.77758026,22.95373783,21.88078494,22.19573165,8358100
10/14/2002,22.93772125,23.0604968,22.50533621,22.52668901,3797800
10/15/2002,23.12455559,23.39145951,22.7135233,23.27402113,6639500
10/16/2002,23.24733543,23.35409743,22.58007551,22.58007551,6268600
10/17/2002,23.34875298,23.66903683,23.12455265,23.46085212,5893200
10/18/2002,23.3807869,23.57295808,23.00712094,23.23132133,4867500
10/21/2002,23.96797371,24.02135368,23.11387991,23.25800828,4976900
10/22/2002,23.86655807,23.93061651,23.62100685,23.73844528,4577800
10/23/2002,23.80248451,23.96796563,23.4875379,23.54091785,4641200
10/24/2002,23.79716301,24.10677061,23.65837178,23.75445739,6180600
10/25/2002,23.58897209,24.04804725,23.35409733,23.70107331,4684500
10/28/2002,23.0124588,23.75445145,22.75089204,23.73309865,5119400
10/29/2002,23.30604553,23.48754024,22.71351862,23.08718444,4373400
10/30/2002,23.37011337,23.62100378,23.06584298,23.45552257,4112800
10/31/2002,23.54092026,23.54092026,23.0551553,23.22597361,4195900
11/1/2002,23.64769173,23.9145957,23.25267498,23.35409776,3662300
11/4/2002,23.18328094,23.61032693,22.99644896,23.56762335,3951600
11/5/2002,23.48754883,23.63167721,23.30605405,23.38078684,4367800
11/6/2002,23.23665047,23.54092072,22.85764746,23.54092072,3801300
11/7/2002,23.20996475,23.53558786,23.03380922,23.30071314,3308200
11/8/2002,23.37011337,23.5676238,23.08719579,23.08719579,3339900
11/11/2002,23.08718681,23.38611991,22.9003549,23.17793316,2446600
11/12/2002,22.66015244,23.27403048,22.42527559,22.83630804,5103800
11/13/2002,23.17260361,23.59431239,22.68683844,22.76691045,4405400
11/14/2002,23.62099457,23.64768455,23.039144,23.17259595,3690800
11/15/2002,23.97330856,24.01601417,23.25800602,23.30071162,4622700
11/18/2002,23.63701439,24.08541313,23.51957803,23.99466676,3253100
11/19/2002,23.96797371,24.18149563,23.73843617,23.83452174,4711400
11/20/2002,23.35408974,23.47686528,23.08718585,23.43416172,5528500
11/21/2002,22.52135849,23.30071971,22.25979371,23.29538049,11673200
11/22/2002,22.4359417,22.79359399,22.19039059,22.4252653,8993600
11/25/2002,22.14234734,22.61743595,22.04626177,22.61743595,5355100
11/26/2002,22.14234734,22.40925124,22.13167094,22.23309572,5783100
11/27/2002,22.56939888,22.71352727,21.77936338,22.07295734,5340800
11/29/2002,22.67616653,22.69751935,22.46798171,22.4733189,2070500
12/2/2002,22.53204346,22.94307601,22.32385859,22.68151114,4593200
12/3/2002,22.90036201,23.00712198,22.44662403,22.44662403,5204100
12/4/2002,23.23247719,23.51638942,23.00213427,23.03427585,5243400
12/5/2002,23.15749168,23.33962332,22.96464618,23.23784466,3670800
12/6/2002,23.55388451,23.55388451,23.03962941,23.19497732,4481000
12/9/2002,23.14676476,23.55388327,23.11462522,23.55388327,3696200
12/10/2002,23.43603706,23.51639001,22.95928144,23.03427643,3033800
12/11/2002,23.11462975,23.29676132,23.01284908,23.22176428,4358900
12/12/2002,23.13070488,23.22176967,22.82000893,23.03428214,4077700
12/13/2002,22.41824341,23.13605585,22.21468615,23.13605585,6354300
12/16/2002,22.71287918,22.76109056,22.28433267,22.28433267,5587600
12/17/2002,22.05934715,22.75573215,21.98970804,22.49860548,5991600
12/18/2002,21.88257217,22.25754935,21.77543759,22.07006179,5865500
12/19/2002,21.67900276,22.0164802,21.59329392,21.8022091,6012900
12/20/2002,22.1021843,22.18789312,21.80220442,21.81291828,10225600
12/23/2002,22.35932732,22.66466534,22.06470111,22.31111594,4159400
12/24/2002,22.4985981,22.52002583,22.12362106,22.12362106,1539900
12/26/2002,22.71823502,22.87358302,22.50396176,22.60574248,3149200
12/27/2002,22.32182693,22.80929862,22.24147601,22.71287587,3114200
12/30/2002,22.525383,22.69144482,22.24147275,22.28432617,2910400
12/31/2002,22.61644363,22.71286634,22.12361624,22.37538687,2992900
1/2/2003,23.08784485,23.14141416,22.56287784,22.56287784,3522600
1/3/2003,23.24855995,23.29677133,22.91643621,23.18963471,3153400
1/6/2003,23.0128479,23.39853875,22.92178314,23.16819583,4139400
1/7/2003,22.59502792,22.93250757,22.49860517,22.87358233,4796800
1/8/2003,22.8735714,23.01284751,22.71286756,22.7450071,4514600
1/9/2003,23.10929298,23.189646,22.76645725,23.00751426,3762800
1/10/2003,22.95928764,23.08249403,22.8253674,23.03428266,2911000
1/13/2003,23.1628437,23.30211984,22.7825087,22.95928438,2955300
1/14/2003,23.2753334,23.28604727,22.87357277,23.0289207,2891700
1/15/2003,23.00213814,23.4896077,22.96999859,23.46818201,3364600
1/16/2003,23.42532349,23.56995756,23.13605533,23.16819692,3661200
1/17/2003,23.38247681,23.55389457,23.25926838,23.44675796,3420400
1/21/2003,23.22177124,23.60210631,23.16820396,23.38247718,3899300
1/22/2003,22.9271431,23.46818197,22.857504,23.14677219,4979200
1/23/2003,22.46110153,22.62716336,22.17183334,22.49859903,5548200
1/24/2003,21.99505997,22.60573591,21.73257541,22.46645772,4431800
1/27/2003,21.72186279,21.96291964,21.43259458,21.96291964,4074700
1/28/2003,21.71115494,21.81829157,21.23975703,21.71651289,4934900
1/29/2003,21.70043755,21.85578553,21.02548035,21.34688815,5166800
1/30/2003,20.73620987,21.70579316,20.66657281,21.70579316,6907100
1/31/2003,21.68437004,21.72186755,20.79513952,20.79513952,6487100
2/3/2003,21.82363701,22.01648038,21.57722228,21.57722228,4520400
2/4/2003,22.0700531,22.11290651,21.65757857,21.81828243,5194600
2/5/2003,22.00577164,22.4450298,21.88256324,22.36467685,4682200
2/6/2003,21.54508972,21.85578363,21.10583148,21.82899999,7814000
2/7/2003,20.89691353,21.59865633,20.87012989,21.54508905,6692600
2/10/2003,21.02546692,21.13260346,20.7844102,20.7844102,3870800
2/11/2003,20.56479645,21.29332305,20.39873662,21.0790498,4239300
2/12/2003,20.57550621,21.01476445,20.51658098,20.68264281,4003400
2/13/2003,20.83799171,20.95048423,20.36659186,20.51122598,3632800
2/14/2003,21.35223961,21.38437915,21.03618782,21.17010803,5009600
2/18/2003,21.55580711,21.69508329,21.35224774,21.53973529,3619100
2/19/2003,21.45402527,21.55580597,21.35760252,21.55580597,3726500
2/20/2003,21.08440399,21.50759246,21.07904604,21.45402314,3374900
2/21/2003,21.10582733,21.38437959,20.99333279,21.21296187,4724000
2/24/2003,20.80049133,21.11654112,20.67192701,21.1058293,4781800
2/25/2003,20.80584335,20.88083834,20.27551844,20.48979158,5224100
2/26/2003,20.48443985,20.85941487,20.3719453,20.80584759,3466700
2/27/2003,20.47372627,20.66657174,20.30230853,20.57014901,4505100
2/28/2003,20.52728462,20.61835141,20.40943421,20.54335439,5098000
3/3/2003,20.41480637,20.70407464,20.36659499,20.60765188,3584600
3/4/2003,20.38266182,20.51658207,20.24874157,20.24874157,5080900
3/5/2003,19.98089981,20.38266054,19.41307929,20.38266054,8254000
3/6/2003,20.16839218,20.28088471,19.83091255,19.84698233,5528900
3/7/2003,20.62371254,20.62371254,19.83090513,19.84697491,5699000
3/10/2003,20.23267174,20.57015134,20.14696286,20.57015134,5061600
3/11/2003,20.19516563,20.58621235,20.14159633,20.15231019,5157400
3/12/2003,20.29198837,20.36190569,19.95316053,20.03383451,5072000
3/13/2003,20.89971733,20.96963461,20.42105713,20.56088964,3756900
3/14/2003,20.97501755,21.32460199,20.84593961,20.98577421,4982800
3/17/2003,21.7279644,21.8086363,20.84055913,20.84055913,5259800
3/18/2003,21.62577438,21.72796165,21.25467876,21.72796165,4336500
3/19/2003,21.7602272,21.79249719,21.41064494,21.55047744,5882400
3/20/2003,21.59350777,21.75485361,21.34610862,21.48594319,4963600
3/21/2003,22.31955528,22.31955528,21.59349828,21.9484598,4842400
3/24/2003,21.55586243,22.08292666,21.45367514,21.9646054,3438500
3/25/2003,21.56661797,21.64729192,21.3676248,21.51283669,4301900
3/26/2003,21.41602135,21.63652776,21.34072677,21.55047653,3406900
3/27/2003,21.66880798,21.91082784,21.24392891,21.24392891,3197300
3/28/2003,21.45905113,21.63653093,21.30845991,21.43215845,2969700
3/31/2003,21.51283073,21.77098446,21.05030455,21.32459429,4621700
4/1/2003,21.50207138,21.69568716,21.43753347,21.51282804,5131800
4/2/2003,21.35148048,21.64190413,21.35148048,21.59350019,6608800
4/3/2003,20.52861786,21.2708111,20.4748366,21.24929777,12744900
4/4/2003,20.78139687,20.81366685,20.46946185,20.70610228,6397400
4/7/2003,20.93198586,21.28694957,20.86744793,21.01803916,5524300
4/8/2003,21.09871292,21.19014354,20.94812373,21.02879563,3349500
4/9/2003,21.18477058,21.68494432,21.09334199,21.54511175,5458500
4/10/2003,21.39989853,21.48594981,21.21165994,21.3783852,3400700
4/11/2003,21.65804863,21.82477385,21.57199736,21.59351069,4603900
4/14/2003,22.0345211,22.05065507,21.51283422,21.51283422,3733700
4/15/2003,21.81938744,22.05065052,21.57199039,22.05065052,4032300
4/16/2003,21.45905113,21.916198,21.18476137,21.916198,5201600
4/17/2003,22.87889099,22.90040431,21.91619153,21.91619153,8825500
4/21/2003,22.50243187,22.95957892,22.42713725,22.85739367,4065800
4/22/2003,22.74983025,22.97571616,22.26579253,22.566971,4428200
4/23/2003,23.126297,23.126297,22.91654719,23.06175907,5135000
4/24/2003,23.30377388,23.43822907,22.99183686,23.01872749,4517000
4/25/2003,22.93805695,23.38444712,22.79822239,23.24999193,2913900
4/28/2003,23.36831474,23.41133934,23.01873039,23.09402498,3623500
4/29/2003,23.36294174,23.45437237,23.01335935,23.2607565,3680800
4/30/2003,23.27687836,23.45973747,23.00796802,23.0993986,6415400
5/1/2003,23.53504562,23.58882895,22.92193002,23.21773116,4313000
5/2/2003,23.35755539,23.49738788,23.23385686,23.27688146,3991000
5/5/2003,23.27687836,23.39519956,23.02948134,23.28763502,3950100
5/6/2003,23.3360405,23.60495085,23.15856073,23.21234198,2849500
5/7/2003,23.29302788,23.58344965,23.21235391,23.36832249,5565900
5/8/2003,23.18007088,23.43822661,23.06175172,23.37906601,3204000
5/9/2003,23.49738884,23.55117215,23.12629324,23.22310115,3395300
5/12/2003,23.49201202,23.66949182,23.40596078,23.44898538,2532600
5/13/2003,23.3790741,23.51890662,23.1800789,23.3414268,2718000
5/14/2003,23.32528305,23.41671364,23.10477665,23.36830969,3128300
5/15/2003,23.54042053,23.64260576,23.34680468,23.38983134,3052600
5/16/2003,23.28762627,23.78779947,23.28762627,23.54040255,2953700
5/19/2003,23.11553574,23.33066486,22.97032389,23.29301757,4236600
5/20/2003,23.126297,23.18007826,22.79284864,23.11554033,3670600
5/21/2003,23.28762627,23.36292081,23.07787661,23.12628053,3397900
5/22/2003,23.51889992,23.68024572,23.12629104,23.12629104,3616500
5/23/2003,23.42748642,23.55656233,23.31454244,23.45975437,2387400
5/27/2003,23.76092529,23.79857259,23.28764237,23.39520695,4224300
5/28/2003,23.42211342,23.83085869,23.34144147,23.7824547,4290600
5/29/2003,23.52428436,23.78243812,23.40596312,23.47588041,3555100
5/30/2003,23.77169228,23.98681948,23.59421033,23.64799367,4278600
6/2/2003,23.71789932,24.08899703,23.52966284,24.05134974,3839800
6/3/2003,23.78781891,23.92227414,23.63722971,23.79319827,2805100
6/4/2003,24.13202095,24.26109886,23.66411739,23.77168197,2917500
6/5/2003,23.94377518,24.12125492,23.7824294,23.9706658,4085900
6/6/2003,23.82546425,24.00294612,23.68025237,23.9437855,5096800
6/9/2003,23.67487335,23.90613647,23.56193147,23.75554525,2207100
6/10/2003,23.8684845,23.92226575,23.59419478,23.67486871,2414900
6/11/2003,23.98183823,23.98183823,23.74973835,23.78212509,3191500
6/12/2003,24.07359123,24.12756913,23.72814091,24.01421863,2548500
6/13/2003,24.14917564,24.25712739,24.00343831,24.01963066,2859000
6/16/2003,24.55937767,24.55937767,24.06279344,24.07358696,4405500
6/17/2003,24.22474098,24.51621357,24.15996747,24.51621357,5110500
6/18/2003,24.26790619,24.45142692,23.99802289,23.99802289,3318200
6/19/2003,24.07900047,24.44064329,24.00343344,24.17075985,2680300
6/20/2003,23.98183823,24.23013045,23.84149771,24.1275755,5135800
6/23/2003,23.84150696,23.99264312,23.63639698,23.92247283,3003900
6/24/2003,23.71736145,23.81451968,23.56083058,23.75514498,3593700
6/25/2003,23.50684357,23.9764401,23.43667331,23.57161501,3637200
6/26/2003,23.8360939,23.8360939,23.26394054,23.37189428,4083000
6/27/2003,23.66336823,24.04660202,23.64177707,23.99262619,4070200
6/30/2003,24.0196209,24.0196209,23.45826297,23.60939906,5522200
7/1/2003,23.96025467,24.06820847,23.62020091,23.88468763,4058300
7/2/2003,23.99803925,24.11678864,23.83610956,24.0898007,3755600
7/3/2003,23.76593781,24.05201568,23.62559931,23.91167513,2122900
7/7/2003,23.94946098,24.10599391,23.83071364,23.99264333,3254100
7/8/2003,24.35428238,24.42445265,23.9494572,23.9494572,4786400
7/9/2003,24.0466156,24.4082605,23.87928918,24.23553526,4049700
7/10/2003,25.34205246,25.36364363,24.28950676,24.34348261,12814300
7/11/2003,25.59575272,25.70910536,25.20172301,25.35825595,6332300
7/14/2003,25.40683174,25.67131847,25.34206028,25.58495583,4479900
7/15/2003,25.63352394,25.6389207,25.28267473,25.42301318,4412700
7/16/2003,25.77387238,25.81705472,25.3852395,25.39603509,6520700
7/17/2003,25.25030327,25.89802417,25.1855318,25.80086594,5744600
7/18/2003,25.54175949,25.59573534,25.26647939,25.53636273,4450400
7/21/2003,25.40143776,25.55796864,25.31507511,25.52018511,3777500
7/22/2003,25.39602661,25.50937714,25.0505762,25.40142543,4139500
7/23/2003,25.37443733,25.51477786,25.2125077,25.36904057,2967600
7/24/2003,25.1909256,25.68211556,25.13694972,25.37444647,3818800
7/25/2003,25.43922234,25.46081145,24.84547733,25.04519263,3815900
7/28/2003,25.03437996,25.45000056,24.93722179,25.28806891,4209200
7/29/2003,24.82927132,25.19631288,24.66194288,25.07756354,4123900
7/30/2003,25.0181942,25.56875667,24.82927661,25.09916005,4884700
7/31/2003,24.86705589,25.33125566,24.72131861,25.08296343,4632000
8/1/2003,24.47842598,24.81847967,24.42445012,24.55939183,4838300
8/4/2003,24.32189751,24.45144041,24.0196273,24.34348662,4399700
8/5/2003,24.09519196,24.54319943,24.01962493,24.43524565,3333600
8/6/2003,24.15995598,24.28950089,23.93865172,24.09518455,3902100
8/7/2003,24.28411674,24.28411674,23.96565415,24.01963003,3559200
8/8/2003,24.53779602,24.7213168,24.20853797,24.20853797,3380200
8/11/2003,24.40285492,24.61336363,24.27331205,24.47302518,3014700
8/12/2003,24.61337471,24.64036471,24.27871974,24.47843296,3070000
8/13/2003,24.27331352,24.72131889,24.20854002,24.66734304,2994000
8/14/2003,24.28950882,24.35428027,23.98184187,24.0574089,3548200
8/15/2003,24.41905975,24.41905975,24.15996978,24.28951477,1847200
8/18/2003,24.45144272,24.45144272,24.13837895,24.31650098,2609200
8/19/2003,24.12757874,24.45143802,24.00882937,24.45143802,3966100
8/20/2003,23.85769463,24.14377039,23.81451229,24.10598688,3219500
8/21/2003,23.76052666,23.97103531,23.59319827,23.92245623,4837900
8/22/2003,23.49064827,23.84149541,23.45286476,23.75513281,3601700
8/25/2003,23.59320641,23.60400199,23.39889003,23.39889003,2932600
8/26/2003,23.78751183,23.84688648,23.39887925,23.56620762,3098600
8/27/2003,23.76593781,23.92786954,23.69576959,23.78752898,2345000
8/28/2003,24.16536713,24.19235506,23.63099693,23.8792913,3028900
8/29/2003,24.04120445,24.27870101,23.7875135,23.97103422,2926800
9/2/2003,24.25711823,24.32728848,23.88467989,23.93325898,3150300
9/3/2003,24.26790619,24.45142692,24.05200078,24.12756778,4060100
9/4/2003,24.16536713,24.28411652,24.06820891,24.15457154,3728600
9/5/2003,23.92785835,24.2193308,23.8037102,24.0196177,3346500
9/8/2003,24.19775581,24.2409361,23.80912291,23.90628114,2746600
9/9/2003,24.0466156,24.32189788,24.03042325,24.19775174,2758200
9/10/2003,24.22536659,24.34454185,24.05201888,24.05201888,3265700
9/11/2003,24.22536659,24.36621083,24.16035965,24.16035965,2705800
9/12/2003,24.47456551,24.5341542,24.19287482,24.2362128,3114900
9/15/2003,24.45831108,24.54498497,24.21995635,24.50706527,2765000
9/16/2003,24.82667542,24.85376062,24.32829903,24.36080251,3960300
9/17/2003,24.58290863,24.81042684,24.57207413,24.81042684,2536900
9/18/2003,24.76708603,24.78875295,24.60457069,24.64790867,3139300
9/19/2003,24.78876495,24.83751916,24.66417132,24.76709802,3678900
9/22/2003,24.53956985,24.75625563,24.40956004,24.65332896,3740700
9/23/2003,24.75084496,24.75626324,24.34997884,24.44748726,2999300
9/24/2003,24.53415298,24.84834508,24.46914601,24.78334017,3448800
9/25/2003,24.65333366,24.81584906,24.50165483,24.53415833,3772100
9/26/2003,24.71834564,24.81585407,24.528745,24.75626536,3376700
9/29/2003,25.03794289,25.20045616,24.47997782,24.85376062,3908800
9/30/2003,24.82667542,25.05419359,24.69124734,24.92960001,4211000
10/1/2003,25.28712273,25.29253894,25.02168287,25.11919122,4200000
10/2/2003,25.41173935,25.49299707,25.13546682,25.13546682,3402000
10/3/2003,25.56881714,25.89926192,25.4117201,25.69882691,5037000
10/6/2003,25.7313385,25.8288469,25.5959104,25.7313385,2942400
10/7/2003,25.67716789,26.47890197,25.368392,26.05636491,7292200
10/8/2003,25.89384842,25.94260261,25.70966615,25.73133514,5087400
10/9/2003,25.99136353,26.26221975,25.79093049,25.89385512,5169300
10/10/2003,26.00219727,26.06178596,25.83968395,26.00219727,2749400
10/13/2003,26.18096352,26.26763742,26.00219742,26.08345511,2429800
10/14/2003,26.26762772,26.27304393,26.0563582,26.18095384,2986600
10/15/2003,25.95343971,26.2622156,25.82342783,26.20804519,4348400
10/16/2003,26.01302719,26.04553068,25.79634143,25.90468431,3204100
10/17/2003,25.93720055,26.09971392,25.78551961,26.09971392,2993600
10/20/2003,26.0834465,26.0834465,25.92093117,25.93718394,2759700
10/21/2003,25.93176651,26.15386846,25.91009959,26.05636009,3011100
10/22/2003,25.85051537,25.96969068,25.65549858,25.83968087,2443300
10/23/2003,26.01302719,26.01302719,25.66091334,25.8125942,2476600
10/24/2003,25.99136353,25.99136353,25.7096728,25.92094033,2737500
10/27/2003,25.76925278,26.00218922,25.71508238,25.99677301,3202200
10/28/2003,26.27304268,26.27304268,25.68257628,25.86675851,4687300
10/29/2003,26.07262421,26.32181147,25.9209433,26.28389176,2922200
10/30/2003,26.00761414,26.08345562,25.650084,26.06720284,3520100
10/31/2003,25.90468788,26.13220817,25.65008238,26.12137368,4633900
11/3/2003,25.90468788,26.01844699,25.78551049,25.89927167,2836800
11/4/2003,25.86676407,25.95343796,25.80175917,25.90468377,2630200
11/5/2003,25.66633606,25.89385429,25.33047286,25.75842618,4366500
11/6/2003,25.98594284,25.99677734,25.29254961,25.48756639,3731600
11/7/2003,25.72592163,25.96969055,25.60132597,25.95885605,3568600
11/10/2003,25.68257332,25.73674371,25.51464181,25.65006985,2184900
11/11/2003,25.96426964,25.98593863,25.61757411,25.62299032,3072800
11/12/2003,26.03470039,26.12679052,25.8450998,25.94802649,3216700
11/13/2003,25.7313385,25.97510949,25.5959104,25.91010458,3721900
11/14/2003,25.63924599,25.86676418,25.46047992,25.73133609,2815800
11/17/2003,25.8234272,25.94802286,25.4063105,25.63924698,2874500
11/18/2003,25.56881714,26.0021865,25.56881714,25.92092884,2679600
11/19/2003,25.96968079,25.99676805,25.56881494,25.67715778,3545500
11/20/2003,25.60675621,25.96970268,25.57425271,25.96970268,3275600
11/21/2003,25.73675537,25.79634407,25.59591106,25.75842436,2397100
11/24/2003,26.00219727,26.13220916,25.62299814,25.74217554,3685300
11/25/2003,25.86676407,26.00219215,25.75842119,25.89384927,4542800
11/26/2003,25.9805336,26.13221452,25.6230034,26.0022026,4333300
11/28/2003,26.0671978,26.11053578,25.89385001,25.9642732,1512600
12/1/2003,26.38680649,26.47348038,25.94802083,26.00760745,4545700
12/2/2003,26.07802582,26.24595735,25.94801604,26.04552441,4493300
12/3/2003,25.83967972,26.14845559,25.81259451,26.12137039,5457500
12/4/2003,26.0834465,26.18095488,25.79092138,25.83967557,3534200
12/5/2003,26.27304268,26.27304268,26.08344423,26.08886044,3968700
12/8/2003,26.1430378,26.40306155,26.04553147,26.32722008,5731700
12/9/2003,25.67716789,25.99677828,25.64466441,25.97510929,5686300
12/10/2003,25.49235153,25.73694599,25.41081866,25.68259213,4684200
12/11/2003,25.48149681,25.63912394,25.34017336,25.54128734,4222900
12/12/2003,25.48149681,25.6010758,25.32930216,25.46518898,3713700
12/15/2003,25.74782372,25.86197017,25.51409831,25.60106576,4347800
12/16/2003,25.76413536,25.9163279,25.64455433,25.74239298,4703900
12/17/2003,25.62823868,25.78586571,25.557577,25.65541561,4057700
12/18/2003,25.62281227,25.75869906,25.42170041,25.74782787,4090200
12/19/2003,25.63910866,25.73151272,25.50322192,25.62823954,5093100
12/22/2003,25.54128075,25.67716753,25.36734376,25.53040955,4012700
12/23/2003,25.26407623,25.573898,25.17167419,25.35648034,5374200
12/24/2003,25.10644531,25.24776875,25.06296261,25.14993009,2039300
12/26/2003,25.25862503,25.29667315,25.16622098,25.19339791,969300
12/29/2003,25.41627312,25.43801551,25.11188793,25.25864596,4438300
12/30/2003,25.34017372,25.3836585,25.16623876,25.23146385,3651700
12/31/2003,25.34017372,25.52497988,25.26407743,25.34017372,3761900
1/2/2004,25.25319672,25.65542247,25.13905233,25.51409906,3820700
1/5/2004,25.68260193,25.74239244,25.41626292,25.48149007,5259200
1/6/2004,25.84565926,26.09569038,25.70977251,25.73694944,6303300
1/7/2004,25.51409721,25.84566124,25.37821045,25.8184843,7057900
1/8/2004,25.00860596,25.51410502,24.88359035,25.38365486,8175200
1/9/2004,24.87815666,25.12818789,24.67704477,24.87272003,7580400
1/12/2004,24.91076088,25.10100151,24.86727612,25.03033981,4150200
1/13/2004,24.8074894,24.97598974,24.65529687,24.88358566,4667100
1/14/2004,24.86183929,24.88901623,24.73138711,24.79117761,3145000
1/15/2004,24.73138809,24.99772703,24.69333997,24.97598465,4323700
1/16/2004,24.67160988,24.82923908,24.62269054,24.73683497,4807100
1/20/2004,25.0303421,25.1010038,24.73139163,24.73139163,5802300
1/21/2004,25.10644531,25.13362433,24.89446223,25.00317209,4534600
1/22/2004,25.29669571,25.34017842,25.06297017,25.13906647,4786000
1/23/2004,25.30211639,25.39452048,25.05751979,25.27493945,5999600
1/26/2004,25.43256187,25.49235237,25.07382098,25.07382098,4632500
1/27/2004,25.24775505,25.56301119,25.22601268,25.56301119,5156700
1/28/2004,25.13904762,25.76412747,25.07382257,25.76412747,3729500
1/29/2004,25.55758667,25.62281175,25.2042802,25.35103818,5383900
1/30/2004,25.68802834,25.76412665,25.43799723,25.51953011,6227000
2/2/2004,26.05764771,26.18266329,25.5847623,25.81848772,6653600
2/3/2004,25.90001488,26.19896531,25.90001488,26.16091718,4125500
2/4/2004,25.87283897,26.18266063,25.73695221,25.73695221,4308700
2/5/2004,26.38920975,26.4435657,25.69347016,26.33485587,9560400
2/6/2004,27.29150009,27.49261402,26.5794547,26.63380858,11958200
2/9/2004,27.14473915,27.2914971,27.02516021,27.17735272,6028000
2/10/2004,27.60676003,27.85679121,27.24801899,27.29693832,6834000
2/11/2004,27.77526283,27.8296188,27.39478143,27.44913532,5512900
2/12/2004,27.67742157,27.71003515,27.53066566,27.58501954,3112100
2/13/2004,27.46000671,27.57415114,27.19910429,27.53066844,4879400
2/17/2004,27.72089195,27.78068244,27.41650494,27.49260325,4044700
2/18/2004,27.86766815,27.98724921,27.59045789,27.61220028,4900300
2/19/2004,27.90027237,28.17204591,27.80243373,28.01985132,4083000
2/20/2004,28.12855911,28.16660724,27.93831848,27.99267235,4818700
2/23/2004,28.31336403,28.32423522,27.98180002,28.01984814,6017300
2/24/2004,28.31880188,28.49273678,28.10681885,28.21009412,6634700
2/25/2004,28.31880188,28.37859239,28.15030361,28.1611748,3926500
2/26/2004,28.12312317,28.25357329,28.09594416,28.1829116,3928900
2/27/2004,28.21010017,28.34055034,27.95463233,28.19922898,4176900
3/1/2004,28.35141563,28.44381972,28.16117499,28.21552886,2918600
3/2/2004,28.42752457,28.53623445,28.18292786,28.18292786,4276500
3/3/2004,28.49818039,28.52535734,28.23727798,28.42751867,3180200
3/4/2004,28.42208672,28.45469822,28.3296826,28.37316738,2504500
3/5/2004,28.38404274,28.50362174,28.23184807,28.42752545,5184600
3/8/2004,28.41663361,28.50903766,28.26987568,28.32423162,2729000
3/9/2004,28.6721096,28.72102893,28.26988384,28.29162622,4083500
3/10/2004,28.48130226,28.89565412,28.37226164,28.67212179,5141600
3/11/2004,28.18688774,28.61759696,28.12691531,28.40496686,5393400
3/12/2004,28.10509872,28.11600299,27.55444687,28.02331986,4719300
3/15/2004,27.99606895,28.22505444,27.93064542,27.99606895,4683300
3/16/2004,27.91429329,28.07785318,27.59807569,27.94155292,4000200
3/17/2004,28.03422737,28.13236369,27.85976326,27.96335276,3407900
3/18/2004,28.03422737,28.20324039,27.85431217,28.03422737,3309400
3/19/2004,27.76708603,27.95790554,27.7398264,27.8597692,3513000
3/22/2004,27.69075394,27.777986,27.41270032,27.54354945,4109300
3/23/2004,27.78343391,27.8924745,27.67439333,27.80524245,5507800
3/24/2004,27.69075394,27.94154585,27.56535798,27.79434136,3520500
3/25/2004,27.92517853,27.9687935,27.59260579,27.80523372,3488500
3/26/2004,27.83794594,27.94153331,27.77252036,27.80523315,2929400
3/29/2004,28.46492767,28.46492767,28.09964421,28.21413585,4269900
3/30/2004,29.04830551,29.44085086,28.97197771,28.99378625,9084200
3/31/2004,29.35905838,29.43538823,28.92289821,29.03193878,4994900
4/1/2004,29.52262306,29.64256582,29.27182912,29.28273339,4338500
4/2/2004,29.35905838,29.71343969,29.33725193,29.5771395,5167300
4/5/2004,29.70253754,29.70253754,29.23366454,29.33725402,4730500
4/6/2004,29.82792854,29.88790095,29.54987711,29.60439635,4687100
4/7/2004,29.89880371,29.96968038,29.79521634,29.85518666,4253300
4/8/2004,29.84428596,29.98603723,29.65346448,29.97513296,4320400
4/12/2004,29.99149513,30.04601646,29.80612678,29.82248422,5431200
4/13/2004,29.84973335,30.09507404,29.74614599,29.97512924,4772600
4/14/2004,29.93697929,29.93697929,29.59895534,29.60440643,4624900
4/15/2004,29.8824501,30.24773356,29.71343714,29.93696934,5137700
4/16/2004,29.87155151,30.12234338,29.80067483,30.04056243,5275600
4/19/2004,30.02420044,30.11688563,29.77885972,29.82247678,4176600
4/20/2004,29.55534363,30.01876569,29.54989253,29.95879325,4543500
4/21/2004,29.80612946,29.92607431,29.35906493,29.44084588,4163300
4/22/2004,29.92607498,29.98604741,29.5989553,29.60440639,3810000
4/23/2004,29.95878029,30.116889,29.79522049,29.93152067,3699000
4/26/2004,29.81703949,30.0405718,29.76252023,29.98605253,3030200
4/27/2004,29.78977776,30.11689955,29.71890105,29.8442991,3717000
4/28/2004,29.38087463,29.76796675,29.38087463,29.76796675,3746900
4/29/2004,29.5008316,29.81159606,29.22277788,29.2500396,3948200
4/30/2004,29.70799446,30.06237376,29.56078999,29.6589263,4076700
5/3/2004,29.91516495,29.95332883,29.66982419,29.84974144,3662400
5/4/2004,29.65348053,29.91517675,29.50627602,29.87701285,4087800
5/5/2004,29.72435379,29.90972218,29.58260039,29.60440892,3077500
5/6/2004,29.90426064,29.98059049,29.7134412,29.7134412,2629000
5/7/2004,29.63711929,30.00240287,29.5989554,29.74070671,3804300
5/10/2004,29.33180428,29.84974548,29.09736775,29.60440469,4195400
5/11/2004,29.32090569,29.44085056,28.86293682,29.14099046,3632500
5/12/2004,29.24456024,29.28272412,28.79204482,29.1954921,3482500
5/13/2004,28.97742653,29.168246,28.69392183,29.00468616,3956200
5/14/2004,29.30454826,29.38632923,28.89564759,28.95016685,3286400
5/17/2004,29.17914772,29.32635219,28.8411238,29.01558789,3628200
5/18/2004,29.03193665,29.31544125,29.00467703,29.13552403,3061200
5/19/2004,28.84113312,29.07556971,28.80296921,29.03195263,3594700
5/20/2004,29.33180428,29.4244895,28.70482457,28.70482457,3876300
5/21/2004,29.14643669,29.48446271,29.01558965,29.44084565,3427400
5/24/2004,29.12462616,29.42993936,28.98287486,29.30454342,2869800
5/25/2004,29.34270859,29.4408449,28.89564407,29.01558892,3413600
5/26/2004,29.05920219,29.41358355,28.75389108,29.36996648,4963000
5/27/2004,29.18459702,29.30454185,28.89564127,29.1518863,4076300
5/28/2004,29.09736443,29.27728168,29.05374945,29.19550073,3016900
6/1/2004,29.14643669,29.16279413,28.86838518,28.92290443,3321600
6/2/2004,29.58260918,29.68074554,29.05921665,29.10283373,3940000
6/3/2004,29.42448997,29.71344575,29.42448997,29.46810496,6536800
6/4/2004,29.62621117,29.81157952,29.38087039,29.42448746,3013500
6/7/2004,29.80612946,29.8224869,29.61530999,29.63166535,2915300
6/8/2004,29.95878029,29.97513564,29.69708419,29.71343955,3505100
6/9/2004,29.89307594,30.0354251,29.80547727,29.95877652,3665500
6/10/2004,30.08470154,30.12302583,29.83832959,29.88212998,3043000
6/14/2004,29.92593384,30.09018114,29.83833514,29.94783403,2537100
6/15/2004,30.2106266,30.2215767,29.92593034,30.04637932,3933100
6/16/2004,30.2325325,30.29823101,30.0792332,30.24895661,2114600
6/17/2004,30.07922363,30.2051466,30.04089934,30.05732553,2099000
6/18/2004,30.1120739,30.22157277,29.98067484,30.01352513,3058300
6/21/2004,30.0573349,30.23253231,30.0025844,30.07923301,1678500
6/22/2004,30.41319656,30.50079525,29.89855456,29.90402856,3115600
6/23/2004,30.38035583,30.43510424,30.14493392,30.35845564,2873400
6/24/2004,30.18325806,30.30370497,30.12303356,30.25990666,2405100
6/25/2004,29.56459236,30.30370634,29.56459236,30.11208481,4891900
6/28/2004,29.65767097,29.83287052,29.51532383,29.57007225,4406300
6/29/2004,29.40034485,29.67409107,29.27442184,29.60291647,4261600
6/30/2004,29.49888992,29.55363833,29.24156784,29.48246373,3750100
7/1/2004,29.31821632,29.7507358,29.23609372,29.54816421,3998400
7/2/2004,29.14849472,29.37296651,28.96234723,29.20871713,2703400
7/6/2004,29.29084969,29.45509702,28.95140491,28.98972922,4661600
7/7/2004,29.21419525,29.32916816,29.08827225,29.13754665,3708300
7/8/2004,29.1156559,29.42772651,29.08280559,29.09923179,3617700
7/9/2004,29.04445839,29.14300714,28.86378706,29.12658305,3288700
7/12/2004,29.05541039,29.13205896,28.7597641,28.98971191,3569200
7/13/2004,29.1156559,29.126606,28.85285971,28.97330666,2350500
7/14/2004,29.24156761,29.4934136,29.06089621,29.11564462,3337900
7/15/2004,28.42580223,29.09374358,28.29987924,28.8856959,7261000
7/16/2004,28.63386536,28.67766577,28.35464502,28.63386536,4977000
7/19/2004,28.54624557,28.66121845,28.48054709,28.63384425,2864600
7/20/2004,28.28346252,28.44223585,28.19586381,28.37106124,3597200
7/21/2004,27.98781586,28.33821072,27.94949155,28.2013376,4253200
7/22/2004,27.66479683,27.91664498,27.57719811,27.89474478,4009400
7/23/2004,27.8509407,27.99876392,27.02970202,27.53887017,7273700
7/26/2004,28.22322083,28.2834453,27.85092598,27.85092598,5008400
7/27/2004,27.92211151,28.3163067,27.83998682,28.25060611,4347900
7/28/2004,28.02613258,28.11920737,27.59361522,27.91663578,3461600
7/29/2004,27.31987381,28.02613748,27.29249752,28.02613748,4948800
7/30/2004,27.37462425,27.40199846,27.10087801,27.34725005,4124800
8/2/2004,27.96591377,28.01518609,27.24869795,27.24869795,4834000
8/3/2004,28.0316124,28.1411113,27.92211349,27.92211349,3400900
8/4/2004,28.44768333,28.60645651,27.80711871,27.83996689,4747400
8/5/2004,28.20133781,28.43675976,28.10826509,28.41486164,3560900
8/6/2004,27.83997536,28.29439485,27.81807726,28.19584609,5290800
8/9/2004,27.81261635,27.92211526,27.68121933,27.75786794,2834100
8/10/2004,27.97139359,27.97686759,27.59362449,27.79619614,2937400
8/11/2004,28.34367943,28.36010353,27.88378577,27.94948426,3978400
8/12/2004,27.99328041,28.27797664,27.81260696,28.14110357,3447400
8/13/2004,27.86189461,27.98781764,27.68669716,27.90021892,2632600
8/16/2004,27.85642242,27.86737253,27.38010239,27.86737253,3745400
8/17/2004,27.54981995,27.83451627,27.37462253,27.76881776,3868800
8/18/2004,27.52244186,27.60456447,27.34724447,27.52791587,3864500
8/19/2004,27.47317696,27.53887548,27.37462813,27.40747843,3069100
8/20/2004,27.36913872,27.59361046,27.22131556,27.51148578,4345000
8/23/2004,27.30891609,27.44031307,27.24869161,27.34724039,3096700
8/24/2004,27.0296936,27.39103843,26.89282053,27.30891584,4428400
8/25/2004,26.82712746,27.03517515,26.50410686,27.02969906,6299300
8/26/2004,27.05158997,27.2486875,26.91471691,26.94209111,4359900
8/27/2004,26.97494507,27.11729214,26.93114468,27.08444394,3202100
8/30/2004,27.0296936,27.21584106,26.90924672,26.93662092,2585400
8/31/2004,27.37462425,27.38557435,27.0187533,27.0187533,3724800
9/1/2004,27.23228455,27.44580634,27.05708498,27.40748202,2952300
9/2/2004,27.71406174,27.76881222,27.53886435,27.64836324,3695100
9/3/2004,27.83451653,27.96591563,27.67574321,27.78524212,2350600
9/7/2004,27.94949532,28.03162004,27.70312324,27.70312324,2893400
9/8/2004,27.33351326,27.93298073,27.30601518,27.93298073,6779700
9/9/2004,27.66350555,27.84499676,27.58101127,27.60850936,3813300
9/10/2004,27.68000412,27.72949943,27.4545143,27.58100931,3164900
9/13/2004,27.87249184,27.88349149,27.62500481,27.68000309,2840000
9/14/2004,27.78998375,28.08696806,27.71848916,27.87248009,3729400
9/15/2004,27.22352982,27.47101687,27.08053846,27.44351877,7981100
9/16/2004,26.93204498,27.26752719,26.83854895,27.25102665,5434900
9/17/2004,27.33351326,27.41600751,26.98153275,27.04752857,5517700
9/20/2004,27.03652763,27.38850813,27.03102886,27.33351196,3865400
9/21/2004,26.9155426,27.06403482,26.85504764,27.03653673,4475600
9/22/2004,26.7780571,26.98154765,26.68456314,26.7780571,4163300
9/23/2004,26.68455315,26.86604221,26.58005957,26.72854967,3510500
9/24/2004,26.57455635,26.76154628,26.47556156,26.64605305,4296100
9/27/2004,26.41506577,26.6020557,26.05208555,26.05208555,3937000
9/28/2004,26.45356178,26.72854684,26.45356178,26.67355067,4903800
9/29/2004,26.45356178,26.47556109,26.13458021,26.45356178,5955600
9/30/2004,26.75606155,27.27853177,26.69556447,27.03104676,10734700
10/1/2004,27.54249954,27.58649605,27.03652603,27.16851976,6746900
10/4/2004,27.35552597,27.86699646,27.2675308,27.74600441,5176400
10/5/2004,27.14101791,27.7129872,27.11351983,27.58099558,6023500
10/6/2004,27.11352539,27.29501653,27.03103113,27.22351983,5409100
10/7/2004,26.95404053,27.13003293,26.84954694,26.89904434,3374800
10/8/2004,26.83854866,27.07503604,26.78905125,26.93754348,2805100
10/11/2004,26.80005646,26.93754905,26.6790623,26.81105612,1562600
10/12/2004,26.55806923,26.81655387,26.55256835,26.75605889,3376300
10/13/2004,26.42607117,26.67905699,26.20608432,26.60206149,3804000
10/14/2004,26.31608009,26.55806839,26.29408287,26.30508253,2584200
10/15/2004,26.56357193,26.657068,26.39858122,26.47557674,4035200
10/18/2004,26.94305611,27.4380283,26.81106226,27.28953602,3975200
10/19/2004,27.05853081,27.26752004,26.98153532,27.03103272,4673800
10/20/2004,26.85504341,27.16852623,26.70105034,27.06403056,3450200
10/21/2004,26.87153435,26.99802719,26.59104847,26.76703871,3409200
10/22/2004,26.66254616,27.07502367,26.64054685,26.94853082,2378500
10/25/2004,26.52505684,26.60755319,26.39856397,26.50855841,2998100
10/26/2004,26.64605331,26.66255175,26.34906894,26.51956044,4663900
10/27/2004,27.30601883,27.3390157,26.4810636,26.61855614,4672500
10/28/2004,27.24551964,27.4710073,27.13002642,27.16302328,3716400
10/29/2004,27.26751709,27.39950873,27.10802527,27.1245237,3973900
11/1/2004,27.11352539,27.43800783,26.98703252,27.22351983,2846500
11/2/2004,27.30053329,27.64151439,26.62406988,26.62406988,3439800
11/3/2004,27.57551003,27.80649864,27.44351833,27.49851452,3374300
11/4/2004,28.16397095,28.18597026,27.42151208,27.60850202,4903100
11/5/2004,28.15846252,28.4114482,28.10346427,28.1859606,4148300
11/8/2004,27.97697067,28.17496019,27.85047784,28.04846735,3447100
11/9/2004,28.05948067,28.12547651,27.89449002,27.99348483,2944900
11/10/2004,28.22447205,28.39496357,27.9329885,28.0594814,3810900
11/11/2004,28.34544373,28.41143951,27.96596322,27.99346339,4714100
11/12/2004,28.71943855,28.86793073,28.19696655,28.37295681,3929000
11/15/2004,28.55994987,28.75243859,28.44445665,28.47745351,3277500
11/16/2004,28.18597221,28.5874502,28.04847967,28.44445887,4346200
11/17/2004,28.20797157,28.51045476,27.8779882,28.43345927,3759000
11/18/2004,28.174963,28.37845131,28.12546561,28.37845131,3162300
11/19/2004,27.96598625,28.36746638,27.93298938,28.29596966,3148900
11/22/2004,28.1694622,28.31245347,28.03196971,28.07596622,3155000
11/23/2004,28.24647331,28.29597072,27.92748955,28.10347987,3782600
11/24/2004,28.18597221,28.37846094,28.13097603,28.27946614,2444900
11/26/2004,28.19697952,28.35097055,28.09248591,28.19147864,772100
11/29/2004,27.74599457,28.18047149,27.55900463,28.11447356,4362500
11/30/2004,27.44901848,27.57001262,27.39952107,27.51501433,5908400
12/1/2004,27.9494915,27.97149082,27.49851601,27.50401479,3118600
12/2/2004,28.29596519,28.46095582,27.81749174,27.8284893,3323800
12/3/2004,28.09799004,28.58746339,28.02649329,28.39497458,3216300
12/6/2004,27.92199707,28.03199157,27.77350481,27.96599361,2435500
12/7/2004,27.76800346,28.13098381,27.69650673,27.86149741,3098500
12/8/2004,28.22655678,28.37020245,27.90611335,28.03871114,4365200
12/9/2004,28.50279999,28.58567387,28.09395874,28.09395874,3649300
12/10/2004,28.29837799,28.56357143,28.0773824,28.53594751,2990900
12/13/2004,28.56909752,28.57462357,28.12710841,28.38125189,2716900
12/14/2004,28.60223961,28.867433,28.3978201,28.45306793,4001300
12/15/2004,29.13816071,29.22655853,28.54699777,28.67407161,5158900
12/16/2004,28.90610886,29.28180004,28.77903715,28.97793273,4422300
12/17/2004,28.73483849,29.22655352,28.72931454,28.75693846,6272900
12/20/2004,28.57462883,28.95032017,28.56357884,28.79562237,3051500
12/21/2004,28.78456879,28.83981875,28.39782961,28.50832532,3078200
12/22/2004,28.82323456,28.89505843,28.62986503,28.76246278,3595000
12/23/2004,28.69617271,28.95584227,28.6464488,28.87849443,1954500
12/27/2004,28.72379875,28.91164441,28.61330094,28.69064877,1877900
12/28/2004,29.00003052,29.00003052,28.69063718,28.76798499,2207500
12/29/2004,28.86744118,28.97793898,28.73484339,28.85639119,2340500
12/30/2004,28.86744118,29.11606071,28.77904336,28.86744118,1650500
12/31/2004,28.8398304,29.07740005,28.80668041,28.88402828,1742100
1/3/2005,28.69617271,29.00556618,28.67407484,28.85639444,3513100
1/4/2005,28.49175072,28.98346375,28.36467898,28.90611591,3295400
1/5/2005,28.52490425,28.81219774,28.50280427,28.56357817,3450900
1/6/2005,28.72932625,28.83429803,28.39230881,28.52490663,2961200
1/7/2005,28.97794914,29.13264486,28.72932952,28.78457739,3734800
1/10/2005,29.70170212,29.82877599,28.92269548,28.96689546,6645100
1/11/2005,29.54149628,29.72381599,29.38127446,29.55807022,4540400
1/12/2005,29.61882401,29.64092399,29.28180665,29.41992838,3587400
1/13/2005,29.23760796,29.59672531,29.02213839,29.53042747,3662600
1/14/2005,29.18789673,29.29286853,29.07187283,29.23761855,2718000
1/18/2005,29.55253601,29.62435782,28.96137287,28.98899891,4336700
1/19/2005,29.8508625,30.06633203,29.55804516,29.58566908,4078600
1/20/2005,29.5856781,29.95584548,29.43098242,29.83429767,4214900
1/21/2005,29.59673691,29.81220656,29.5028151,29.59121296,3987600
1/24/2005,29.45308876,29.67408234,29.29839094,29.61330842,3594600
1/25/2005,29.49728584,29.70170548,29.43651192,29.58568369,2933800
1/26/2005,29.50832939,29.79562287,29.44755549,29.55252936,3574600
1/27/2005,29.53594398,29.59671787,29.39229834,29.44754618,2624500
1/28/2005,29.40335655,29.50832832,29.05528918,29.42545443,3321500
1/31/2005,29.66854858,29.81772031,29.53595079,29.75142036,3877900
2/1/2005,29.76799011,29.85086187,29.34809895,29.53042061,3250400
2/2/2005,29.91165733,29.96690732,29.64093978,29.76248553,3843400
2/3/2005,30.01661491,30.23760841,29.92821498,29.97241495,4352300
2/4/2005,30.55804062,30.60776451,29.83428227,29.83428227,4580300
2/7/2005,30.22102547,30.38677107,30.00555597,30.38677107,3093400
2/8/2005,30.66303825,30.77906005,30.08845109,30.22104893,4746900
2/9/2005,30.38125801,30.66302543,30.24866022,30.66302543,2638400
2/10/2005,30.47518349,30.58568131,30.27076388,30.38678565,2225400
2/11/2005,30.44203758,30.69065719,30.25971794,30.38678972,2293100
2/14/2005,30.27629852,30.51939424,30.19895065,30.38679639,2411400
2/15/2005,30.18789482,30.30944266,30.00004912,30.17684483,3037800
2/16/2005,30.13263893,30.38678242,30.00556718,30.11053895,3189500
2/17/2005,29.68511581,30.18787872,29.5580441,30.18787872,4187500
2/18/2005,29.94479752,30.06081929,29.60778009,29.69617793,3599800
2/22/2005,29.38126373,29.96690081,29.34811375,29.96690081,4640200
2/23/2005,29.5193634,29.62986116,29.19892012,29.40334171,2913400
2/24/2005,29.64091873,29.64644267,29.28180146,29.33704929,3889500
2/25/2005,29.8177166,29.91163835,29.38125147,29.50279926,3210400
2/28/2005,29.7569561,29.9448018,29.57463434,29.82325396,3494800
3/1/2005,29.86743546,29.96688324,29.70168774,29.72378772,2856500
3/2/2005,29.83982277,29.93374666,29.61330318,29.73485099,2602900
3/3/2005,29.8508625,29.96688634,29.64091903,29.94478636,2151400
3/4/2005,29.81219673,29.94479453,29.70169891,29.88954457,3595300
3/7/2005,29.95033264,30.02768052,29.76801295,29.95585869,2462600
3/8/2005,29.74590302,30.00004655,29.66302911,29.95584869,2216400
3/9/2005,29.39079094,29.79028674,29.19658962,29.74589926,4775400
3/10/2005,29.49066353,29.64047312,29.3852393,29.39078905,2839200
3/11/2005,29.24098396,29.54615509,29.13001207,29.51841265,2863400
3/14/2005,29.2576313,29.4240881,29.1688542,29.18549925,3076500
3/15/2005,29.13556099,29.4018944,29.10781854,29.29647014,2725500
3/16/2005,28.93580055,29.10780491,28.71385685,29.01902785,3779800
3/17/2005,29.01904106,29.49067111,28.76935481,29.49067111,3826800
3/18/2005,29.19661331,29.25210036,28.96357408,29.06899629,6513400
3/21/2005,29.163311,29.35196264,29.02459663,29.10227634,2668500
3/22/2005,28.90805626,29.39633114,28.89696098,29.25206921,4486600
3/23/2005,28.85811996,29.03012645,28.8026351,28.85257232,4373700
3/24/2005,28.80819321,29.0634292,28.73051351,28.76935336,3207700
3/28/2005,29.04676437,29.17438335,28.8581129,28.8581129,3000100
3/29/2005,29.01349258,29.24653167,28.94690818,29.05788007,3802500
3/30/2005,29.60720253,29.6571398,29.04679516,29.04679516,4510700
3/31/2005,29.42407799,29.62937669,29.36304335,29.62937669,3825900
4/1/2005,29.27426529,29.57388869,29.13555099,29.57388869,3469400
4/4/2005,29.26317215,29.37969166,29.14110288,29.35194922,3430300
4/5/2005,29.40744019,29.46847483,29.2409834,29.29646829,2719400
4/6/2005,29.35195351,29.56834753,29.32975871,29.46292328,2619700
4/7/2005,29.6404686,29.69040583,29.36304002,29.36304002,2971400
4/8/2005,29.45181465,29.76808302,29.4462649,29.72924319,2268500
4/11/2005,29.46291351,29.65711478,29.42407368,29.47956067,2466600
4/12/2005,29.76255417,29.91791358,29.32421626,29.46848039,3201100
4/13/2005,29.75699615,30.01222999,29.72925371,29.80693339,3148000
4/14/2005,30.59482193,30.68914874,29.75698859,30.08435438,10346800
4/15/2005,30.42282677,30.75019054,30.38398481,30.51715149,6445500
4/18/2005,30.23417473,30.32849945,30.08436301,30.10100805,4944600
4/19/2005,30.23972321,30.34514533,30.06771668,30.25082061,4962200
4/20/2005,30.05105972,30.25635625,29.96228267,30.14538653,4042300
4/21/2005,30.35622597,30.35622597,30.0455074,30.21196408,3949100
4/22/2005,30.22308731,30.49496629,30.01224088,30.35070428,2951100
4/25/2005,30.59482193,30.63366176,30.24526134,30.37842799,4833300
4/26/2005,30.62812233,30.70580201,30.45611581,30.48940801,4975000
4/27/2005,30.65031433,30.76683384,30.51714766,30.51714766,4624500
4/28/2005,30.57264137,30.65587083,30.26747023,30.46167159,4340200
4/29/2005,30.87225342,30.90554561,30.44501313,30.57263003,5031900
5/2/2005,31.02207375,31.04981619,30.71135287,30.71135287,3254800
5/3/2005,31.02761078,31.17742246,30.87780121,30.87780121,4366400
5/4/2005,31.41601563,31.44930782,30.98322766,31.194074,5440900
5/5/2005,31.31615257,31.48261149,31.09421087,31.32170233,2844400
5/6/2005,31.09420586,31.5158965,31.0775587,31.18298295,3879000
5/9/2005,31.27729988,31.27729988,31.00542104,31.07755095,3035400
5/10/2005,31.27729988,31.45485402,31.09974575,31.12748818,4325800
5/11/2005,31.58804321,31.59359086,31.23848233,31.2773222,4653500
5/12/2005,31.4493103,31.62686446,31.41047046,31.54363502,3299700
5/13/2005,31.310606,31.55474252,31.21073149,31.33834845,3615200
5/16/2005,31.43821526,31.4992499,31.33279313,31.34943817,2277900
5/17/2005,31.23291779,31.32724251,31.06091126,31.24401519,3761700
5/18/2005,31.45485687,31.53808631,31.22181784,31.34943476,3078300
5/19/2005,31.64351845,31.68790806,31.40492958,31.44376944,2945800
5/20/2005,31.69345474,31.73784435,31.4992555,31.6990045,2989400
5/23/2005,31.48261833,31.68236527,31.4049365,31.64352541,3196500
5/24/2005,31.49925423,31.59357897,31.27176278,31.33834508,2674200
5/25/2005,31.62685776,31.66014995,31.36052658,31.40491405,2864400
5/26/2005,31.63241768,31.73784193,31.52699554,31.63241768,2364500
5/27/2005,31.40492249,31.53808917,31.29950036,31.51034673,2581500
5/31/2005,31.216259,31.45484772,31.216259,31.34942564,5173900
6/1/2005,31.52699852,31.62132538,31.13305026,31.15524506,2930700
6/2/2005,31.57137871,31.64905839,31.3882748,31.57137871,2171400
6/3/2005,31.07755661,31.52699179,30.97768424,31.52699179,4401300
6/6/2005,30.94438934,31.18297813,30.86670967,31.0775539,3097000
6/7/2005,31.0165329,31.18853736,30.97214329,31.0720178,4173500
6/8/2005,30.92733002,31.18375654,30.79354319,31.17260729,3648600
6/9/2005,30.93848419,31.02210257,30.74895105,30.84371868,2763500
6/10/2005,30.94962883,30.96635165,30.7377972,30.89388255,2049500
6/13/2005,30.97751427,31.0778555,30.77125824,30.92734365,3933000
6/14/2005,30.96634483,31.02209111,30.84928085,30.84928085,2941200
6/15/2005,31.10571671,31.11686596,30.84929016,30.93848209,3589300
6/16/2005,31.23950958,31.27295523,30.94405953,30.99423013,3133900
6/17/2005,31.08342552,31.62415295,31.07227839,31.60185443,5452000
6/20/2005,31.2172184,31.25623975,30.85487483,30.96079176,2464100
6/21/2005,31.14474297,31.21721209,30.99423115,31.07784954,2406000
6/22/2005,30.78238869,31.21162543,30.70434603,31.21162543,3868400
6/23/2005,30.58729362,30.79912531,30.4423575,30.71550692,3382000
6/24/2005,30.25281334,30.69319937,30.24723765,30.48136777,4751900
6/27/2005,30.25838852,30.29740985,29.96294067,30.16362303,3738300
6/28/2005,30.56498337,30.75451432,30.17476796,30.18591721,3027400
6/29/2005,30.34201241,30.65975883,30.30299106,30.63746031,3625900
6/30/2005,30.06328201,30.34200704,29.97966365,30.16919676,4037900
7/1/2005,29.82915688,29.90162599,29.46681555,29.54485823,6087500
7/5/2005,29.85147285,29.99641117,29.76228086,29.76785656,3360000
7/6/2005,29.3107338,29.74554429,29.29958454,29.7399686,5448100
7/7/2005,29.42221642,29.51698404,29.02642734,29.07659794,4411500
7/8/2005,29.84030914,29.94065035,29.34975449,29.37762657,3777000
7/11/2005,30.01868629,30.32528554,29.86817664,30.18592302,6911500
7/12/2005,30.43677139,30.76009344,30.32528309,30.60400811,7928600
7/13/2005,30.58729362,30.70993336,30.43678181,30.43678181,3346200
7/14/2005,30.9050312,31.07784149,30.71549809,30.81583928,5710300
7/15/2005,30.91060257,31.10013565,30.81583496,30.82141066,3916700
7/18/2005,30.45907402,30.89946012,30.45350045,30.84928953,3746300
7/19/2005,30.96077919,31.04997112,30.3475828,30.5203931,5380700
7/20/2005,30.43677139,30.70992285,30.04655807,30.65975226,7962100
7/21/2005,30.48137283,30.6597567,30.30856253,30.55384194,3877800
7/22/2005,30.56498337,30.61515182,30.24166136,30.26953343,3219800
7/25/2005,30.42004395,30.69876892,30.23051088,30.60400345,3550000
7/26/2005,30.36431313,30.60401688,30.33086535,30.43120655,3500300
7/27/2005,30.52038765,30.62630238,30.26953472,30.30855605,2830500
7/28/2005,30.62072563,30.75451243,30.52038447,30.5594058,2712100
7/29/2005,30.39774513,30.7489392,30.39217157,30.57612895,2516400
8/1/2005,30.44234467,30.64860057,30.07442775,30.07442775,3003100
8/2/2005,30.57057381,30.63189368,30.34759284,30.49253111,2950700
8/3/2005,30.48695564,30.5761476,30.34759307,30.40891294,2736000
8/4/2005,30.49251747,30.62073072,30.34757927,30.35315496,2770900
8/5/2005,30.31971931,30.45350831,30.15805823,30.33086857,2800900
8/8/2005,30.0465641,30.42563038,29.96294573,30.33086274,2600100
8/9/2005,30.24166679,30.33085872,29.99081383,30.04098443,2600200
8/10/2005,30.31413269,30.63187903,30.28626061,30.43119668,2990200
8/11/2005,30.49809074,30.50366644,30.21379216,30.26953632,2792000
8/12/2005,30.44234467,30.56498435,30.3420035,30.38659839,2727400
8/15/2005,30.63186646,30.70990909,30.33084306,30.36986437,2959200
8/16/2005,30.54269218,30.79354516,30.47579664,30.66532976,3155700
8/17/2005,30.50925064,30.61516542,30.32529317,30.42005869,4415900
8/18/2005,30.42562866,30.59843684,30.2918397,30.43677579,4033200
8/19/2005,30.62631226,30.69878137,30.44792837,30.57056809,2558500
8/22/2005,30.68763542,31.01095758,30.57614495,30.69878468,2773500
8/23/2005,30.60957527,30.8269804,30.58727676,30.68761792,3042000
8/24/2005,30.28068161,30.7154919,30.24166028,30.55940659,3474100
8/25/2005,30.38660812,30.60401548,30.2695441,30.5203971,3294600
8/26/2005,30.27512741,30.33644516,30.10231705,30.26397815,3838000
8/29/2005,30.55382729,30.65974199,30.07999363,30.07999363,2628100
8/30/2005,30.54826546,30.59843605,30.13575357,30.47579635,3863300
8/31/2005,30.57612419,30.63187045,30.06327134,30.47578305,4304400
9/1/2005,30.63186646,30.82697303,30.40888569,30.49250401,3829500
9/2/2005,30.46463966,30.80468234,30.43676547,30.63187422,2638500
9/6/2005,30.76568413,30.87717462,30.60402514,30.65419576,2526300
9/7/2005,31.05691147,31.11291947,30.76566516,30.80487119,3215600
9/8/2005,30.86648178,31.07371396,30.73205958,30.74886369,2822300
9/9/2005,30.93371201,31.06813429,30.75448372,30.86650193,2345900
9/12/2005,31.04571533,31.11292537,30.83288104,30.83288104,2520100
9/13/2005,31.06250381,31.23052992,30.73765364,31.01769785,3756200
9/14/2005,31.00089455,31.25293477,30.92808459,31.0232986,3012800
9/15/2005,31.19135094,31.34817729,31.00092062,31.06253074,3180900
9/16/2005,31.36496925,31.39297326,31.14653499,31.30896123,6248500
9/19/2005,31.04571533,31.25294754,30.91689519,31.21374151,3406000
9/20/2005,30.69286728,31.12973802,30.68726733,31.02331977,3516800
9/21/2005,30.25597382,30.50801401,30.24477179,30.41279787,3564400
9/22/2005,30.32880402,30.36240797,29.99274951,30.23918991,3694100
9/23/2005,30.53044128,30.64245948,30.25039687,30.30080495,3002400
9/26/2005,30.44081497,30.86088143,30.30079282,30.6480493,4301400
9/27/2005,30.86648178,31.0233059,30.51922746,30.55283141,4419800
9/28/2005,30.83848381,31.08492206,30.81607975,30.81607975,3801600
9/29/2005,31.64501762,31.94186401,31.28095904,31.5890096,12705400
9/30/2005,31.76262856,31.8914487,31.6394105,31.78503262,5536000
10/3/2005,31.65062332,31.91946788,31.56661127,31.76264153,3806200
10/4/2005,31.66180801,32.1210805,31.65060599,31.79062814,5313200
10/5/2005,32.06508255,32.2723148,31.70102399,31.74023003,6237800
10/6/2005,32.46273804,32.56915625,32.05387357,32.0650756,6354700
10/7/2005,32.18828201,32.55794028,31.92503977,32.54113618,3711100
10/10/2005,32.09308624,32.32832464,31.95306405,31.98667015,3740200
10/11/2005,31.99786568,32.249906,31.84664148,31.9306535,3470700
10/12/2005,32.3227272,32.35073122,31.8690566,31.88585858,4988100
10/13/2005,32.18828201,32.48512819,32.03705788,32.03705788,4237900
10/14/2005,32.21070099,32.38432926,32.02587282,32.06507886,3400200
10/17/2005,32.35071945,32.36752356,32.02026706,32.13228522,2972300
10/18/2005,32.66437149,32.85480173,32.18269489,32.18269489,5138800
10/19/2005,32.55793381,32.5859378,32.19387555,32.31709567,4654900
10/20/2005,32.30031967,32.82120242,32.24991373,32.56356209,4857200
10/21/2005,32.25551605,32.37873628,32.01467768,32.37873628,5434900
10/24/2005,32.46273804,32.47394007,32.17149168,32.27230781,3871400
10/25/2005,32.48514175,32.59155783,32.20509743,32.4627377,3517600
10/26/2005,32.23309708,32.56354942,32.22749713,32.32271116,3384200
10/27/2005,32.63637543,32.84920977,32.21630882,32.26111481,5044500
10/28/2005,32.95002365,33.01723371,32.65317515,32.65317515,3953100
10/31/2005,33.09003448,33.26366058,32.9220062,32.95561228,6672300
11/1/2005,32.79878998,33.17965041,32.77078384,33.0452282,4469600
11/2/2005,33.02843857,33.0508405,32.84921032,32.91081829,3915600
11/3/2005,33.07323837,33.15725254,32.93881828,33.02843239,2857600
11/4/2005,32.82120514,33.07884763,32.49635472,33.01163543,4325000
11/7/2005,32.79878998,32.92200802,32.6475658,32.75398186,3353500
11/8/2005,32.65317154,32.72038159,32.3283212,32.50194733,5130900
11/9/2005,32.65317154,32.82119773,32.52995348,32.62516753,3274300
11/10/2005,32.98363495,33.07324909,32.63638043,32.75399859,3640300
11/11/2005,32.87720871,33.05643693,32.77079048,33.05643693,1990800
11/14/2005,32.82120514,32.88281525,32.68678501,32.71478903,2872800
11/15/2005,32.87720871,32.97242277,32.73718653,32.76519054,4379100
11/16/2005,32.86599731,32.9556114,32.80998931,32.90520334,3629900
11/17/2005,32.61957932,32.8772197,32.45155093,32.86601767,4505100
11/18/2005,32.77639008,32.88840824,32.49074365,32.8604021,4379200
11/21/2005,32.7091713,32.83238932,32.62515716,32.63635919,3710400
11/22/2005,33.25244904,33.32526113,32.75957276,32.75957276,4974400
11/23/2005,33.38129807,33.47651429,33.14045966,33.16846582,2664900
11/25/2005,33.54930878,33.60531678,33.48769869,33.51570269,1233200
11/28/2005,33.39248657,33.65572894,33.3756846,33.58851889,3345600
11/29/2005,33.47650528,33.66133346,33.44850127,33.44850127,3907500
11/30/2005,33.15725327,33.65573189,33.12364717,33.55491575,4430800
12/1/2005,33.52690887,33.58851897,33.29167052,33.52130679,4360600
12/2/2005,33.54930878,33.63332079,33.29166639,33.40368454,2443800
12/5/2005,33.52690887,33.58851897,33.3868867,33.54931293,2987300
12/6/2005,33.44288254,33.79573888,33.44288254,33.54930072,3955800
12/7/2005,33.31351471,33.46540029,33.18975561,33.2741372,3047700
12/8/2005,33.22912598,33.48226856,33.09411803,33.38663596,3198600
12/9/2005,33.18975449,33.4260195,33.13912596,33.27976051,2590900
12/12/2005,33.36414337,33.61165942,33.27413734,33.35851679,2426900
12/13/2005,33.17287445,33.41476602,33.01536231,33.30225796,3492100
12/14/2005,33.33039093,33.62291107,33.17288091,33.17288091,3091300
12/15/2005,33.52727509,33.52727509,33.20100405,33.31351212,2730500
12/16/2005,33.65103531,33.89292691,33.61165781,33.63978429,6020900
12/19/2005,33.49351883,33.5610228,33.36413532,33.44289031,2735300
12/20/2005,33.28538895,33.69604378,33.24601144,33.53290716,3008600
12/21/2005,33.32475662,33.56664602,33.19537098,33.4260115,2764800
12/22/2005,33.31351471,33.49352677,33.16725357,33.38664313,2422700
12/23/2005,33.30788422,33.55540238,33.15037422,33.4710208,1444800
12/27/2005,33.29663086,33.5272714,33.15037189,33.20100041,2365500
12/28/2005,33.37540054,33.49915752,33.20101289,33.29664337,2305400
12/29/2005,33.49351883,33.49914327,33.3360067,33.47101679,3818400
12/30/2005,33.23475647,33.49352352,33.20100341,33.44289499,2162100
1/3/2006,33.61727524,33.70728125,33.15036974,33.70728125,4424100
1/4/2006,33.60041046,33.73542059,33.38664532,33.4991534,3380500
1/5/2006,33.40351105,33.68478008,33.29662744,33.53289455,3054100
1/6/2006,33.52727509,33.60603223,33.32476314,33.52727509,3051600
1/9/2006,33.35850906,33.53289665,33.30225611,33.53289665,4769700
1/10/2006,33.24599838,33.40913493,33.094115,33.35850642,2945200
1/11/2006,33.11100006,33.47102418,32.94786346,33.34726508,3161000
1/12/2006,33.09974289,33.16162243,32.86910235,33.01536131,2984500
1/13/2006,33.02099228,33.26850831,32.97036376,33.18975331,2544100
1/17/2006,32.86909485,32.98722731,32.70595832,32.73971137,3129700
1/18/2006,32.84659576,33.06036082,32.64970831,32.85222235,3039700
1/19/2006,32.81285095,32.88035493,32.58220825,32.81847539,3209400
1/20/2006,32.22217178,32.78470971,32.1996719,32.78470971,4123500
1/23/2006,32.34594345,32.53158207,32.18843346,32.21093335,2852600
1/24/2006,32.64971542,32.84660292,32.37407078,32.37407078,4745200
1/25/2006,32.42470169,32.73409727,32.29531816,32.68346875,3613400
1/26/2006,32.28968048,32.60470037,32.26155187,32.42468839,3707100
1/27/2006,32.73972321,32.78472515,31.50213875,32.12655649,7294100
1/30/2006,32.42470169,32.79597682,32.38532419,32.63284023,3602800
1/31/2006,32.16592407,32.40218901,32.03654059,32.23905462,5381000
2/1/2006,32.21656418,32.23343964,31.95217053,31.95779711,4635000
2/2/2006,32.31780624,32.40781223,32.06466373,32.1096678,3478600
2/3/2006,32.25593948,32.39657403,32.12092938,32.149058,3346900
2/6/2006,31.93528938,32.39094603,31.93528938,32.19968299,3285100
2/7/2006,31.98591614,32.22218111,31.80027754,31.95216308,4960500
2/8/2006,32.22217178,32.46406326,32.03653538,32.45843883,5287500
2/9/2006,32.464077,32.67221766,32.09842848,32.23343643,5398100
2/10/2006,32.58784485,32.71160396,32.23344511,32.39658174,4216700
2/13/2006,32.40218735,32.53719741,32.25592841,32.53157297,2854000
2/14/2006,32.59906769,32.67782264,32.24466825,32.40217816,3227500
2/15/2006,32.55971146,32.65534192,32.23906486,32.48095645,2519200
2/16/2006,33.02099228,33.02099228,32.39095011,32.43032761,3396900
2/17/2006,33.14475632,33.25726441,32.9309933,32.94786877,4136300
2/21/2006,33.09974289,33.24600186,33.03223892,33.03223892,4428600
2/22/2006,33.18975449,33.28538495,33.04911993,33.04911993,3959800
2/23/2006,33.56103897,33.69604912,32.96474753,33.05475358,6065400
2/24/2006,33.49351883,33.58352484,33.33038227,33.45414133,3984400
2/27/2006,33.47665024,33.69604196,33.4710258,33.62291138,3548300
2/28/2006,33.25163651,33.43164857,33.17850593,33.29101401,4638200
3/1/2006,33.33039093,33.45415003,33.17288091,33.21225841,3496500
3/2/2006,33.34726715,33.41477329,33.16163064,33.18975713,4228800
3/3/2006,33.45975876,33.54414031,33.2009918,33.2009918,3865300
3/6/2006,33.57227707,33.57790151,33.36976299,33.36976299,3505300
3/7/2006,33.61727524,33.65665488,33.44851424,33.45414082,4036400
3/8/2006,33.79808044,33.86023039,33.65118235,33.65683136,6006300
3/9/2006,33.89977646,33.98452676,33.71897782,33.73027801,4640700
3/10/2006,34.09188461,34.120134,33.84893598,33.86588518,3656300
3/13/2006,34.17660904,34.21050742,33.84326131,33.89976005,4221500
3/14/2006,34.1427269,34.18227647,33.95627708,34.04667641,4281900
3/15/2006,33.93367767,34.00712564,33.66812873,33.96192706,3607200
3/16/2006,33.84327698,34.01277543,33.73027729,34.01277543,3011900
3/17/2006,33.93367767,33.96192706,33.74722786,33.95062687,4085900
3/20/2006,33.82066727,33.97321647,33.61726832,33.871517,2759700
3/21/2006,33.63424301,33.83764211,33.51559426,33.72464237,3005600
3/22/2006,33.79808044,33.84328119,33.53253148,33.53253148,2094300
3/23/2006,33.40822601,33.69637313,33.32347572,33.67377276,3006400
3/24/2006,33.52686691,33.63986656,33.24436888,33.33476816,2171100
3/27/2006,33.32913589,33.43083326,33.25003459,33.41388405,2911800
3/28/2006,33.01836395,33.22741401,32.99011458,33.19916249,3856000
3/29/2006,33.00143433,33.22743371,32.84323605,33.10313383,4185200
3/30/2006,32.83193588,33.10313385,32.79238631,32.93363539,3924900
3/31/2006,32.65113449,33.05228132,32.62288511,32.99578256,4488900
4/3/2006,32.68502426,32.90537456,32.59462497,32.90537456,5097900
4/4/2006,32.66244125,32.72458904,32.55509056,32.72458904,3549100
4/5/2006,32.70763779,32.78108791,32.5324903,32.65113901,3505100
4/6/2006,32.78108215,32.92798023,32.51553323,32.64548211,3452200
4/7/2006,32.65679169,32.98449064,32.61724211,32.87149092,3924900
4/10/2006,32.82064438,32.96754251,32.63419451,32.63419451,3203300
4/11/2006,32.66244125,32.88843851,32.5042408,32.86018912,2902700
4/12/2006,32.70198822,32.76413816,32.65113846,32.67938785,2186400
4/13/2006,32.69632721,32.83757625,32.58897871,32.67937801,2567600
4/17/2006,32.42514801,32.65679648,32.37994941,32.56639713,2696200
4/18/2006,32.81498718,32.93363589,32.51553767,32.65113773,3285300
4/19/2006,32.81498718,33.13703491,32.74153706,32.87148595,4554900
4/20/2006,32.37428284,32.88842931,32.37428284,32.7810808,6195800
4/21/2006,32.31777573,32.54942403,32.25562581,32.45902474,5696000
4/24/2006,32.35733414,32.52118356,31.9279358,32.32343359,6023000
4/25/2006,32.48729324,32.67939211,32.21044406,32.23304443,5627300
4/26/2006,32.69068527,32.78673361,32.61158614,32.6680849,4331000
4/27/2006,32.81498718,32.94493608,32.17654074,32.17654074,6510600
4/28/2006,32.90538025,32.96752802,32.71893047,32.8545305,4987100
5/1/2006,32.86582947,33.17657912,32.75848096,32.9110302,3901200
5/2/2006,32.74154663,32.86584439,32.6285469,32.84324617,3267600
5/3/2006,33.02402496,33.02402496,32.59462669,32.62852723,3961800
5/4/2006,33.18787766,33.3291267,33.03532842,33.05227762,4345500
5/5/2006,33.43648529,33.50993542,33.22178607,33.32348559,3899500
5/8/2006,33.27828598,33.47603384,33.19353567,33.36868531,3695800
5/9/2006,33.17093277,33.23308271,33.00708332,33.10878283,2878000
5/10/2006,33.2443924,33.34044076,33.00709276,33.08619407,3168500
5/11/2006,32.96754074,33.22744074,32.86584121,33.16529078,3133900
5/12/2006,33.13137817,33.15397854,32.71893119,32.97317992,4834700
5/15/2006,33.73593521,33.81503436,33.05793909,33.14833843,7062800
5/16/2006,33.70769119,33.89979009,33.58904244,33.61729184,4452700
5/17/2006,33.70202637,33.89977419,33.42517726,33.45907781,5313700
5/18/2006,33.15962601,33.60032451,33.10877626,33.53252341,4429900
5/19/2006,33.10877991,33.28392952,32.82628178,33.15962966,5633200
5/22/2006,33.48732758,33.66247719,32.96752991,32.99578145,5482200
5/23/2006,33.74723434,33.97323376,33.64553482,33.70203575,5006200
5/24/2006,34.10317993,34.19357926,33.53818358,33.769832,5498600
5/25/2006,34.21617508,34.25007348,33.96192633,34.06927484,5509700
5/26/2006,34.27266693,34.33481685,34.10316851,34.28396711,4104100
5/30/2006,34.13708115,34.26703221,34.01843242,34.01843242,3523000
5/31/2006,34.15968704,34.19358761,33.91108936,34.08623905,4409100
6/1/2006,34.52127457,34.57212432,34.09187831,34.10882751,4681800
6/2/2006,34.2783165,34.46476627,34.02406995,34.39131616,4373400
6/5/2006,33.75852585,34.18227303,33.7076761,34.10882292,4318100
6/6/2006,34.19357681,34.19357681,33.7585294,33.92237884,4488600
6/7/2006,34.23899841,34.51722672,34.23899841,34.44341069,4118700
6/8/2006,34.14247513,34.36392107,33.99484306,34.15950876,5256400
6/9/2006,34.02891159,34.23900104,33.89831533,34.06865819,3212000
6/12/2006,33.90967941,34.12544607,33.81882972,33.94374669,3964600
6/13/2006,33.49517822,33.9778168,33.45542945,33.75637081,5054500
6/14/2006,33.4213562,33.54627532,33.24533401,33.35321949,4012000
6/15/2006,33.54626465,33.54626465,33.28507002,33.49516159,5154300
6/16/2006,33.89832306,33.98349342,33.71662368,33.71662368,6195700
6/19/2006,33.67687225,34.114087,33.56330962,34.02891448,3811300
6/20/2006,33.6655159,33.98916801,33.56330974,33.63712578,3960500
6/21/2006,33.84721375,34.03459025,33.67687088,33.74500759,3471200
6/22/2006,34.08001709,34.27875008,33.68254895,33.81314522,4305600
6/23/2006,33.77907562,34.0856919,33.75636266,33.85856881,2952500
6/26/2006,33.79042816,33.84721056,33.54059213,33.67686771,2877100
6/27/2006,33.56331253,33.83586158,33.30211996,33.33618724,3501200
6/28/2006,33.44973373,33.71092618,33.37024057,33.59168643,3054000
6/29/2006,33.78474426,33.83584732,33.54058543,33.70525109,2972900
6/30/2006,34.09135818,34.35255061,33.81312996,33.81312996,5366400
7/3/2006,34.22196579,34.4831583,34.1822192,34.40934227,1810800
7/5/2006,34.22196579,34.47748115,34.1254368,34.22196579,3799300
7/6/2006,34.27307129,34.44909131,34.10840558,34.13111854,3481400
7/7/2006,34.32985687,34.47748896,34.19926059,34.26739731,2493500
7/10/2006,34.608078,34.6478246,34.41502219,34.43773515,3276400
7/11/2006,34.97147751,34.97715467,34.51154985,34.52858565,4243700
7/12/2006,34.69324875,35.20427948,34.66485863,34.93173048,4395500
7/13/2006,35.24401093,35.39732008,34.9771392,35.17587425,7825100
7/14/2006,35.09069824,35.26104101,34.92603263,35.20426081,4958500
7/17/2006,35.36326218,35.40300877,34.82952071,34.86359014,5653500
7/18/2006,35.89133835,35.91405131,35.36327386,35.37463035,8060800
7/19/2006,35.58470535,36.08437951,35.50521218,35.90268021,5856700
7/20/2006,35.47684097,35.82320613,35.47684097,35.76642588,3361800
7/21/2006,35.63580322,35.79479171,35.38029011,35.51088633,4319400
7/24/2006,35.97080612,35.99919839,35.60740763,35.6187641,3850200
7/25/2006,35.61310196,36.07870675,35.51089582,35.84590435,5030900
7/26/2006,36.12982178,36.3285548,35.669894,35.69828412,4796800
7/27/2006,35.48250961,36.25473074,35.43708369,36.24905358,4194600
7/28/2006,35.8459053,35.96514508,35.61878006,35.7607328,3117400
7/31/2006,35.98787308,36.09007926,35.69828816,35.87998757,3922800
8/1/2006,35.8686142,36.18658909,35.68691488,35.88565,3479200
8/2/2006,35.88565826,35.90837123,35.41437406,35.7437055,4249300
8/3/2006,35.68125534,35.99355106,35.67557818,35.89134487,3586400
8/4/2006,35.8686142,35.98217681,35.51657204,35.65852477,3070700
8/7/2006,35.8629303,35.9083562,35.61877148,35.83454019,2963600
8/8/2006,36.12414169,36.23202719,35.95947812,36.05032781,3129900
8/9/2006,35.68125534,36.30584678,35.68125534,36.00490755,3130300
8/10/2006,35.88565826,36.04464466,35.6642123,35.6642123,3087900
8/11/2006,35.95947266,36.03896585,35.74938102,35.76641682,1966900
8/14/2006,36.31151199,36.31718915,35.942434,35.942434,4108000
8/15/2006,36.10709,36.33989235,36.01056103,36.33421519,4445000
8/16/2006,35.93675613,36.10142183,35.84590647,36.0276058,3387100
8/17/2006,35.5790329,35.93675439,35.44275732,35.88565132,4791500
8/18/2006,35.77778244,35.82888553,35.38031634,35.55633642,3300500
8/21/2006,35.94244385,36.04465002,35.77210094,35.81184755,2342600
8/22/2006,36.19227982,36.2433829,35.88566131,35.90837427,3142600
8/23/2006,36.37966537,36.41941199,35.94812979,36.02762302,3815500
8/24/2006,36.41940308,36.65788269,36.25473734,36.33990987,4266400
8/25/2006,36.44211578,36.55567627,36.18660036,36.33990961,2673300
8/28/2006,36.90772247,36.94746908,36.26609531,36.26609531,4664800
8/29/2006,37.36762238,37.41872759,36.82820392,36.82820392,6725400
8/30/2006,37.27110291,37.46983583,37.16321746,37.18593041,4616000
8/31/2006,37.06669235,37.32220984,37.06101303,37.13483122,2498000
9/1/2006,37.14050293,37.3335565,37.01558387,37.31652287,2725600
9/5/2006,37.02127075,37.14051486,37.00991644,37.02127075,2634600
9/6/2006,37.03838348,37.13535649,36.95281727,37.03838348,2888300
9/7/2006,36.63338089,36.86725726,36.56492704,36.68471801,3956400
9/8/2006,36.92430115,37.09542923,36.67901365,37.09542923,3109500
9/11/2006,36.91859055,37.00985797,36.71893897,36.77598165,2529000
9/12/2006,37.19240189,37.19240189,36.7873931,37.04409175,3480700
9/13/2006,36.87296295,36.99275393,36.7474664,36.93571123,6456300
9/14/2006,36.82162857,37.00416783,36.79310504,36.8729657,3392300
9/15/2006,37.09543228,37.14677376,36.87866829,36.90718746,5788000
9/18/2006,36.78168869,37.3464187,36.7018237,37.01556502,4116900
9/19/2006,36.94711685,37.0041639,36.65049221,36.77598876,2760800
9/20/2006,37.14676666,37.30078235,36.9414095,37.0954252,3859300
9/21/2006,36.85586166,37.32932448,36.74177623,37.14678517,3634900
9/22/2006,36.66759872,36.84443236,36.53640098,36.78168845,3657400
9/25/2006,37.11826324,37.31791494,36.75318462,36.87297564,5095200
9/26/2006,37.32361221,37.35783697,37.10114261,37.26086393,3804800
9/27/2006,37.59741974,37.64305129,37.16959296,37.19240655,4217300
9/28/2006,37.24944687,37.57459499,37.19239983,37.51754795,3404400
9/29/2006,37.22664261,37.31791008,37.10685161,37.10685161,3031200
10/2/2006,36.69612122,37.24944441,36.60484944,37.18669615,4931000
10/3/2006,36.88437653,37.10114054,36.53641038,36.65049579,5275700
10/4/2006,37.02698517,37.1924077,36.7645809,36.96993811,3626200
10/5/2006,36.95282745,37.02128131,36.56493097,36.85014884,3998900
10/6/2006,36.74747086,36.95282808,36.60486191,36.82733151,4038900
10/9/2006,36.34815979,36.79309889,36.20555088,36.67901351,4414500
10/10/2006,36.17133713,36.41662472,36.01731919,36.34817302,5210900
10/11/2006,36.42802811,36.58204385,35.7206868,35.7206868,6152700
10/12/2006,35.85188293,36.22266701,35.45828308,36.22266701,10942300
10/13/2006,35.62370682,35.72638541,35.33848899,35.68074951,6573800
10/16/2006,35.75491714,35.83477781,35.51533297,35.52103855,3871600
10/17/2006,35.57806015,35.79482624,35.5039051,35.61228706,3829300
10/18/2006,36.04582596,36.08005288,35.57236553,35.73779238,6167200
10/19/2006,35.8347702,36.08005773,35.63511858,35.94885778,3834400
10/20/2006,35.82907867,36.04584274,35.60660685,35.92034833,4814000
10/23/2006,36.04011536,36.27969722,35.72067069,35.760601,4842700
10/24/2006,36.05152893,36.2112502,35.76631114,35.90892004,8868900
10/25/2006,36.30252457,36.45083905,35.90321917,36.10857636,6068000
10/26/2006,36.4052124,36.49648204,36.16563041,36.19985517,4582500
10/27/2006,36.24548721,36.3709816,36.15421758,36.29112094,2975500
10/30/2006,36.23978043,36.39379833,36.12569502,36.3025287,2534900
10/31/2006,36.1884346,36.35956703,35.97167063,36.34245248,3627500
11/1/2006,36.13708115,36.3082135,36.09715084,36.14849012,3567000
11/2/2006,36.05723953,36.20555403,35.96596991,36.05153613,3839700
11/3/2006,36.07435226,36.17702868,35.9146288,35.99448944,3086500
11/6/2006,36.09716415,36.15420902,35.96596423,36.15420902,3361500
11/7/2006,36.16562653,36.24548718,35.98879066,36.08576369,4406600
11/8/2006,36.23978043,36.36527698,36.08005912,36.11428605,3463600
11/9/2006,35.76060867,36.22266231,35.67504463,36.16561962,5012300
11/10/2006,35.6807518,35.82336072,35.63511808,35.71497873,2909100
11/13/2006,35.0304451,35.61799299,34.88783622,35.61799299,8574600
11/14/2006,35.33278275,35.41264556,34.95629531,34.98481883,7792800
11/15/2006,34.93347549,35.3498932,34.88213621,35.28143937,7576900
11/16/2006,35.25291824,35.42975406,35.04756109,35.08178801,6659300
11/17/2006,35.52672958,35.58377445,35.24151177,35.25292075,5036800
11/20/2006,35.65224075,35.78914632,35.38413521,35.46970145,4566300
11/21/2006,35.68645096,35.88039914,35.59518135,35.61229372,5658000
11/22/2006,35.67504883,35.77772743,35.5381433,35.6408219,3593000
11/24/2006,35.56095123,35.78342074,35.36700306,35.38982101,2142600
11/27/2006,35.08179092,35.52102662,35.03615503,35.39553008,4767200
11/28/2006,35.26433182,35.32137451,34.91636572,34.99622636,5872800
11/29/2006,35.63511276,35.66363411,35.16735574,35.26432875,4107600
11/30/2006,35.34989166,35.65222181,35.30996135,35.59517912,5203400
12/1/2006,35.34420013,35.42976637,35.05898225,35.36701809,5289500
12/4/2006,35.86899567,36.03442036,35.41264756,35.46969026,5796600
12/5/2006,36.60485458,36.60485458,35.88040322,35.88040322,6823500
12/6/2006,36.51315689,36.67936077,36.33549264,36.67936077,4688900
12/7/2006,36.34695816,36.62778552,36.23806708,36.47877656,3652400
12/8/2006,36.26099777,36.54755536,36.10625641,36.10625641,3011900
12/11/2006,35.96869659,36.32402947,35.83115022,36.22659878,3828700
12/12/2006,36.02028275,36.16356152,35.7623827,36.02601512,4336100
12/13/2006,35.96869659,36.28391159,35.81395747,36.15782559,3838600
12/14/2006,35.81970596,36.02602782,35.75666293,35.87128643,4092700
12/15/2006,36.03173447,36.30682937,35.56178041,35.80248981,6545700
12/18/2006,36.14636993,36.30111128,35.95724308,36.16929506,3102600
12/19/2006,36.26671219,36.4157233,35.96296197,35.99161728,4259900
12/20/2006,36.27819061,36.39854428,36.15783695,36.28965318,3539600
12/21/2006,36.32975006,36.39279304,36.12916074,36.32401987,3073700
12/22/2006,36.16356659,36.52462976,36.07760063,36.10625595,3017300
12/26/2006,36.01454926,36.24379615,35.85980793,36.0661297,2693700
12/27/2006,36.04320526,36.1922164,35.87127118,36.14636615,2342600
12/28/2006,36.24953079,36.3125738,35.96870343,36.0775967,2489300
12/29/2006,35.84834671,36.33549582,35.84834671,36.16355956,2857700
1/3/2007,35.94576645,36.30682725,35.79102517,35.93430389,6161600
1/4/2007,36.1922226,36.24953324,35.81969687,35.93432034,5414300
1/5/2007,36.07758331,36.2323246,35.93430459,35.93430459,4542400
1/8/2007,36.15782547,36.26098634,36.02600928,36.10624503,6122600
1/9/2007,36.30683899,36.37561437,36.11197978,36.1349049,4916500
1/10/2007,36.76533508,36.84557085,35.69934063,36.10625183,6427100
1/11/2007,37.22382736,37.28687038,36.793991,36.793991,6909300
1/12/2007,37.0805397,37.39575471,37.0174967,37.12638995,4982100
1/16/2007,37.16650772,37.24674347,36.96591834,36.96591834,3517700
1/17/2007,37.25248337,37.25248337,37.00031131,37.06335433,4494400
1/18/2007,37.20662689,37.56195979,36.80544812,36.91434137,4144300
1/19/2007,37.14930344,37.25819665,37.06333534,37.25819665,5333700
1/22/2007,37.14358521,37.32698185,36.98884606,37.04042432,5546700
1/23/2007,37.16078568,37.31552922,37.05189677,37.08628228,3860200
1/24/2007,37.36710358,37.36710358,36.96592475,37.10347115,3586600
1/25/2007,36.92007446,37.29260016,36.8684962,37.29260016,3750500
1/26/2007,36.93727493,37.14359677,36.90862179,36.93727493,8566800
1/29/2007,37.02322388,37.16650261,36.90860264,36.93725576,4451200
1/30/2007,37.30405426,37.37282964,36.90860787,37.06907938,5131600
1/31/2007,37.39002228,37.45879765,37.18370052,37.30978653,4277000
2/1/2007,37.47025681,37.47598918,37.06907806,37.25247468,4382800
2/2/2007,37.27541733,37.42442852,37.04617035,37.05190272,3097800
2/5/2007,37.15506363,37.25249217,36.93154903,37.25249217,3646800
2/6/2007,36.90287399,37.21808899,36.88568124,37.16077399,4129800
2/7/2007,36.96591568,37.08053693,36.80544419,36.90860506,4323100
2/8/2007,36.28391266,36.74240424,35.99162277,36.24952497,13901100
2/9/2007,36.62778854,36.76533714,35.85408398,35.85408398,7276500
2/12/2007,36.5188942,36.67936572,36.42719587,36.67363553,4961100
2/13/2007,36.57047272,36.75959955,36.34122582,36.55901015,4969500
2/14/2007,36.30683899,36.65643953,36.30683899,36.56474121,6885900
2/15/2007,36.7252121,36.97737974,36.24952557,36.25525576,4701500
2/16/2007,37.03469467,37.22381931,36.75386516,36.83410091,6386100
2/20/2007,37.02894974,37.11491784,36.81116767,36.92005652,3994700
2/21/2007,37.26394272,37.37283599,36.90861415,36.91434652,5729900
2/22/2007,37.05761719,37.25247418,36.81117757,37.20089593,5618700
2/23/2007,37.01176453,37.06907515,36.81117517,36.92579641,3385000
2/26/2007,36.96019745,37.20090915,36.89715443,37.16651927,4021600
2/27/2007,35.96869659,37.25247516,35.81968766,36.90287466,8262000
2/28/2007,36.1922226,36.36988689,35.82542706,35.85981476,7139700
3/1/2007,36.35268784,36.51889173,35.81969066,35.96296943,8967300
3/2/2007,36.06613541,36.48450919,36.01455496,36.34123041,6344400
3/5/2007,35.97444153,36.22088124,35.96870915,36.06613987,6917500
3/6/2007,36.25524902,36.28963671,36.04319711,36.08331498,5539700
3/7/2007,36.13433075,36.37618498,36.05371267,36.33587594,4346500
3/8/2007,36.30708313,36.41649526,36.03067736,36.27829127,5168700
3/9/2007,36.209198,36.36467669,36.0594768,36.36467669,6075400
3/12/2007,36.3761673,36.46254502,36.10552135,36.17462221,3652200
3/13/2007,35.79458618,36.68138952,35.70820841,36.56046239,6438000
3/14/2007,36.09978485,36.2782979,35.63910849,36.22647167,5619900
3/15/2007,36.27253723,36.53166615,36.05371516,36.12281605,6198200
3/16/2007,36.0306778,36.72169331,35.86368196,36.72169331,6687700
3/19/2007,36.18615723,36.39346211,36.13433101,36.16888255,5506100
3/20/2007,36.50862503,36.57196622,36.08249817,36.09977284,4345300
3/21/2007,36.95777893,37.026882,36.3819332,36.40496756,4800200
3/22/2007,36.91748047,37.04416727,36.56621412,36.72169278,4558500
3/23/2007,36.90597534,36.94628879,36.71594727,36.7677735,3149500
3/26/2007,36.79079056,36.87716831,36.4625586,36.86564894,5320700
3/27/2007,36.24950409,36.56621893,36.20343536,36.56621893,6602800
3/28/2007,36.21494293,36.4683165,36.08825615,36.13432487,7390100
3/29/2007,36.61802673,36.66409325,36.03066388,36.26100303,4953200
3/30/2007,36.60076141,36.85413279,36.22070326,36.81958125,5079200
4/2/2007,36.50285721,36.68137016,36.34737861,36.36465548,4596000
4/3/2007,36.50862503,36.73896204,36.43376446,36.68137833,5588600
4/4/2007,36.6986618,36.76200521,36.47408224,36.53742564,5054200
4/5/2007,36.66985703,36.75623477,36.52589559,36.64106518,4372600
4/9/2007,36.27253723,36.71017919,36.25526036,36.62380141,6847400
4/10/2007,36.51440048,36.54319235,36.20344307,36.24951181,6447100
4/11/2007,36.39922333,36.52015045,36.2782962,36.4165002,5395600
4/12/2007,36.9462738,37.03264717,36.65259117,36.79655264,8138300
4/13/2007,37.08448029,37.19388803,36.85414103,37.08448029,4947500
4/16/2007,37.17660904,37.25147182,37.03264757,37.08447598,6314100
4/17/2007,37.89064789,38.01157496,37.1074974,37.24569914,12026600
4/18/2007,37.95975113,37.99430486,37.72941195,37.74669101,5901300
4/19/2007,38.02309418,38.02309418,37.74669068,37.94247612,5284200
4/20/2007,38.38011932,38.47801204,38.14978015,38.14978015,8037100
4/23/2007,38.34557343,38.55863797,38.32254346,38.32829875,4419700
4/24/2007,38.24192429,38.50105316,38.08068376,38.32829765,4577300
4/25/2007,38.57016754,38.71988434,38.17859208,38.44923601,5911200
4/26/2007,38.24192429,38.81201044,38.18433619,38.81201044,6385600
4/27/2007,38.17282867,38.33406484,37.87914601,37.91945505,4524700
4/30/2007,38.05764389,38.42042953,38.04612891,38.11523198,5503500
5/1/2007,38.23617554,38.29951895,37.98856158,38.09221404,4108400
5/2/2007,38.59318924,38.63925796,38.299511,38.46650684,5458600
5/3/2007,38.76019669,38.99629568,38.61047987,38.62775455,5184200
5/4/2007,38.82352448,38.9271769,38.70835707,38.82928416,3246300
5/7/2007,38.85808563,38.97901275,38.75443319,38.89263498,2398000
5/8/2007,38.66804886,38.92717773,38.63925481,38.69683851,3268600
5/9/2007,38.67956924,38.86383976,38.60471086,38.66805426,3391100
5/10/2007,38.20737076,38.67956417,38.19009609,38.58743112,4311600
5/11/2007,38.46650314,38.4952928,38.11523684,38.20736988,3675000
5/14/2007,38.46073151,38.58165857,38.2649417,38.4146628,4923000
5/15/2007,38.84079742,38.92141548,38.52408487,38.60470293,6784700
5/16/2007,39.52605438,39.61819182,38.73714407,38.8350412,8944800
5/17/2007,39.43969345,39.56638028,39.23238853,39.41665908,5715700
5/18/2007,40.00976563,40.10189866,39.55484694,39.60091127,8369100
5/21/2007,39.75064468,39.96946895,39.38210363,39.44544704,7068300
5/22/2007,39.54333115,39.73336132,39.37058004,39.63546859,6329400
5/23/2007,39.55486298,39.6873051,39.4684852,39.58941233,4412100
5/24/2007,39.41665649,39.7679229,39.37059215,39.58365236,6077800
5/25/2007,39.62971497,39.7333674,39.37634136,39.37634136,4080800
5/29/2007,39.43392944,39.73336738,39.34755168,39.53758188,5001900
5/30/2007,39.48575211,39.59516423,39.19206947,39.27268755,5645400
5/31/2007,39.34754181,39.6815334,39.30723278,39.45119422,5697400
6/1/2007,39.56060791,39.71032906,39.35906274,39.53181825,4965300
6/4/2007,39.3360405,39.56062009,39.15752964,39.15752964,3721200
6/5/2007,38.93869781,39.36482251,38.92141875,39.02507118,5889000
6/6/2007,38.83158112,39.08636774,38.79683909,38.9242324,5435400
6/7/2007,38.42044449,38.88948383,38.38570247,38.77366974,7122300
6/8/2007,38.57099915,38.58837015,38.11933525,38.33937539,6997000
6/11/2007,38.24092865,38.570991,38.20618664,38.39148472,5067400
6/12/2007,38.23513031,38.58835541,38.08457426,38.1945965,6423100
6/13/2007,38.44359589,38.46096689,37.95139829,38.26408962,5708300
6/14/2007,38.73313522,38.84894489,38.42044381,38.48993226,5174500
6/15/2007,38.61151886,39.23690145,38.59993966,38.88946815,7758200
6/18/2007,38.55942154,38.7389323,38.53047133,38.6173308,3496500
6/19/2007,38.10196304,38.44360465,37.93982333,38.43781284,6368000
6/20/2007,37.93981934,38.46097161,37.93981934,38.28725713,4750000
6/21/2007,38.14827347,38.25829571,37.9282334,37.9398126,4326500
6/22/2007,37.55765533,38.20620108,37.47079586,37.97457728,7719100
6/25/2007,37.43605423,37.75453308,37.25075608,37.46500444,5993100
6/26/2007,37.4418335,37.75452044,37.35497405,37.65028998,7752200
6/27/2007,37.73715591,37.95140866,37.20442436,37.38972248,5194400
6/28/2007,37.78349686,38.04986274,37.46501351,37.74296301,5104800
6/29/2007,37.55184937,37.99193397,37.26811264,37.81821508,6917900
7/2/2007,37.81242371,38.21776184,37.63870484,37.85874491,7159200
7/3/2007,37.98035431,38.04984275,37.66187554,37.91666209,3470800
7/5/2007,38.16565323,38.51308658,38.03246816,38.06721017,5679200
7/6/2007,38.34516525,38.46097492,38.01510285,38.17144634,3851100
7/9/2007,38.24671936,38.47255125,38.21776474,38.24671936,4156600
7/10/2007,38.1424942,38.53625322,38.12511878,38.24672466,7152600
7/11/2007,38.28146744,38.33937227,37.91087123,37.97456786,4928700
7/12/2007,38.76208878,38.79683079,38.21777362,38.36832972,5630200
7/13/2007,38.70998383,38.79684331,38.3683421,38.79684331,4891400
7/16/2007,38.79102325,38.9415793,38.54202859,38.57098321,4474400
7/17/2007,38.44940948,38.94160736,38.36255,38.87211888,24336200
7/18/2007,38.29304504,38.53625239,37.98614548,38.37411269,7537600
7/19/2007,37.9108696,38.51887691,37.78347633,38.34516243,9939200
7/20/2007,37.44762802,37.75452763,37.20442506,37.75452763,11559400
7/23/2007,38.55942154,38.72156129,37.49395828,37.6503018,10956800
7/24/2007,38.36833954,38.73893587,37.99195139,38.2177834,8252100
7/25/2007,39.56118393,39.93178015,38.69259821,38.69259821,11364700
7/26/2007,38.70418167,39.52065446,38.4493995,39.05740692,10338300
7/27/2007,38.02090073,38.95897063,38.0035253,38.88369478,8881700
7/30/2007,38.15987396,39.89704573,37.7139974,38.66944276,7404700
7/31/2007,37.99772644,38.50729507,37.96298001,38.24672116,6964200
8/1/2007,38.46677399,38.64628032,37.69662677,37.70241858,6558800
8/2/2007,38.68681717,38.92423279,38.36254649,38.79104766,5264700
8/3/2007,38.48993683,39.13847813,38.46677401,38.68681418,6114100
8/6/2007,39.67120743,39.69437024,38.65206559,38.86052652,7561300
8/7/2007,40.04758453,40.43555167,39.34692167,39.48589853,9067700
8/8/2007,40.49925232,40.63243297,39.67120054,39.76384738,6706800
8/9/2007,39.66540909,40.67875896,39.66540909,40.21551153,8567200
8/10/2007,39.34693527,39.74069435,38.91264237,39.19059177,7648500
8/13/2007,39.42221832,39.76385998,38.91264512,39.40484731,5473000
8/14/2007,38.88947678,39.69436579,38.69838687,39.57855172,5052700
8/15/2007,38.99369812,39.67698559,38.68101121,38.74470784,6099700
8/16/2007,39.59014893,39.70595862,38.50731019,38.513102,9704700
8/17/2007,40.17499542,40.42978206,39.53803325,40.34871439,8667400
8/20/2007,39.72911453,40.33133455,39.46274875,40.06496877,4963400
8/21/2007,39.63647079,39.85072359,39.43380162,39.55540313,4848700
8/22/2007,39.8391304,39.89703523,39.2600733,39.74068734,7342300
8/23/2007,39.32378387,39.96653342,39.05162623,39.88546575,6499900
8/24/2007,39.50328445,39.60172312,39.27745249,39.41642499,3995100
8/27/2007,39.43379974,39.60172688,39.23113058,39.32378186,3175100
8/28/2007,39.0921402,39.48010734,38.99369715,39.3758769,4927800
8/29/2007,39.48590851,39.54381334,38.9937064,39.20795913,3789000
8/30/2007,39.29481888,39.52644262,39.15005459,39.20795942,3953200
8/31/2007,39.39324951,39.79859209,39.08634999,39.50906357,6216200
9/4/2007,39.72911453,39.89704165,39.47432795,39.57276662,4591600
9/5/2007,39.55735779,39.72038416,38.79462093,39.48748744,4537400
9/6/2007,39.91834641,40.20364701,39.19637053,39.38268703,4787700
9/7/2007,39.58063889,39.95327177,39.40596528,39.59228172,5439500
9/10/2007,39.86011887,40.08136829,39.60393204,39.62140296,4644200
9/11/2007,40.68106461,40.75093048,40.18615761,40.37247402,6585900
9/12/2007,40.51221848,40.73929149,40.38994873,40.55297506,5477900
9/13/2007,40.68691254,41.03625994,40.52388612,40.68109334,6851300
9/14/2007,40.50057983,40.91396936,40.40742382,40.44818041,4850700
9/17/2007,40.64031601,40.79169507,40.244393,40.38412923,5095900
9/18/2007,41.26913834,41.39723175,40.58791912,40.75676912,6007600
9/19/2007,41.40305328,41.54278953,40.80334728,41.33900658,6961000
9/20/2007,41.35647583,41.60101538,41.24002969,41.28078629,5230100
9/21/2007,41.59518814,41.91541718,41.35646783,41.60683098,7783400
9/24/2007,41.48457336,41.86303001,41.3098997,41.60684315,8124000
9/25/2007,41.46709824,41.76404163,41.19344496,41.25166802,5708000
9/26/2007,42.05514145,42.23563419,41.53112525,41.55441536,6429300
9/27/2007,42.28224564,42.41615827,42.05517252,42.09592912,5488400
9/28/2007,42.65485764,42.67232411,42.21235447,42.28804399,6706500
10/1/2007,43.09154892,43.22546152,42.79460552,42.81789563,7216500
10/2/2007,42.94599152,43.23128766,42.70144752,43.15559811,6144100
10/3/2007,42.77711487,42.9110274,42.6199078,42.85280437,5139100
10/4/2007,43.0100441,43.0158633,42.50931765,42.50931765,4463700
10/5/2007,42.93432999,43.19634037,42.6432103,43.16722662,5698200
10/8/2007,43.03330994,43.0565956,42.73636664,42.79458968,2371900
10/9/2007,42.62574387,42.90522072,42.46271755,42.73637077,7024100
10/10/2007,42.85281754,43.19634108,42.56169785,42.77130438,5326500
10/11/2007,41.78731155,43.14393015,41.23418601,42.96926103,12367700
10/12/2007,41.79315567,42.1949024,41.57190623,41.76986555,5750600
10/15/2007,41.54278564,41.90377572,41.21673296,41.71745926,7043100
10/16/2007,41.84554291,41.95034617,41.36810683,41.37392602,5704300
10/17/2007,41.98529816,42.38122126,41.69417836,41.93289428,4837700
10/18/2007,41.85136414,42.1774212,41.75238451,41.96199104,3426100
10/19/2007,40.98965836,41.83390379,40.96054461,41.68834392,7392900
10/22/2007,41.43798065,41.4670944,40.74511873,40.77422803,5464300
10/23/2007,41.64757919,41.67669294,41.17014311,41.49619572,4878200
10/24/2007,41.8047905,41.86301355,41.30406426,41.44380047,5084400
10/25/2007,41.90959549,42.13666851,41.69998894,41.92123832,4707800
10/26/2007,42.11920929,42.18907964,41.63013017,42.18907964,4133300
10/29/2007,42.91103745,43.01002151,42.02021197,42.20652838,5955000
10/30/2007,42.99255371,43.27203057,42.56169781,42.67814835,4961900
10/31/2007,42.92271042,43.2604105,42.41616029,43.10902694,4810900
11/1/2007,42.14831924,43.02750218,42.14831924,42.78878184,4960600
11/2/2007,42.49183655,42.87028863,42.13667013,42.87028863,5073000
11/5/2007,42.36374664,42.82953557,42.28223347,42.82953557,6661600
11/6/2007,42.78878021,43.0216769,42.36374786,42.39868081,4810600
11/7/2007,42.11920929,42.68980604,42.03187691,42.68980604,4909100
11/8/2007,42.79460526,42.94016514,41.92124596,42.15414266,6819000
11/9/2007,42.78295135,43.21963089,42.3928476,42.85281724,6694900
11/12/2007,42.25311279,42.90522252,42.21235621,42.61992201,4951000
11/13/2007,42.70145416,42.7480344,41.97947823,42.61412177,5741400
11/14/2007,43.12065887,43.64467535,42.4219732,43.02750286,6225000
11/15/2007,42.84117889,43.58644466,42.72472834,43.03331897,5205200
11/16/2007,43.17305756,43.31279379,42.59664173,43.2079905,6092900
11/19/2007,43.71454239,43.90085885,42.82371667,42.98674302,7842900
11/20/2007,43.57480621,44.00566668,43.06826064,43.66796667,8165000
11/21/2007,43.69125748,44.41905693,43.33026735,43.33026735,7706300
11/23/2007,43.9649086,44.06971189,43.52822895,44.06971189,2283400
11/26/2007,43.48748779,44.48894086,43.38268446,44.05226105,6032900
11/27/2007,44.20362854,44.32589832,43.34191644,43.76112965,6342300
11/28/2007,44.92559433,45.07115418,43.94160832,44.30259391,6729800
11/29/2007,44.56461716,44.87320342,44.30260669,44.87320342,4523000
11/30/2007,44.93724823,44.93724823,44.2734955,44.66941857,7287700
12/3/2007,44.587883,45.12936568,44.46561329,45.12936568,4424500
12/4/2007,44.62865829,44.83244123,44.38993797,44.41322808,4260500
12/5/2007,44.62573242,44.92998799,44.24541965,44.35658601,6580300
12/6/2007,45.07042694,45.1523409,44.49117695,44.60819561,3788500
12/7/2007,45.05285645,45.49168297,45.00019941,45.15232272,3359900
12/10/2007,45.2166748,45.38635489,45.00018996,45.2693363,3942100
12/11/2007,44.74859619,45.69060616,44.66667782,45.34539818,5377900
12/12/2007,45.69061661,45.97146755,45.16987614,45.49753633,7472100
12/13/2007,46.0416832,46.09434024,45.36296265,45.81349375,4995600
12/14/2007,45.90711594,46.22307165,45.85445888,45.98317761,6740700
12/17/2007,45.26934433,46.15869742,45.1698736,46.15869742,5968700
12/18/2007,45.06456375,45.68477504,44.77201269,45.68477504,7384200
12/19/2007,44.92998505,45.28104537,44.65498638,45.16402675,5039400
12/20/2007,44.75445557,45.18158204,44.53211839,45.1698775,4365200
12/21/2007,45.25764465,45.56774804,44.91828438,45.53264334,7732500
12/24/2007,45.46826172,45.63794178,45.05869223,45.25762471,1444900
12/26/2007,45.2166748,45.62624882,45.00603776,45.62624882,3244500
12/27/2007,44.87730789,45.55602815,44.81294633,45.05284022,3429200
12/28/2007,45.07042694,45.24010713,44.80128043,45.05287459,2418600
12/31/2007,44.40924835,45.01190277,44.32148215,45.01190277,3707600
1/2/2008,44.05233765,44.70765361,43.71297736,44.70765361,4899100
1/3/2008,44.33901978,44.95922634,44.0523211,44.1108304,4728400
1/4/2008,44.20447159,44.70180755,44.05234377,44.05234377,5493200
1/7/2008,45.24010086,45.31031473,44.29223371,44.3858522,7584800
1/8/2008,45.60287094,46.21722563,45.15233971,45.55020942,7153800
1/9/2008,46.07095718,46.41031761,45.62628262,45.6379827,9288800
1/10/2008,46.55654526,46.68526835,45.7666588,46.07090974,7874900
1/11/2008,45.50922394,46.3225152,44.87146503,46.22890122,8061200
1/14/2008,45.00605011,45.86615087,44.84807452,45.78423693,7762500
1/15/2008,43.78319168,44.78956802,43.71297782,44.47946015,9342100
1/16/2008,43.02840424,43.79488647,42.87627646,43.50233546,9636900
1/17/2008,42.18584824,43.12201043,42.03372048,43.12201043,10016800
1/18/2008,41.81139374,42.80606994,41.51299043,42.44330505,8986000
1/22/2008,40.62948608,40.95714179,39.41832507,39.78693774,14039600
1/23/2008,41.24969482,41.49543662,39.61725956,40.08534299,12136600
1/24/2008,40.79916382,41.34915665,40.69384528,41.12681951,8466700
1/25/2008,40.32522964,41.23799182,40.19650649,40.88107924,8446300
1/28/2008,41.1151123,41.13851692,40.14384538,40.3427779,6940700
1/29/2008,40.1555481,41.29064739,39.96246783,41.1092672,9401000
1/30/2008,39.43001175,40.23160286,39.31884097,39.85713805,8292500
1/31/2008,39.81618118,40.07362295,38.79225298,39.28958864,13195200
2/1/2008,40.27257919,40.41885472,39.77524329,39.98587595,7728300
2/4/2008,40.50075912,40.5709685,40.09703734,40.28426979,5598600
2/5/2008,39.75767136,40.16139309,39.44172027,39.86884214,8681400
2/6/2008,39.0438652,40.0092801,38.8039712,40.0092801,14149600
2/7/2008,41.19703293,41.26724231,39.66991639,40.19650461,15291100
2/8/2008,40.84596634,41.28479281,40.66458616,41.17947428,6044800
2/11/2008,41.51885605,41.65927934,40.54758861,40.91620143,6934800
2/12/2008,42.10393906,42.2677669,41.51883706,41.72362187,6635300
2/13/2008,41.91085052,42.56616631,41.78797965,42.34382918,6603300
2/14/2008,41.8757515,42.20925947,41.65926214,42.00447465,7899600
2/15/2008,41.96936798,41.99276813,41.64170783,41.83479256,5963300
2/19/2008,41.62414932,42.41988827,41.59489244,42.41988827,4920800
2/20/2008,41.61245346,42.10393697,41.01564696,42.10393697,5848300
2/21/2008,41.58904266,41.9401029,41.44276719,41.83478438,5531400
2/22/2008,41.76459503,41.82895663,41.27311131,41.7704473,4771900
2/25/2008,41.88744354,42.08638051,41.51883095,41.73532026,4681000
2/26/2008,41.73532486,41.86989581,41.4895831,41.60660171,4673000
2/27/2008,41.65925598,41.96351149,41.54808965,41.54808965,4520400
2/28/2008,41.5773468,41.66511299,41.16192492,41.66511299,4804800
2/29/2008,40.69969559,41.34915919,40.5768247,41.20288369,5893400
3/3/2008,41.05662155,41.1034308,40.47151933,40.69386103,5024400
3/4/2008,40.98054123,41.16777368,40.55926711,40.55926711,5965200
3/5/2008,41.34231949,41.60115161,40.5893582,41.37173386,6690200
3/6/2008,41.24819946,41.70703494,41.15407706,41.17760766,6138800
3/7/2008,40.9364357,41.35997766,40.75996287,41.08349863,7205600
3/10/2008,40.60110855,41.05406463,40.48934384,41.05406463,4702000
3/11/2008,41.14819717,41.43055991,40.5775969,41.43055991,7215600
3/12/2008,40.91876602,41.36583834,40.82464813,41.15995125,6049100
3/13/2008,40.73054123,41.02466704,40.15405715,40.37170738,6734000
3/14/2008,40.26582718,41.03055619,40.01876254,41.03055619,7798000
3/17/2008,40.67760086,41.20702822,39.97169622,40.00111059,9426100
3/18/2008,41.18935776,41.38936555,40.68934501,41.36583496,7871800
3/19/2008,41.28350449,42.05999655,41.01879302,41.177619,6252600
3/20/2008,41.87761688,42.01291219,41.17759631,41.471722,7360200
3/24/2008,42.0305748,42.30705377,41.68350851,42.00116491,4580400
3/25/2008,42.0835228,42.47765032,41.87763562,42.05999219,4777300
3/26/2008,41.85998154,42.20704779,41.80115279,41.94821568,3740700
3/27/2008,41.87761688,42.29527482,41.73055404,42.02467973,5078000
3/28/2008,42.09528351,42.35411565,42.00116559,42.00116559,3770100
3/31/2008,42.47174835,42.55998696,41.93055815,42.23645139,6499000
4/1/2008,42.43058777,42.45411837,41.78939566,42.28940864,6937200
4/2/2008,42.01293182,42.31294142,41.90704635,42.17764157,5123100
4/3/2008,42.00115967,42.29528543,41.80115182,41.80115182,4699100
4/4/2008,42.07762527,42.42469596,41.94232996,42.05997845,4569600
4/7/2008,42.27175903,42.38940755,41.85410095,42.30117341,5689100
4/8/2008,41.93057632,42.17176165,41.84233768,42.00116814,5376700
4/9/2008,41.74821472,41.95998565,41.54232757,41.87174701,4305200
4/10/2008,42.17764282,42.40118133,41.61292176,41.67174603,6035600
4/11/2008,42.00115967,42.254108,41.83056619,42.17175315,4302000
4/14/2008,41.73643875,42.2776335,41.71879193,42.0011546,4760600
4/15/2008,41.89526367,42.03644275,41.63643163,41.9129105,3739900
4/16/2008,41.83056259,42.16586575,41.40702081,42.16586575,7591500
4/17/2008,41.63056946,41.93057907,41.39527238,41.63056946,4670800
4/18/2008,41.53056335,42.1129312,41.09525841,42.08940508,8110400
4/21/2008,41.11878204,41.63055799,41.07760462,41.23054678,5314300
4/22/2008,40.64818573,41.08937444,40.37170675,41.0246664,7486600
4/23/2008,40.70111084,41.15994616,40.46580941,40.64816589,7170900
4/24/2008,40.00110245,40.93642019,40.00110245,40.47758473,10145400
4/25/2008,39.77755737,40.20697834,39.53637217,40.17756847,8427200
4/28/2008,40.09522629,40.41287816,39.58344584,39.7363925,8480400
4/29/2008,40.1187439,40.29522111,39.87167938,40.12462767,4848400
4/30/2008,40.31287384,40.81877048,39.88933205,39.88933205,6561300
5/1/2008,40.29523087,40.44229375,40.01875192,40.27170027,5720900
5/2/2008,40.64818573,41.07172761,40.45406162,40.60112452,7120600
5/5/2008,40.33639908,41.0128891,40.18933623,40.75994081,5009700
5/6/2008,40.33639908,40.42463769,39.92462489,40.24228119,5332800
5/7/2008,40.00698471,40.65994422,39.90697855,40.44228955,6699700
5/8/2008,39.73051453,40.24817433,39.55403725,40.23641127,6329100
5/9/2008,39.71286774,39.94816928,39.30108891,39.85993064,5910300
5/12/2008,39.6187439,39.83051483,39.38932613,39.73639691,5120000
5/13/2008,39.55993271,39.81288116,39.3246311,39.6422876,5474000
5/14/2008,39.4716835,39.98934781,39.43638984,39.85404796,6229800
5/15/2008,40.04227829,40.20110422,39.48344118,39.6187365,6554900
5/16/2008,39.92464447,40.25994776,39.85993642,40.18935594,7180400
5/19/2008,40.01874161,40.07168657,39.70696909,40.04815597,5414300
5/20/2008,39.68344879,39.97757456,39.54226968,39.74815682,6275400
5/21/2008,39.57168961,40.12464764,39.50698605,39.56581032,6132400
5/22/2008,40.22464752,40.39524104,39.70698767,39.70698767,6295400
5/23/2008,40.15406418,40.22465151,39.93052565,40.03053185,5411500
5/27/2008,40.59524918,40.64818967,40.03052811,40.09523615,6181400
5/28/2008,39.95993423,40.58936331,39.88346314,40.58936331,6476300
5/29/2008,40.48936462,40.61289694,39.95993721,39.96582098,4940100
5/30/2008,40.17759705,40.5305472,40.01876656,40.5305472,5569800
6/2/2008,39.73638916,40.13051657,39.45402648,40.06580855,7186500
6/3/2008,39.44226837,39.85404266,39.25402805,39.85404266,6995200
6/4/2008,39.46890259,39.69386698,39.3209016,39.5044259,5829400
6/5/2008,39.8359642,39.87148301,39.35052093,39.62284232,5918000
6/6/2008,38.78809357,39.68794202,38.74665347,39.58730245,9734200
6/9/2008,38.69930267,39.02490216,38.29673978,39.02490216,9046500
6/10/2008,40.00763702,40.41611677,38.65194713,38.65194713,10358400
6/11/2008,39.9543457,40.28587099,39.79450662,39.87146551,7947600
6/12/2008,40.22667313,40.39243805,39.84187411,40.16155232,6566500
6/13/2008,39.98395538,40.37467572,39.50443353,40.23259601,8322000
6/16/2008,39.09595871,40.11420668,38.62827484,39.67020352,10057000
6/17/2008,38.99531555,39.40971666,38.7999531,39.22027551,7633100
6/18/2008,38.51576614,38.9716116,38.49208545,38.95385221,8905200
6/19/2008,39.00714493,39.20842865,38.4506597,38.5572206,6146200
6/20/2008,38.52762222,39.13738563,38.42698262,38.92426383,10181400
6/23/2008,38.26122665,38.66378966,38.10730883,38.61643276,5723600
6/24/2008,37.90009308,38.35001737,37.47977305,38.19609507,6919200
6/25/2008,38.78809357,39.02489603,37.96520851,37.96520851,8838600
6/26/2008,38.34410477,38.87690938,38.29082656,38.29082656,8014500
6/27/2008,37.84681702,38.69930425,37.78761752,38.45658043,9890300
6/30/2008,37.64553833,38.34410104,37.53305837,38.07770102,9260200
7/1/2008,38.12506866,38.20202758,37.46202238,37.46202238,9900000
7/2/2008,38.93017578,39.06633414,38.15464764,38.19017094,9356000
7/3/2008,39.52810287,39.61098759,38.90058012,38.90058012,5571800
7/7/2008,39.43931198,39.6642719,39.12554604,39.49851148,7867700
7/8/2008,38.97162247,39.54586704,38.82953826,39.31498585,9145000
7/9/2008,38.68746567,39.16699204,38.53354334,39.06634792,6353300
7/10/2008,38.82953644,38.91833793,38.34409339,38.77625825,6384100
7/11/2008,38.27897263,38.68745223,37.85272686,38.48617308,9117700
7/14/2008,38.42697144,38.78808962,38.07176552,38.56905109,6182300
7/15/2008,38.81769562,38.98345599,37.96520855,38.10137144,8423500
7/16/2008,39.1255455,39.14922621,38.50986526,38.93610439,5708600
7/17/2008,38.79403305,39.36235652,38.09546794,39.36235652,10344500
7/18/2008,38.72299576,38.91835371,38.36778964,38.74667195,7075900
7/21/2008,38.15464401,38.95385277,38.04216636,38.95385277,5265100
7/22/2008,39.18474579,39.28538538,37.9592977,38.2552997,8881400
7/23/2008,40.09052277,40.17340299,38.7821941,39.36235566,9255900
7/24/2008,39.90106964,40.26810922,39.62874835,40.16746963,5342500
7/25/2008,39.7945137,40.22075735,39.50443298,40.10827513,9276000
7/28/2008,39.49259567,39.84188046,39.24395502,39.78859774,4495300
7/29/2008,39.65244293,39.81228208,39.39195964,39.51627998,8205700
7/30/2008,39.61098099,40.03721998,39.40969732,39.81226013,7876800
7/31/2008,39.40377808,39.91882309,39.32089789,39.54586226,7317600
8/1/2008,39.44522476,39.90107037,39.28538567,39.55770697,7640100
8/4/2008,40.06091309,40.2266735,39.44522833,39.49258974,9717000
8/5/2008,40.5641098,40.7239534,40.00170784,40.24443163,12080000
8/6/2008,40.57595062,40.57595062,40.23258725,40.52858922,5151400
8/7/2008,40.22667313,40.55227716,40.13787613,40.52267515,5769500
8/8/2008,41.05546951,41.1205903,40.16746366,40.22074636,8564700
8/11/2008,41.00811386,41.13243867,40.70619508,41.05547526,6004500
8/12/2008,41.21533966,41.35149812,40.81869336,41.085098,5342300
8/13/2008,41.28636169,41.51724292,40.97260027,41.05548047,6085800
8/14/2008,41.40476227,41.93164548,40.92523594,41.30411815,5605200
8/15/2008,41.55869675,41.69485971,41.30413474,41.55869675,5637500
8/18/2008,41.32778931,41.82507491,41.17387155,41.71259273,4405300
8/19/2008,41.4994812,41.73036241,40.98444059,41.08508019,6164700
8/20/2008,41.35148239,41.65932703,41.08508237,41.65932703,4082700
8/21/2008,41.07914734,41.23899091,40.64106575,41.15018943,5647400
8/22/2008,41.38107681,41.55867529,41.07915354,41.17979312,3392300
8/25/2008,40.8778801,41.38108262,40.70027708,41.2034796,3999000
8/26/2008,40.670681,41.03180387,40.52860128,40.93708556,4386200
8/27/2008,40.96668243,40.97260374,40.41020164,40.59964278,2960100
8/28/2008,40.96075058,41.12058964,40.7772263,41.06731146,3326100
8/29/2008,40.54043198,41.13243592,40.51082997,40.95483293,4206100
9/2/2008,41.12059402,41.76588068,40.76539256,40.78315195,6397600
9/3/2008,41.21292496,41.27844666,40.79001503,41.06996603,5213300
9/4/2008,40.73640442,41.59413979,40.68279823,41.09379264,5859800
9/5/2008,41.05210114,41.18910232,40.58749595,40.58749595,6165000
9/8/2008,41.89791489,42.01108956,41.23079145,41.23079145,6948600
9/9/2008,42.29105377,42.51739862,41.6775364,41.6775364,11337400
9/10/2008,42.78544998,42.88075142,41.94558308,42.44593038,10297000
9/11/2008,43.25601578,43.29771101,42.30893186,42.60675625,8129000
9/12/2008,43.57170486,43.60148457,42.9224454,43.01775137,6930500
9/15/2008,43.09518051,43.81591486,42.93435737,42.93435737,9174500
9/16/2008,43.47044373,43.60148262,42.53527546,42.53527546,11410800
9/17/2008,42.69607925,43.78015921,42.60673108,43.26194344,13533800
9/18/2008,43.61934662,44.23881713,42.60674133,42.87478591,13124400
9/19/2008,43.5955162,44.82255069,43.07730036,43.85759846,14671500
9/22/2008,42.33868408,43.59550241,42.17785649,43.43467482,7445600
9/23/2008,42.14214706,43.08327314,42.03493011,42.3744497,7294600
9/24/2008,41.75497055,42.36253473,41.40354002,41.90984048,9390100
9/25/2008,42.46974564,42.88074007,41.8681393,41.93961876,6851600
9/26/2008,42.71396255,42.96413389,41.87410035,41.87410035,6489500
9/29/2008,41.4928894,43.05348604,40.98658439,42.18979727,11650400
9/30/2008,42.45188141,42.70205732,41.62393007,41.62393007,10903100
10/1/2008,42.67226791,42.98796096,42.0885348,42.0885348,7986600
10/2/2008,42.23744202,43.02965116,42.15404704,42.39826513,10862600
10/3/2008,41.09975815,42.64844378,40.89723978,42.63057505,10360800
10/6/2008,39.69401932,41.26057338,38.56824391,40.2777569,15854700
10/7/2008,38.7886467,40.41476518,38.53251756,40.05737685,12900400
10/8/2008,37.8891983,39.18175435,37.38885351,38.32997688,12963300
10/9/2008,35.45300293,38.38954827,35.44704517,37.97855158,15361400
10/10/2008,34.42848206,37.39481124,31.69445541,34.35700487,21549700
10/13/2008,36.79320145,37.07315692,34.8752129,35.33982019,13334500
10/14/2008,32.40327835,34.96456637,31.72423717,33.52309586,34963700
10/15/2008,30.5269928,32.59389431,30.16960452,32.25437476,22994100
10/16/2008,31.617033,31.71829219,30.17556202,30.61038528,19697100
10/17/2008,32.09354401,33.04658076,30.82481198,30.89628917,14242400
10/20/2008,33.80902481,33.80902481,32.0756869,32.48668602,13080400
10/21/2008,32.76067352,33.73158139,32.58197939,33.35036665,9079800
10/22/2008,31.95059586,32.677288,31.20603498,32.15907426,9405500
10/23/2008,31.85529137,32.5343305,30.41382264,32.00420354,11878400
10/24/2008,30.83078003,31.57534101,30.02665508,30.08621905,10365200
10/27/2008,30.66993713,32.02801476,30.21128759,31.08093371,9168600
10/28/2008,33.25506973,33.65415329,31.06903771,31.36090659,12930100
10/29/2008,32.76067352,34.2378818,32.29606833,33.27293169,9255900
10/30/2008,33.99962234,34.35701059,33.24910385,33.4873642,10030900
10/31/2008,33.9579277,34.54166537,33.50523574,33.95197222,9416200
11/3/2008,34.23193359,34.46423624,33.65415359,33.93410923,5567000
11/4/2008,34.75014877,35.28027581,34.39276043,34.839497,6680000
11/5/2008,33.9579277,35.17305147,33.7434961,34.8633139,8610400
11/6/2008,32.67132187,34.19022748,32.22458546,33.60648991,10154600
11/7/2008,32.97509384,33.45756756,32.30796831,32.93935412,9906900
11/10/2008,32.5283699,33.58862367,32.01611175,33.58266818,7633300
11/11/2008,32.80832291,33.42779567,31.84932839,32.52836736,7532200
11/12/2008,31.62894249,32.79641557,31.52172555,32.23650439,7447800
11/13/2008,33.11209869,33.17166263,30.97967607,31.7361499,10991600
11/14/2008,31.87911224,33.4337554,31.03924784,32.62962845,9990700
11/17/2008,31.55149841,32.63557839,31.33110686,31.84932263,8527600
11/18/2008,31.65275764,32.09353849,30.44359204,30.98563203,13268800
11/19/2008,31.03328323,32.40327648,30.85458915,31.45619536,11360000
11/20/2008,29.95516014,32.13523331,29.78242155,30.72950265,13542800
11/21/2008,32.51647568,32.62964816,29.62757923,30.52105264,17891200
11/24/2008,33.15379715,33.35036226,31.52171917,32.70110527,14416500
11/25/2008,32.16502762,33.86858315,31.35494508,33.18358628,11302400
11/26/2008,32.71897507,32.77853901,31.28941764,32.09354454,8115500
11/28/2008,33.77327347,33.83879517,32.76662596,32.86788739,3526300
12/1/2008,31.95059586,33.59458754,31.89103189,33.09424254,7918200
12/2/2008,32.43306351,32.66536607,31.63489437,32.46880097,7039200
12/3/2008,32.46608734,32.55613613,31.50555087,32.11188993,10379100
12/4/2008,31.41550827,32.72423549,31.10933637,32.21395204,7775200
12/5/2008,32.03985596,32.72423701,30.83918679,31.46353531,9936200
12/8/2008,32.17791748,32.71821927,31.73367138,32.65218213,9974200
12/9/2008,31.37946701,32.19592184,31.1933626,32.06984992,7472100
12/10/2008,31.82372475,32.0998803,31.37947858,31.5895947,5651200
12/11/2008,31.6436348,32.41806695,31.47554185,31.81773237,5699500
12/12/2008,31.23540306,31.42150758,30.6230616,30.94724278,6984400
12/15/2008,31.46953392,31.73968491,30.68909952,31.46353158,6148700
12/16/2008,32.5441246,32.67019427,31.52355575,31.76369041,9408900
12/17/2008,32.61617661,32.96436945,31.97381654,32.27998844,8002500
12/18/2008,32.84428787,33.24651303,32.64617875,32.7902577,10270600
12/19/2008,32.47207642,33.3125452,32.31599053,32.92232706,11422100
12/22/2008,32.26798248,32.92834958,31.79371763,32.58615907,5738700
12/23/2008,32.5201149,33.16247484,32.21394535,32.2799825,6249900
12/24/2008,32.74223709,32.92233694,32.4600792,32.56813957,2051200
12/26/2008,32.75424576,33.09043156,32.58014823,32.83228758,2855000
12/29/2008,32.46007156,33.06040579,32.0698534,32.9043199,4708600
12/30/2008,32.94635391,33.03040037,32.47208917,32.48409613,5010600
12/31/2008,32.88031387,33.36058091,32.78426047,33.0363998,5024400
1/2/2009,33.60071182,33.70276756,32.85029394,32.97636359,5182400
1/5/2009,33.37858963,33.55869177,33.07842245,33.51066392,7122000
1/6/2009,33.43864441,34.17705584,33.01840965,33.57672112,8081600
1/7/2009,32.35202408,33.22250951,32.22595439,33.22250951,7364600
1/8/2009,31.96780396,32.46007794,31.69765304,32.29798739,8210400
1/9/2009,31.55957413,32.29798505,31.45751839,32.09987592,6910700
1/12/2009,30.85118675,31.61361177,30.65907991,31.61361177,9240700
1/13/2009,31.35546494,31.49354157,30.73712125,30.85118396,9295800
1/14/2009,30.67707443,31.16934826,30.21481915,31.15734359,8619000
1/15/2009,30.33488083,30.67707108,26.28262572,30.64705483,8860900
1/16/2009,30.83917809,31.03128491,30.47297373,30.50299228,8964200
1/20/2009,30.2748642,31.27141922,30.21483167,30.96524968,8057700
1/21/2009,30.28085709,30.64706133,29.78858321,30.64706133,8982200
1/22/2009,30.22683907,30.35291104,29.56046974,29.90866254,8916100
1/23/2009,30.38892365,30.45496079,29.47641517,29.65651731,7818700
1/26/2009,30.86919594,30.97725632,30.01672213,30.49098689,7619600
1/27/2009,31.00126648,31.38548011,30.85118289,30.95324092,6763800
1/28/2009,31.24139404,31.36746368,30.83316658,31.12732907,5803800
1/29/2009,31.02527046,31.4575118,30.86918229,31.12732617,5372400
1/30/2009,30.15480042,31.14535322,30.0047168,30.91722547,7582400
2/2/2009,30.09475899,30.25684952,29.44039451,29.87263365,5659900
2/3/2009,30.92922592,31.06130021,29.87864081,30.32889157,5319100
2/4/2009,30.91120529,31.34944893,30.61704056,30.94122154,6898600
2/5/2009,31.42749405,31.61960081,30.37090688,30.53299739,9224600
2/6/2009,32.13589478,32.20193192,31.30743508,31.38547689,6908800
2/9/2009,30.87520027,31.9738111,30.48498197,31.9738111,9006100
2/10/2009,29.73454857,30.87518433,29.54844646,30.56901264,10779800
2/11/2009,30.38292313,30.56902532,29.76457945,30.10076524,5917500
2/12/2009,31.21740341,31.31945921,30.01673405,30.32290373,10423700
2/13/2009,31.55957413,32.09387129,30.6650773,31.25940698,11981300
2/17/2009,31.10932159,31.28341908,30.31688054,30.88719856,12454400
2/18/2009,30.93523026,31.37947871,30.69509787,31.37947871,6145400
2/19/2009,31.33745384,31.54756995,30.61705216,30.77914271,6862800
2/20/2009,30.8871994,31.24739906,30.59903922,30.93522495,9897500
2/23/2009,30.1127758,31.12734019,30.03473168,30.89321013,6899600
2/24/2009,31.02527046,31.1153215,30.08274599,30.54500358,8221100
2/25/2009,30.448946,31.12732188,30.32887872,30.92921282,7180000
2/26/2009,29.6685276,30.83317791,29.6144997,30.69510126,7448800
2/27/2009,28.90009308,29.7945922,28.90009308,29.50643201,9237600
3/2/2009,28.12566185,28.78002635,28.07163167,28.40181738,8637300
3/3/2009,29.09820747,29.44640022,28.38380811,28.665966,14962400
3/4/2009,28.82870293,29.64026737,28.46531683,29.52519565,10631500
3/5/2009,27.84150124,28.53193616,27.49022603,28.45320167,11778600
3/6/2009,28.52587891,28.61672658,27.84755715,27.90206529,10849400
3/9/2009,27.74458885,28.57432157,27.6355726,28.22304648,7985900
3/10/2009,28.22304726,28.26544221,27.76881365,27.92022485,9347300
3/11/2009,28.71967697,28.85291957,28.19882435,28.27755652,8048400
3/12/2009,29.24659729,29.31927404,28.50770966,28.63489455,8257800
3/13/2009,29.44646072,29.56153476,29.02856648,29.42223668,7977300
3/16/2009,29.51307678,30.14900349,29.47068182,29.62209305,7482300
3/17/2009,29.82801056,29.84012373,29.08306763,29.50701951,6697400
3/18/2009,29.96124268,30.2277255,29.19812909,29.19812909,9202800
3/19/2009,29.67054558,30.21562462,29.494908,30.20351144,10284100
3/20/2009,30.29436493,30.53056612,29.82196254,29.82196254,13268800
3/23/2009,31.26945305,31.26945305,30.4215491,30.48211498,7535800
3/24/2009,31.20888519,31.46931272,30.96057084,30.99085263,5903300
3/25/2009,31.77818489,31.97199105,31.29366718,31.62071594,8705500
3/26/2009,32.19607544,32.22030178,31.49352761,32.08100377,7122900
3/27/2009,31.72973251,32.15973979,31.56620813,31.88114372,5875700
3/30/2009,31.36635017,31.86903424,31.05746998,31.52987458,7584800
3/31/2009,31.17858887,31.79634674,31.17858887,31.65099099,9179900
4/1/2009,31.62677765,31.75396252,30.88789013,30.89394556,7010900
4/2/2009,32.01438904,32.42017,31.80241194,32.056784,7436500
4/3/2009,31.91142845,32.32326716,31.64494553,32.0991792,5591400
4/6/2009,31.89933395,32.12342436,31.64496406,31.82060174,4506700
4/7/2009,31.64494514,31.88114628,31.51170253,31.83269589,5547000
4/8/2009,31.66310501,31.81451619,31.4026776,31.65099184,4920600
4/9/2009,31.5540905,32.15367982,31.40873705,31.70550169,7165400
4/13/2009,31.18465233,34.49147244,31.0635229,31.50564334,5863200
4/14/2009,30.62141037,31.0938127,30.45182821,30.97268325,7731600
4/15/2009,31.51775932,31.55409654,30.42759903,30.42759903,6727800
4/16/2009,31.46930504,31.63888716,30.98478963,31.63888716,6115800
4/17/2009,31.57226563,31.77818496,31.31183816,31.49353115,8820400
4/20/2009,30.19744873,31.24521391,29.99152942,31.08168954,18459600
4/21/2009,29.88858223,30.61535675,29.37378486,30.38521098,13960700
4/22/2009,29.05884743,30.40338009,28.99828385,30.1974607,20499500
4/23/2009,29.00434494,29.34956248,28.76814371,29.31322525,12256700
4/24/2009,29.38588905,29.62814561,29.02855849,29.25870419,11306900
4/27/2009,29.74321938,29.9794205,29.17391173,29.24053303,9540400
4/28/2009,30.30646896,30.445767,29.5009602,29.5009602,11569100
4/29/2009,30.5547924,31.02113936,30.37915479,30.37915479,15118800
4/30/2009,30.13689804,30.88789895,29.99154452,30.8333908,10978300
5/1/2009,30.15506935,30.21563294,29.57365062,30.13689843,7617400
5/4/2009,29.73717308,30.38521314,29.59787499,30.38521314,13087000
5/5/2009,30.1187191,30.25196171,29.74927536,29.7553331,11609800
5/6/2009,30.11266518,30.46393802,29.79167181,30.46393802,7561900
5/7/2009,29.97337341,30.31859089,29.82196216,30.19746143,13254900
5/8/2009,30.13083267,30.24590437,29.73110715,30.20956715,10686200
5/11/2009,30.02787399,30.30647008,29.84617868,30.00970308,8192800
5/12/2009,29.84012032,30.16111133,29.56757969,30.11266094,15410500
5/13/2009,30.07632637,30.20956899,29.76139074,29.79773026,11299700
5/14/2009,30.80916977,30.98480743,29.98549195,30.10056602,10200100
5/15/2009,30.47604942,30.77887186,30.30041186,30.60323429,8205900
5/18/2009,30.99084854,31.02718807,30.49421991,30.65774431,6461700
5/19/2009,31.25732994,31.55409461,30.94844978,31.06352378,7584800
5/20/2009,31.52987099,31.79635388,31.2149354,31.41479699,8536000
5/21/2009,31.18465233,31.41479569,30.88182992,31.27549766,6096200
5/22/2009,31.23310471,31.4632504,31.00901676,31.23916245,4565800
5/26/2009,31.05748558,31.30580002,30.8333975,30.8939611,8835100
5/27/2009,30.28829575,31.19070752,30.17322406,31.11803079,8811400
5/28/2009,30.90000725,31.0695871,30.37915219,30.43366033,7960400
5/29/2009,31.52381325,31.57832138,30.79703898,30.92422615,9341500
6/1/2009,32.17792511,32.33539182,31.64495677,31.65706995,8262500
6/2/2009,33.53454971,33.7525822,32.19001992,32.38382606,13707800
6/3/2009,33.13766479,33.52234812,32.90563332,33.52234812,11515700
6/4/2009,33.47349548,33.52234519,32.85067569,33.1376619,12602700
6/5/2009,33.51014709,33.88261812,33.27811555,33.80934353,10394100
6/8/2009,33.06438065,33.57729078,32.69801493,33.38800171,6846900
6/9/2009,32.65528488,33.18040764,32.4904206,33.10102802,8065100
6/10/2009,32.58202362,33.03997934,32.35609945,32.80794779,6291700
6/11/2009,32.34387589,32.96058836,32.31945103,32.47820793,8817200
6/12/2009,32.75909042,32.88121005,32.11795074,32.2706026,5958400
6/15/2009,32.28891754,32.6919183,32.22785541,32.63696355,6089700
6/16/2009,31.95918655,32.54536901,31.8737019,32.39882456,6477900
6/17/2009,32.34387589,32.86899864,31.81875313,31.94087508,9395200
6/18/2009,33.27199554,33.41854,32.28891734,32.44156918,7047100
6/19/2009,32.91785049,33.61394268,32.7835161,33.42465584,9530500
6/22/2009,32.66138458,32.9056261,32.47209549,32.75297428,5314100
6/23/2009,32.36829758,32.87510284,32.24007058,32.82014808,6528600
6/24/2009,32.39270401,32.8689791,32.17899247,32.56367557,4730800
6/25/2009,32.96670151,33.20483807,32.09353255,32.29503183,8050400
6/26/2009,33.40023041,33.52235237,32.66750095,32.80183534,8836600
6/29/2009,33.48570633,33.88870708,33.34526692,33.78490495,6368100
6/30/2009,33.55899429,33.85819305,33.41244977,33.54678186,8815400
7/1/2009,34.51153564,34.6153378,33.65668423,33.65668423,9715200
7/2/2009,34.40771866,34.69470482,34.05356765,34.21232452,8161900
7/6/2009,34.88399124,34.90841376,34.24285412,34.35886866,8886600
7/7/2009,34.19400406,35.08549003,34.14515436,34.84735359,11953500
7/8/2009,33.49181747,34.27339659,33.29031823,34.24897173,12094700
7/9/2009,33.3880043,33.79100499,33.21703502,33.6505656,7263600
7/10/2009,33.40633392,33.5101384,33.15598496,33.19262224,5945700
7/13/2009,33.99250793,34.10852481,33.35137072,33.43075033,8829400
7/14/2009,34.2489624,34.26727988,33.81543179,33.96808361,4569900
7/15/2009,34.97559357,34.99391337,34.37719855,34.52374536,7676100
7/16/2009,34.96337891,35.23204765,34.70081987,34.80462201,6302300
7/17/2009,34.59701157,34.96337504,34.47488963,34.76187583,6188100
7/20/2009,34.24287415,34.73746479,33.80323594,34.71303993,7828900
7/21/2009,34.43824768,34.615322,33.85817036,34.49320242,6075100
7/22/2009,34.12684631,34.43825738,33.80933019,34.32834787,7498900
7/23/2009,34.49932861,34.70693529,33.96199329,34.20012987,8862400
7/24/2009,34.44435501,34.65806662,34.02303685,34.54205208,6741600
7/27/2009,34.40161896,34.63365041,34.17569489,34.3771941,5825000
7/28/2009,34.17569733,34.5970156,34.01083305,34.22454471,7151400
7/29/2009,34.39552307,34.43826541,34.04136959,34.05358202,5395800
7/30/2009,34.56037903,35.18930625,34.52374407,34.63975865,6718600
7/31/2009,34.65196609,34.98169461,34.48710184,34.59090629,6003000
8/3/2009,34.31613159,34.79240455,34.16958481,34.79240455,6493600
8/4/2009,36.06248093,36.41663208,35.10993236,35.42744855,27850100
8/5/2009,35.65336609,36.33114068,35.59230628,36.1357465,10093500
8/6/2009,35.31142426,35.90981918,35.22593727,35.78769724,7550400
8/7/2009,35.25647354,35.54345745,35.14045664,35.47629026,6869400
8/10/2009,35.0549736,35.28700509,34.76798736,35.28700509,8127700
8/11/2009,34.74966431,35.14045264,34.73745188,34.90842119,6785300
8/12/2009,34.60924149,35.14046948,34.40163479,34.67030132,6911300
8/13/2009,34.49321365,34.74966765,34.21233247,34.71303036,7187200
8/14/2009,34.53594971,34.84125336,34.24285848,34.49931243,6395100
8/17/2009,34.30392075,34.67028422,34.10852658,34.43825511,5760100
8/18/2009,34.34056091,34.65807471,34.1451644,34.32834849,9730700
8/19/2009,34.46879196,34.62754888,34.19401814,34.32835252,5845000
8/20/2009,34.70691299,34.90230711,34.31612476,34.37718455,6064000
8/21/2009,35.10382462,35.2503691,34.68250397,34.84736827,8890100
8/24/2009,35.07939911,35.28089836,34.84126257,35.2259436,5690000
8/25/2009,34.98168945,35.29309812,34.84735511,35.0183244,5822700
8/26/2009,35.34194946,35.53123623,34.88399401,35.01832603,7396800
8/27/2009,35.26868439,35.47629101,35.10992748,35.16488224,5854300
8/28/2009,34.65807724,35.41523149,34.56648752,35.39080663,6603800
8/31/2009,34.60313416,34.79242336,34.42605971,34.53596927,5522400
9/1/2009,34.34667206,34.98780947,34.15127784,34.56038375,7964700
9/2/2009,34.68519974,34.85139353,34.27894903,34.46361037,8902900
9/3/2009,34.86371613,34.96220111,34.4697762,34.80216389,7820200
9/4/2009,35.41767502,35.51615994,34.67288264,34.74674574,8841700
9/8/2009,35.87319183,35.91012459,35.28843851,35.49156278,13031000
9/9/2009,35.72546005,35.91011909,35.61466416,35.91011909,10094900
9/10/2009,35.61466217,35.73161234,35.41769223,35.65159257,7601400
9/11/2009,36.19942093,36.26712745,35.54080218,35.73161551,8195300
9/14/2009,36.13171005,36.24866023,35.8300985,36.00244896,5949000
9/15/2009,35.87935257,36.15634238,35.64544981,36.15634238,6339500
9/16/2009,35.91012192,35.9901417,35.49771443,35.91012192,5747600
9/17/2009,36.19325638,36.31020888,35.83624928,35.9162667,7034500
9/18/2009,36.84572983,36.93190389,36.29175033,36.340994,14645500
9/21/2009,36.32868195,36.72262187,36.19942085,36.6364478,7785600
9/22/2009,36.05783463,36.43946348,35.88548422,36.37790892,6801900
9/23/2009,35.99013138,36.36560601,35.91011162,36.12554673,6122400
9/24/2009,36.03321838,36.20556647,35.84855938,36.05168358,6157700
9/25/2009,36.11940384,36.3963936,35.89781203,36.00860793,6758800
9/28/2009,36.33483887,36.61798526,36.08247094,36.28559755,4085900
9/29/2009,36.01475525,36.50718244,35.70083515,36.37791901,7086400
9/30/2009,36.10709763,36.23020446,35.70700099,36.1563413,8898400
10/1/2009,35.98396683,36.31020008,35.8670167,36.1316954,9010200
10/2/2009,37.48588181,37.69516268,36.27328359,36.39023377,17530200
10/5/2009,37.4550972,37.6951565,37.01807032,37.44278863,7892000
10/6/2009,37.46741867,37.71363232,37.1904289,37.57821458,8128900
10/7/2009,37.65207672,37.78134018,37.20889545,37.45510675,6441900
10/8/2009,37.17195511,37.69515841,36.80879135,37.69515841,17263400
10/9/2009,37.29507065,37.36277952,36.81495661,37.16580954,6360200
10/12/2009,37.49818802,37.76902345,37.08578293,37.19657882,6178100
10/13/2009,37.30121613,37.54742972,37.25197482,37.47356658,7502000
10/14/2009,37.92906952,37.96600227,37.36278138,37.5105077,8462200
10/15/2009,38.58151627,38.62460328,37.78748003,37.8982759,10518600
10/16/2009,38.34146881,38.58152579,38.23067292,38.4522647,6588400
10/19/2009,38.19374466,38.51382145,38.10141631,38.33531668,5557300
10/20/2009,37.90444565,38.19374397,37.62129926,38.16296785,8068000
10/21/2009,38.06446838,38.37223414,37.68899379,37.78132445,7445000
10/22/2009,37.85520172,38.10141535,37.46741607,38.10141535,5428100
10/23/2009,37.56590271,37.95984266,37.2889153,37.79980544,6505200
10/26/2009,37.22119904,37.85519587,37.06115949,37.63360411,5113000
10/27/2009,37.54741287,37.76284791,36.99343371,37.32582121,7262900
10/28/2009,37.54128265,37.86751373,37.393554,37.47357379,6321900
10/29/2009,37.78749847,37.83058551,37.28276256,37.55359572,5245300
10/30/2009,37.27044678,37.94137647,37.15965088,37.7628717,7794100
11/2/2009,37.30121613,37.59051675,37.03038305,37.41816864,6618800
11/3/2009,36.96883392,37.17195816,36.69799848,37.11040593,5797000
11/4/2009,37.16580963,37.52281684,36.80264579,37.03039189,5552100
11/5/2009,37.68902206,37.79981801,37.19044033,37.20275125,5578500
11/6/2009,38.01523209,38.01523209,37.41816801,37.5412748,4831000
11/9/2009,38.33530807,38.3599299,37.81210714,38.04600981,6921800
11/10/2009,38.21220398,38.7415592,38.1198733,38.26759957,7094100
11/11/2009,38.53228378,38.58152745,38.21220936,38.37224657,4714300
11/12/2009,37.71362686,38.62461348,37.60898525,38.46457627,8474900
11/13/2009,38.12603378,38.24298631,37.76286998,37.93522045,6411100
11/16/2009,38.42762375,38.46455648,38.12601234,38.2922061,4966800
11/17/2009,38.53228378,38.55075133,38.1814309,38.42148789,4362400
11/18/2009,38.34762573,38.47688683,38.0460165,38.4337998,3952300
11/19/2009,38.08909607,38.22451142,37.76286272,38.22451142,4390400
11/20/2009,38.21220398,38.35377597,37.81210749,37.95983376,5314600
11/23/2009,38.46456528,38.77233103,38.32299096,38.44609774,5009400
11/24/2009,38.47073364,38.56306434,38.24298756,38.54459679,4139700
11/25/2009,38.89543915,38.9446828,38.46456893,38.4891884,4672600
11/27/2009,38.34762573,38.50150866,38.00908376,38.31069533,3416000
11/30/2009,38.29838943,38.67386421,38.2553024,38.55691166,7252700
12/1/2009,39.31401443,39.35094719,38.46458226,38.58153246,6887700
12/2/2009,39.45658493,39.51237595,39.15903123,39.3635991,6195800
12/3/2009,38.90486145,39.41937877,38.84907044,39.41318082,6406200
12/4/2009,39.58055496,39.67354077,39.10323476,39.16522372,8907000
12/7/2009,39.81611633,39.97109109,39.40078276,39.48756824,6259700
12/8/2009,39.35120392,39.72934047,39.1466384,39.72934047,6161600
12/9/2009,38.30977249,38.67551314,37.66507672,38.48334589,20222300
12/10/2009,38.33456802,38.82428898,38.22918393,38.52673763,8512500
12/11/2009,37.98121643,38.66930478,37.92542542,38.34075666,8249600
12/14/2009,37.80144119,38.29116198,37.72705397,38.24776923,7437800
12/15/2009,37.80765152,38.05560977,37.44191091,37.82004742,7656600
12/16/2009,37.61549759,38.24159497,37.57830277,37.9254473,8127400
12/17/2009,37.21875381,37.59069244,37.21875381,37.59069244,8336100
12/18/2009,36.87160873,37.14436356,36.43148081,37.14436356,18604200
12/21/2009,37.49149704,37.64647181,36.94598517,37.02037477,7973000
12/22/2009,37.58449173,37.68367551,37.34892936,37.54729692,6026000
12/23/2009,37.61549759,37.73327763,37.34894065,37.73327763,3829000
12/24/2009,37.78905869,37.78905869,37.44191661,37.60308938,1502900
12/28/2009,37.91302872,37.96881973,37.73325741,37.93162493,4364200
12/29/2009,37.87583923,38.17959087,37.87583923,37.99362159,3787000
12/30/2009,38.00601578,38.09280128,37.73325865,37.8138462,3779400
12/31/2009,37.68987656,38.08661173,37.66508002,37.96883171,3316300
1/4/2010,37.96263123,38.13620226,37.59069026,37.93163437,6585900
1/5/2010,38.42135239,38.49573963,37.75186248,37.81385145,8886000
1/6/2010,38.03701019,38.72509859,37.95642265,38.4275473,9998000
1/7/2010,37.79524994,38.04940848,37.52249281,38.0308099,10792000
1/8/2010,37.67127609,37.70227058,37.36132648,37.66507578,8674700
1/11/2010,37.6278801,37.69606938,37.25593918,37.61548183,6461200
1/12/2010,38.15478897,38.23537652,37.50389539,37.51629366,9081800
1/13/2010,38.46475601,38.6445274,38.06802079,38.06802079,7380100
1/14/2010,38.9296608,39.00404802,38.2849652,38.44614028,7211600
1/15/2010,38.61352539,38.99786227,38.32217198,38.81189296,8361200
1/19/2010,38.63830566,38.68789635,38.41514165,38.57631435,5615800
1/20/2010,38.40275192,38.52673222,38.08660204,38.48953742,5606000
1/21/2010,37.7766571,38.5329349,37.65267915,38.43994907,7121500
1/22/2010,37.43571091,37.96262663,37.3861202,37.65887499,7229000
1/25/2010,37.33651733,37.62787063,37.2435339,37.62787063,4903800
1/26/2010,37.34892654,37.52249756,37.0823697,37.25594072,5001700
1/27/2010,37.37371826,37.43570723,36.94598636,37.22494143,6145900
1/28/2010,37.03279495,37.5039175,36.88401804,37.37993714,9285900
1/29/2010,36.95839691,37.41712345,36.64844725,37.09477552,8127200
2/1/2010,37.6278801,37.65887458,36.89639889,37.15055745,7303200
2/2/2010,37.90682983,37.98741501,37.40471073,37.61547651,6296700
2/3/2010,37.99362183,38.06181112,37.5410957,37.76425742,4863000
2/4/2010,36.97077942,37.77044977,36.95838115,37.70846081,6920300
2/5/2010,36.89019775,37.06377113,36.54305574,36.89019775,7347800
2/8/2010,36.54927444,36.98320457,36.41909612,36.94600975,7047700
2/9/2010,37.22493362,37.49149038,36.75381144,36.75381144,7940200
2/10/2010,37.42951965,37.60928865,36.89020557,37.16916072,10917200
2/11/2010,37.93164444,38.24779447,37.50391469,37.73327682,14391100
2/12/2010,37.76425934,37.950231,37.49770485,37.85104722,8566800
2/16/2010,38.00601578,38.09280128,37.50389664,37.83244242,6930800
2/17/2010,38.50195313,38.55774417,37.96883925,38.11141583,6703500
2/18/2010,38.76229477,38.88007713,38.41515274,38.41515274,6942900
2/19/2010,38.84288025,39.00405299,38.42134864,38.63211445,6416500
2/22/2010,38.68790436,38.97305739,38.49573478,38.86147536,4709500
2/23/2010,38.29738235,38.73131239,38.24779163,38.57013959,5159400
2/24/2010,38.48334503,38.53293574,38.17339542,38.42135369,6888100
2/25/2010,38.61972427,38.64452081,37.82625396,38.13000328,8074100
2/26/2010,38.72511673,38.799504,38.37797221,38.74371296,14785800
3/1/2010,39.32021332,39.41319916,38.72511055,38.83669261,9016500
3/2/2010,39.54957199,39.67355231,39.31400961,39.43179198,9527200
3/3/2010,39.94288254,40.12392849,39.83050787,39.84299421,8486300
3/4/2010,40.02402878,40.26750634,39.93038246,40.22380536,7830600
3/5/2010,40.18637466,40.25504836,39.89919355,40.14267366,8448600
3/8/2010,40.0490036,40.24253584,39.83049631,40.12391685,5086300
3/9/2010,40.18011475,40.36116307,39.83050444,39.88044979,7655400
3/10/2010,40.22381973,40.32370568,39.96161376,40.1426621,6450000
3/11/2010,40.56095123,40.57967955,39.89294747,40.08023544,7536900
3/12/2010,40.64209747,40.73574381,40.37989153,40.52972282,6896400
3/15/2010,41.29761887,41.36629253,40.82939191,41.01044024,10468000
3/16/2010,41.24768829,41.39128004,41.09785695,41.36006299,7474500
3/17/2010,41.5598259,41.56607026,41.21645755,41.29761994,6922300
3/18/2010,41.52860641,41.65971415,41.30386186,41.55982345,6961900
3/19/2010,41.55357361,41.81578428,41.36628571,41.55357361,10947400
3/22/2010,41.39750671,41.55358237,41.29762077,41.47242475,6763000
3/23/2010,41.7408638,41.82826577,41.35379455,41.44744088,6412800
3/24/2010,41.36629105,41.82827363,41.36004669,41.59104036,7661200
3/25/2010,41.54734039,41.82827466,41.42247701,41.43496573,6246600
3/26/2010,41.57231522,41.70966257,41.41623954,41.60353226,5313400
3/29/2010,41.54734039,41.74711704,41.39126474,41.58479703,6825600
3/30/2010,41.68469238,41.82828411,41.42873073,41.5286167,5733800
3/31/2010,41.30385971,41.64722326,41.24142564,41.62849495,8123900
4/1/2010,41.62849808,41.62849808,41.36004777,41.40374876,5074100
4/5/2010,41.19147873,41.62848855,41.09783241,41.62848855,6732600
4/6/2010,41.44744492,41.59727619,41.07286435,41.07286435,6734700
4/7/2010,41.1977272,41.52860682,41.04789591,41.4474492,8204200
4/8/2010,41.18524551,41.32259286,40.96674054,41.04789817,6646300
4/9/2010,41.42871094,41.47241192,41.11655971,41.16026069,4757700
4/12/2010,41.40374756,41.62225251,41.36629093,41.42247587,5074000
4/13/2010,41.44744492,41.51611858,41.21645126,41.303858,5190800
4/14/2010,41.38502502,41.39126938,41.09784636,41.32883531,5202300
4/15/2010,41.37253189,41.51612359,41.07911366,41.18524397,5968500
4/16/2010,41.29137039,41.60976603,41.17899574,41.21021277,7374400
4/19/2010,41.27888107,41.44744064,41.01667042,41.2539084,6354600
4/20/2010,41.14154816,41.4536995,41.02917348,41.31010779,6780900
4/21/2010,41.19147873,41.39749492,40.9604851,41.09158805,6534300
4/22/2010,40.4298439,41.07287492,40.26752387,41.04790224,9689700
4/23/2010,40.39862823,40.48603023,40.0615042,40.48603023,9008900
4/26/2010,40.59214401,40.85435467,40.33618248,40.47976938,8096900
4/27/2010,40.09895325,40.70452269,39.99906256,40.53596311,8615300
4/28/2010,40.42357635,40.46727733,39.70562771,40.13015349,10229300
4/29/2010,40.70453644,40.89182916,40.47354747,40.54846075,7714000
4/30/2010,40.71702957,41.19150104,40.69205689,40.78570326,8274200
5/3/2010,41.01044464,41.20397695,40.51100059,40.75447826,5807900
5/4/2010,40.84813309,41.19150154,40.61089973,40.76697544,8383100
5/5/2010,40.70453644,41.17276349,40.59216176,40.64210712,7658800
5/6/2010,40.3923645,41.32881813,38.65056257,40.67954781,14046200
5/7/2010,40.31121445,40.6046374,39.74309924,40.24254079,13221500
5/10/2010,41.45993805,41.50987864,40.9917111,41.07911308,10833800
5/11/2010,41.54734039,41.82827466,41.21645601,41.30386276,7240800
5/12/2010,41.79082489,42.20910656,41.70966249,41.97811285,13170400
5/13/2010,41.50363922,41.87821983,41.4911505,41.84075844,7800500
5/14/2010,41.24768829,41.57856804,41.06039554,41.45995374,9731800
5/17/2010,41.67218399,41.80328692,41.24765818,41.27263085,6943800
5/18/2010,41.5348587,42.01557446,41.45370107,41.77833638,7237500
5/19/2010,41.22896194,41.44122263,40.89183782,41.39128202,7867800
5/20/2010,39.86795807,40.72325421,39.86795807,40.72325421,11587400
5/21/2010,39.6931572,39.73061382,38.79416,39.46216354,14586400
5/24/2010,39.53083801,39.9616083,39.08133941,39.38724871,6334000
5/25/2010,39.26239777,39.28112609,38.48826373,38.66306773,9156900
5/26/2010,38.22605896,39.36853419,38.10744229,39.36853419,15152900
5/27/2010,39.26865005,39.28737838,38.40711146,38.68804822,9428400
5/28/2010,39.26239777,39.61825013,39.16250943,39.28112609,7546700
6/1/2010,39.18122101,39.69939319,38.6443229,39.11879172,7180000
6/2/2010,39.9235878,39.9235878,38.89813335,39.38254919,10023900
6/3/2010,39.86696625,40.04311986,39.63419467,39.94875177,6448400
6/4/2010,38.65277481,39.29447157,38.55840912,39.29447157,10309800
6/7/2010,38.83522034,39.35738629,38.55841095,38.60873883,7694100
6/8/2010,39.41400146,39.50836715,38.6276088,38.65277154,7538300
6/9/2010,39.31333923,39.67822415,39.21268108,39.54611077,7056300
6/10/2010,40.16264725,40.20039496,39.65306392,39.65306392,6567800
6/11/2010,39.98649979,39.98649979,39.59644725,39.94875207,5466100
6/14/2010,40.16893387,40.4080003,39.78517629,40.20039149,4941800
6/15/2010,40.4142952,40.44575283,40.16265095,40.1878161,6249100
6/16/2010,40.20669937,40.2947774,39.9865103,40.13120632,5960000
6/17/2010,40.57156372,40.61560151,40.10602067,40.23813404,5179300
6/18/2010,40.31364441,40.68481953,40.28218678,40.64707421,8947600
6/21/2010,40.27588654,40.76030713,40.09973774,40.60302859,5158800
6/22/2010,39.82292557,40.4205845,39.74743254,40.28217861,5978900
6/23/2010,39.46433258,39.77259959,39.20010577,39.77259959,6509700
6/24/2010,39.25672531,39.62790277,39.16235723,39.23785025,6185400
6/25/2010,38.23126221,39.31333917,38.23126221,39.31333917,22934200
6/28/2010,38.9799118,39.1120252,38.3759628,38.45145583,8532400
6/29/2010,38.52066803,38.86039033,38.30676907,38.66536403,9054500
6/30/2010,38.34450531,38.83521355,38.06140348,38.55211172,8760700
7/1/2010,38.70310974,38.79118535,37.94817215,38.45775556,10852500
7/2/2010,38.70939255,39.09944505,38.61502687,38.71568503,5987800
7/6/2010,38.77860641,38.935885,38.3445184,38.84151929,6950100
7/7/2010,39.59016037,39.68452847,38.5458308,38.75343726,7296200
7/8/2010,40.26330566,40.26330566,39.57757114,39.76630491,6660800
7/9/2010,39.94875717,40.33251727,39.82293383,40.28218698,5020500
7/12/2010,40.09974289,40.10603298,39.66565253,39.79147585,4205300
7/13/2010,39.90471268,40.4268786,39.85438239,40.42058611,7312300
7/14/2010,39.98649979,40.07457539,39.67194268,39.77889095,5687500
7/15/2010,39.73485184,40.08086416,39.62790358,39.99908104,8124100
7/16/2010,39.2881813,39.96762338,39.1560679,39.66564886,9510200
7/19/2010,39.03652573,39.33221009,39.0050705,39.2504246,5969400
7/20/2010,40.72255707,40.81063266,38.82262983,38.86037754,11243100
7/21/2010,40.23183441,40.87982336,40.05568089,40.7539977,8690200
7/22/2010,40.39541245,40.80433754,40.26329907,40.55269096,7032800
7/23/2010,40.54639816,40.7351343,40.29475639,40.29475639,5187700
7/26/2010,40.87984467,40.9112975,40.38284385,40.48979212,4029100
7/27/2010,41.32651901,41.38942948,40.7099849,41.08116482,6032200
7/28/2010,41.01824188,41.32651128,40.89242097,41.21327054,4321400
7/29/2010,40.82321548,41.26359346,40.70997475,41.10002724,5579600
7/30/2010,40.83580399,41.0056627,40.45833164,40.54640724,5337400
8/2/2010,41.06227875,41.18810446,40.81692461,41.18810446,6479700
8/3/2010,41.37683868,41.47120677,40.89242286,40.96162581,5577200
8/4/2010,41.62848282,41.74172356,41.12519437,41.34538337,6663800
8/5/2010,41.25730515,41.43974882,40.93016311,41.3202156,5143100
8/6/2010,41.45862198,41.50265978,40.97420141,40.97420141,5500700
8/9/2010,41.7857666,41.89900736,41.47750197,41.52153977,5492700
8/10/2010,41.85497284,42.04370905,41.52154303,41.55300067,7411000
8/11/2010,41.17552948,41.56558208,41.17552948,41.50896409,5544600
8/12/2010,41.00566483,41.11261309,40.75401818,40.8358061,4924700
8/13/2010,41.24472427,41.33909236,40.80434627,40.93645967,4516700
8/16/2010,41.16294098,41.20697878,40.76660077,41.08115786,3564500
8/17/2010,41.23843765,41.52153712,41.03082882,41.32022077,4357200
8/18/2010,41.21955872,41.42087506,41.0497,41.30763912,3857900
8/19/2010,40.67852402,41.21955778,40.42687739,41.20697761,4549600
8/20/2010,40.76659393,41.068566,40.4520369,40.4520369,5655000
8/23/2010,40.77917099,41.14405828,40.75400585,40.98048729,3263900
8/24/2010,40.75400925,41.04340115,40.39541441,40.57785807,5442800
8/25/2010,40.62189484,40.79804601,40.38912091,40.49607394,5322700
8/26/2010,40.34510422,40.77919468,40.16895296,40.77919468,4604900
8/27/2010,40.33880234,40.55899134,39.8732568,40.38912782,5227700
8/30/2010,40.01166153,40.53382746,40.01166153,40.31992614,3697900
8/31/2010,40.37654495,40.47720072,39.74743082,39.94245707,6624800
9/1/2010,41.13082886,41.23224793,40.89630089,40.89630089,6382100
9/2/2010,41.18154907,41.39705739,40.8963115,41.18154907,4158600
9/3/2010,41.56184769,41.65058695,41.27027514,41.27027514,5862600
9/7/2010,41.50481033,41.84075257,41.26394244,41.26394244,5284700
9/8/2010,41.47312164,41.64426032,41.36536748,41.47946155,4318900
9/9/2010,41.89779282,41.96751722,41.46677145,41.77102382,5835800
9/10/2010,42.09428787,42.15133247,41.74566589,41.92948432,4234800
9/13/2010,41.99286652,42.16400513,41.73932371,42.1196355,4469200
9/14/2010,41.82173157,42.06259459,41.7900369,41.94216066,4145400
9/15/2010,42.15134811,42.17670289,41.68229687,41.72666652,4745000
9/16/2010,42.22105789,42.25275256,41.9421603,42.087949,4174900
9/17/2010,41.91046906,42.40487488,41.89778925,42.31613562,7908400
9/20/2010,42.39852905,42.45557848,41.86609357,41.99920244,5057100
9/21/2010,42.12596893,42.41120636,41.79002683,42.41120636,7455500
9/22/2010,42.25275803,42.40488181,42.03090501,42.23373832,5225800
9/23/2010,41.70129395,41.95483675,41.61889459,41.95483675,5877800
9/24/2010,41.9168129,42.09429629,41.72665937,41.89779803,6366300
9/27/2010,42.06894302,42.316146,41.87244476,41.87878466,5230300
9/28/2010,42.32881165,42.41121584,41.71397188,42.05625396,5305300
9/29/2010,42.30978775,42.46825137,41.98018554,42.17667889,5553200
9/30/2010,42.11331177,42.66476231,41.99287782,42.43657421,7002300
10/1/2010,42.46827316,42.46827316,42.01189692,42.31614936,5397000
10/4/2010,42.38586426,42.46192372,42.16401125,42.46192372,4890200
10/5/2010,42.94999313,42.98802287,42.41121764,42.4872771,7246100
10/6/2010,43.17184067,43.17184067,42.72180445,42.81688361,7204100
10/7/2010,41.89779282,42.27810465,41.31464768,42.21472015,20029500
10/8/2010,41.67594147,41.92948428,41.37168912,41.91680448,8810500
10/11/2010,41.53015518,41.68228378,41.39071122,41.66960398,5283100
10/12/2010,41.88513184,42.13233485,41.2005674,41.3843859,7807800
10/13/2010,42.08795547,42.34149834,41.96118163,42.03090603,5990500
10/14/2010,42.24008179,42.36685081,42.11964783,42.11964783,6162300
10/15/2010,42.26542664,42.46825992,42.12597784,42.39853553,6272100
10/18/2010,42.15134811,42.48095051,42.13867314,42.35418148,4820100
10/19/2010,41.46044922,41.97387011,41.16887172,41.87245101,8357700
10/20/2010,41.18154907,41.72032471,41.11816456,41.64426039,11569400
10/21/2010,41.31465149,41.49846994,41.0864634,41.21323241,8670700
10/22/2010,41.20690918,41.51749673,41.10549007,41.3526931,5043200
10/25/2010,41.23224258,41.40972109,41.12448363,41.31464194,6580800
10/26/2010,41.06744766,41.19421667,40.91532388,41.07378756,6900800
10/27/2010,40.73783875,40.88996735,40.4272513,40.88362745,7961700
10/28/2010,41.20690918,41.27663361,40.78856262,40.80124242,6436100
10/29/2010,41.39072418,41.39072418,41.1118265,41.24493544,5549400
11/1/2010,41.54917526,41.76468353,41.28929253,41.51114069,5916600
11/2/2010,41.70763779,41.89779128,41.61889852,41.68861809,4670800
11/3/2010,41.32733154,41.67595362,40.93434466,41.65693875,7577100
11/4/2010,41.42241669,41.72666917,40.88364099,41.66961971,9981300
11/5/2010,41.25126266,41.4224013,41.04842937,41.3653567,6940900
11/8/2010,41.27028275,41.39705176,41.04209465,41.20055834,5521500
11/9/2010,41.39072418,41.46678367,41.07379675,41.40973905,6301300
11/10/2010,41.35900497,41.44774422,40.95967839,41.22589611,7065800
11/11/2010,41.13716507,41.33999835,41.01039125,41.1878746,4743500
11/12/2010,40.97237015,41.13717373,40.8012315,40.96603025,4914000
11/15/2010,40.83293152,41.18155365,40.79490177,41.11182922,5533000
11/16/2010,40.59206009,41.20056009,40.45895117,40.74418388,8021500
11/17/2010,40.52866364,40.71881954,40.38921726,40.64276008,5016700
11/18/2010,41.05475998,41.19420876,40.31949116,40.56669407,6984000
11/19/2010,41.01673508,41.01673508,40.73783747,40.83291664,5511800
11/22/2010,41.01039124,41.10547039,40.67444907,41.0484258,4630100
11/23/2010,40.49698257,40.71883079,40.30682662,40.6364314,7198400
11/24/2010,40.77587509,40.82658463,40.50331737,40.69347088,5270200
11/26/2010,40.50331497,40.78220774,40.48429769,40.77587268,2386800
11/29/2010,40.57304764,40.65544702,40.20541069,40.41458152,5782100
11/30/2010,40.96603394,41.11182267,40.42092084,40.59840183,11252100
12/1/2010,41.91115189,41.96862819,41.24700991,41.37473233,9970600
12/2/2010,41.63654709,41.86644253,41.35556756,41.82812825,8829800
12/3/2010,41.61739349,41.91114773,41.52799024,41.55992206,5679100
12/6/2010,41.33641815,41.61739774,41.30448633,41.61101527,4502700
12/7/2010,41.30448532,41.55353795,41.25978369,41.49606651,5630100
12/8/2010,41.27256393,41.43221335,41.17039084,41.38112924,5431600
12/9/2010,41.33003998,41.37474162,41.04905546,41.37474162,6173400
12/10/2010,41.44499969,41.5088585,41.24703106,41.40668051,5426900
12/13/2010,41.84729385,41.96862894,41.3811204,41.54715225,9261700
12/14/2010,41.88562012,42.06443156,41.71958823,41.91755195,5751600
12/15/2010,41.66209793,41.81536483,41.57269467,41.74511872,4526400
12/16/2010,41.98779297,42.01333746,41.63017987,41.66210682,4830000
12/17/2010,42.12828827,42.14744542,41.8026021,41.9750262,7334800
12/20/2010,42.34540176,42.37094625,41.9877887,42.03249033,5549500
12/21/2010,41.76427841,42.47312204,41.58547189,42.38371878,7830800
12/22/2010,41.9430809,41.96862538,41.64293932,41.80258868,3977600
12/23/2010,41.94947433,42.09634904,41.83452658,41.92392985,3297400
12/27/2010,41.77705383,41.96224772,41.77067136,41.91754608,2358500
12/28/2010,41.68763733,41.84728668,41.62377856,41.63654837,3071200
12/29/2010,41.7195816,42.00056123,41.7195816,41.78982773,3248600
12/30/2010,41.58548737,41.90478624,41.56632534,41.70681763,3507400
12/31/2010,41.7195816,41.86007385,41.52800038,41.54077506,2977400
1/3/2011,41.98779297,42.20491382,41.89200235,42.08997093,6787300
1/4/2011,41.77066803,42.26877334,41.58547416,42.21129703,7897100
1/5/2011,42.52420425,42.70939811,41.86644962,41.96224022,10381900
1/6/2011,42.68384933,42.75409544,42.39009511,42.60083342,7648900
1/7/2011,42.39649963,42.67109683,42.30709635,42.67109683,4899100
1/10/2011,42.17937851,42.35179774,42.04526871,42.23046262,5220500
1/11/2011,42.35818863,42.62639851,42.15383755,42.3645711,4686400
1/12/2011,42.61360168,42.83072244,42.49865397,42.60082701,5265100
1/13/2011,42.72856903,43.0797948,42.56253229,42.59445924,7943000
1/14/2011,42.64554977,42.88822,42.51144485,42.88183266,5986100
1/18/2011,42.51143646,42.88182419,42.40287605,42.44119035,6066000
1/19/2011,42.08359146,42.58808425,41.94948652,42.57530957,7872400
1/20/2011,42.08359146,42.35818868,42.02611513,42.10913596,7131000
1/21/2011,42.06442642,42.3517934,41.93670398,42.26877746,5564400
1/24/2011,42.26237869,42.26237869,41.89199101,42.01332608,4713700
1/25/2011,42.00056458,42.30709359,41.98779477,42.15383152,4986100
1/26/2011,42.0580368,42.17298456,41.84091109,42.07719395,6797600
1/27/2011,41.86645889,42.11551158,41.79621276,41.97502419,6819700
1/28/2011,41.12568283,42.04525998,40.9468763,41.79620733,10455700
1/31/2011,41.0682106,41.30449347,40.92771835,41.09375509,8666100
2/1/2011,41.54075623,41.59822764,41.06180825,41.2086829,7138100
2/2/2011,41.28533554,41.41944045,40.89579062,41.15123063,8221000
2/3/2011,40.98517609,41.30447475,40.87661571,41.19591437,6693300
2/4/2011,40.76807404,41.04905612,40.65312626,40.96604018,8423900
2/7/2011,40.66588211,40.85746084,40.39766994,40.8383037,8157900
2/8/2011,40.97880173,41.0426605,40.55732746,40.62757358,6064800
2/9/2011,41.13845062,41.35557631,40.85108369,41.11290614,6132000
2/10/2011,40.46154404,40.99158121,40.19333178,40.53817507,15759300
2/11/2011,40.78723526,40.88302346,39.95067381,39.98898812,9016500
2/14/2011,40.44877243,41.08098513,40.34020957,40.84470226,9108700
2/15/2011,41.09375,41.15760878,40.26996104,40.41683818,9487900
2/16/2011,40.84469986,41.17677332,40.76806883,40.92771579,8043300
2/17/2011,41.31726074,41.32364808,40.37213907,40.41045336,10851000
2/18/2011,40.49346924,41.19592798,40.35936434,41.19592798,14023700
2/22/2011,40.32743454,40.57009984,39.95704681,40.01452068,9637500
2/23/2011,40.18695831,40.72338054,40.16780116,40.35938001,9527000
2/24/2011,40.25080872,40.35937158,40.04645766,40.13586095,9120900
2/25/2011,40.61479568,40.79998952,40.16139209,40.2252533,6523300
2/28/2011,40.49985123,40.84469445,40.46792184,40.72974671,8022500
3/1/2011,40.3657608,40.83832418,40.35298856,40.67228741,8086400
3/2/2011,40.50087357,40.53304972,40.24348149,40.50730978,7061400
3/3/2011,41.02209473,41.17009571,40.53948185,40.66174289,8445800
3/4/2011,40.79689026,41.0993261,40.55879939,41.04141243,7662000
3/7/2011,40.84192657,40.91914396,40.66818562,40.81618663,7018900
3/8/2011,41.04785538,41.11863903,40.73898327,40.73898327,7520000
3/9/2011,41.60124207,41.71706938,40.8998444,40.98993177,7746100
3/10/2011,41.45966721,41.73636547,41.26018877,41.4017511,8663100
3/11/2011,41.60124207,41.75567685,41.39532738,41.57550212,6875600
3/14/2011,41.2730484,41.45965928,40.91913282,41.35026822,5896600
3/15/2011,40.54593277,40.95132845,40.34645427,40.82263113,8730100
3/16/2011,40.0954895,40.48801269,39.92818228,40.46870895,8406300
3/17/2011,40.59098053,40.70680542,40.25636848,40.48158695,6753400
3/18/2011,40.69394684,40.93203533,40.47516209,40.85481791,8427000
3/21/2011,41.24731445,41.37601417,40.86122512,41.08644349,6524500
3/22/2011,41.14436722,41.21515331,41.07358604,41.19584466,5038200
3/23/2011,41.31167984,41.41463966,41.02211394,41.15081126,3908000
3/24/2011,41.31167984,41.49185952,41.2923761,41.41463966,4146500
3/25/2011,41.17009354,41.48540168,41.15078981,41.305227,5048600
3/28/2011,41.40176773,41.6720348,41.1701155,41.195853,4971000
3/29/2011,41.28593445,41.57550028,41.20227839,41.44680544,5163800
3/30/2011,41.85863876,42.03881351,41.45967689,41.569068,5794900
3/31/2011,41.44680405,41.9744607,41.40819167,41.88436842,7403500
4/1/2011,41.96803284,42.09672769,41.48541977,41.74281439,6350000
4/4/2011,41.88436508,41.90367372,41.73636653,41.78141021,4210300
4/5/2011,42.19967651,42.27046014,41.77497477,41.82001845,5762300
4/6/2011,42.30908203,42.3927332,42.15464721,42.15464721,3815300
4/7/2011,42.41847992,42.4956998,42.18039389,42.20612894,6105100
4/8/2011,42.29619217,42.46993063,42.05166518,42.3154959,4076700
4/11/2011,42.49568939,42.69516789,42.25759851,42.28333847,4385100
4/12/2011,42.83672714,42.9268145,42.18680697,42.32837422,7492900
4/13/2011,42.75951767,43.00404478,42.6758665,42.84317375,4203200
4/14/2011,42.92036819,43.02976417,42.54715132,42.68871363,4207700
4/15/2011,43.18422699,43.20353073,42.75309373,42.91396479,5398300
4/18/2011,43.20995712,43.32578445,42.75308401,42.93969499,5668400
4/19/2011,42.99115372,43.27428818,42.7916753,43.27428818,4973900
4/20/2011,43.32578659,43.4287415,43.10056813,43.2807429,4292200
4/21/2011,43.37727356,43.45448852,43.14561885,43.45448852,3876100
4/25/2011,43.13272095,43.28715569,43.01045745,43.20994078,4197500
4/26/2011,43.57030487,43.66039225,43.01690819,43.04264814,6600000
4/27/2011,43.71187973,43.91779447,43.53814116,43.58318486,5939200
4/28/2011,44.86372375,44.99241864,43.67327885,43.71188633,12755900
4/29/2011,44.3296051,45.00526516,44.17517034,44.79935051,8034200
5/2/2011,44.59988022,44.70927624,44.41970546,44.55483653,6235200
5/3/2011,44.780056,44.780056,44.32318288,44.32318288,6107500
5/4/2011,44.9344902,44.99883762,44.59344446,44.74787925,8129500
5/5/2011,44.29100037,44.84439694,44.05290954,44.65778601,7642700
5/6/2011,44.57413483,45.01170415,44.51622362,44.81866189,6792600
5/9/2011,44.92805481,45.03101461,44.7092726,44.81222749,5763100
5/10/2011,45.06317902,45.12109512,44.92161177,44.92161177,6118300
5/11/2011,45.17258453,45.54580651,44.91519481,44.94736607,6167300
5/12/2011,45.66163254,45.71954866,45.01814842,45.25623931,6333900
5/13/2011,45.40422821,45.86110125,45.18544601,45.49431558,7501700
5/16/2011,45.50717926,45.74526515,45.23691722,45.30770084,5928900
5/17/2011,45.75813675,45.98335511,45.24978392,45.32700375,6453900
5/18/2011,45.86111069,45.89972307,45.52650111,45.67450461,5556400
5/19/2011,46.18928909,46.26007274,45.79676339,45.90615451,5163600
5/20/2011,45.88042068,46.2278978,45.82894078,46.11850667,5916600
5/23/2011,45.71310043,45.90614267,45.54579323,45.63588059,5546300
5/24/2011,45.67450714,45.82894196,45.46859241,45.74528588,5267600
5/25/2011,45.33343506,45.60370201,45.19830404,45.44283104,5954400
5/26/2011,45.31413269,45.42352377,44.94734708,45.2626528,5896200
5/27/2011,45.30126953,45.70666264,45.22404969,45.43640057,4358200
5/31/2011,45.76459122,45.76459122,45.43641295,45.50719659,6547100
6/1/2011,45.56040192,45.93634609,45.55391876,45.748374,7748200
6/2/2011,45.05482483,45.62521932,44.93166951,45.54095801,6139800
6/3/2011,44.70481491,44.95112065,44.53628733,44.70481491,5721400
6/6/2011,44.6529541,45.01593197,44.58165417,44.74369857,4933900
6/7/2011,44.67888641,44.91871393,44.62054785,44.85389221,7363600
6/8/2011,44.62055588,44.7242667,44.34184418,44.54277771,5477100
6/9/2011,45.05482483,45.3400196,44.56220849,44.70480834,6047000
6/10/2011,44.52332687,44.99649382,44.45202693,44.91871566,6987200
6/13/2011,44.76314163,44.93166919,44.47794686,44.55572501,4796400
6/14/2011,45.09370804,45.22982472,44.88629144,45.02889128,4832000
6/15/2011,44.3871994,45.09371054,44.23163323,44.82796032,7750700
6/16/2011,44.6529541,44.86037073,44.41960977,44.42609293,6250500
6/17/2011,44.54276276,45.0418573,44.43905197,44.91870693,7575900
6/20/2011,44.71129608,44.89278503,44.48442995,44.48442995,5061200
6/21/2011,44.67888641,44.94463668,44.5946251,44.90574761,5653900
6/22/2011,44.58166504,44.82149259,44.5622205,44.67889269,5429900
6/23/2011,44.06312943,44.42610741,43.7260742,44.25109664,8321100
6/24/2011,44.36775589,44.50387754,44.04366708,44.06311656,14860400
6/27/2011,44.75666809,44.93815704,44.41961295,44.41961295,7453200
6/28/2011,45.12614059,45.22984647,44.84094078,44.96409614,5162800
6/29/2011,45.34650803,45.5409633,45.21039131,45.22335269,5512200
6/30/2011,45.65115738,45.69004646,45.32058535,45.45670208,5280400
7/1/2011,45.49559402,45.60578305,45.11964977,45.42429408,6466900
7/5/2011,45.22336197,45.66412306,45.15206696,45.2881837,7317900
7/6/2011,45.48262024,45.50854794,45.21038684,45.2427977,5989600
7/7/2011,45.70947647,45.85855948,45.53447072,45.69003194,5695000
7/8/2011,45.32706833,45.62522949,45.02242401,45.37892373,6016400
7/11/2011,44.91870117,45.03537332,44.67239057,44.94462392,5248800
7/12/2011,44.73074341,45.07427679,44.63351577,44.85389381,5376300
7/13/2011,44.6529541,45.02889829,44.48442654,44.97055974,4955500
7/14/2011,44.46498489,44.77611234,44.36127904,44.55572937,4460000
7/15/2011,44.41962051,44.41962051,44.0760871,44.41962051,6760200
7/18/2011,44.07607269,44.47146139,43.67420084,44.47146139,6165000
7/19/2011,44.4261055,44.54926086,43.91404446,44.13442253,6550200
7/20/2011,44.39371109,44.6400219,44.2575943,44.63353874,5707000
7/21/2011,42.88991165,43.62883374,41.99542832,43.62883374,26300600
7/22/2011,42.62415695,42.94176257,42.28710186,42.89639034,10477200
7/25/2011,41.72319794,42.37785382,41.65837621,42.26118164,14148600
7/26/2011,41.52874756,41.90469183,41.48985848,41.90469183,12524600
7/27/2011,41.39262009,41.76856426,41.34724785,41.54169816,12889200
7/28/2011,41.41207886,41.74265092,41.40559817,41.58060647,6831700
7/29/2011,41.50928497,41.61947395,41.19167693,41.36020445,8711600
8/1/2011,41.39262009,41.7620811,41.12686738,41.62596441,7997200
8/2/2011,40.95186234,41.32780407,40.95186234,41.23057891,8047800
8/3/2011,41.79449463,41.86578962,40.95186175,41.05557007,11800200
8/4/2011,41.06204987,42.1898775,40.96482471,41.76208286,15201200
8/5/2011,41.91765594,42.44268331,41.14632527,41.57412251,18775700
8/8/2011,40.81574249,42.07320856,40.75740641,41.5935536,20127300
8/9/2011,40.89353561,41.41207734,39.28605504,41.16576909,27337100
8/10/2011,39.09808731,40.76390417,38.95548739,40.56297062,21692800
8/11/2011,40.75094223,41.21763109,39.15642525,39.15642525,14654100
8/12/2011,40.95186234,41.20465121,40.5499929,41.02964296,8808000
8/15/2011,41.20465851,41.3213307,40.94538642,41.15280558,7026800
8/16/2011,41.32779694,41.52224969,40.7379555,40.94537211,6746300
8/17/2011,41.88524628,41.98895214,41.27595763,41.33429373,7568700
8/18/2011,40.89353561,41.84635525,40.51111063,41.36670509,12016800
8/19/2011,40.23237991,40.93241285,40.08978006,40.55646868,13212600
8/22/2011,40.13515854,40.69907487,40.03793338,40.69907487,8212500
8/23/2011,41.14631271,41.14631271,40.25182696,40.28423781,7631200
8/24/2011,41.28891754,41.32132593,40.85463722,41.07501773,6789100
8/25/2011,40.84815598,41.43151438,40.67314771,41.33428921,13773400
8/26/2011,40.93890762,41.17225201,40.18702151,41.06206051,12274200
8/29/2011,41.58708191,41.61948783,41.18520997,41.29539899,18839600
8/30/2011,41.82041168,42.07320547,41.2565004,41.46391701,7969600
8/31/2011,42.0981102,42.30719575,41.82368634,41.90209031,8353600
9/1/2011,41.91515732,42.39213136,41.88248568,42.0654349,5986200
9/2/2011,41.35978699,41.88903635,41.28138051,41.57540793,5790000
9/6/2011,40.80439758,40.88933938,40.19674183,40.34702194,8216000
9/7/2011,40.26208115,41.15723147,39.97458909,41.15069614,14915300
9/8/2011,40.07913208,40.17714204,39.92231664,40.13140223,11827200
9/9/2011,39.197052,39.98765703,38.99449925,39.90271523,14838300
9/12/2011,39.2950592,39.36040001,38.71353977,38.81154972,11253500
9/13/2011,39.556427,39.81124996,39.28200055,39.39961153,9470700
9/14/2011,40.23594284,40.61490949,39.38652993,39.76549907,10606900
9/15/2011,41.30749893,41.5492536,39.84389777,40.56263144,18666400
9/16/2011,40.54302979,41.20295802,40.23593681,41.20295802,16669100
9/19/2011,39.56948853,39.9811244,39.20358748,39.93538708,13587000
9/20/2011,39.45841217,40.10527249,39.39307385,39.63482862,9630200
9/21/2011,39.71977997,40.51691811,39.6871108,40.27516329,14350400
9/22/2011,39.80469894,39.98111535,38.93568758,39.2035786,16341000
9/23/2011,39.42573166,39.71975899,38.97489141,39.5890799,11139000
9/26/2011,40.43849182,40.53650177,39.68055605,39.69362421,10312400
9/27/2011,40.79132462,41.24870021,40.66064552,40.98080918,7991500
9/28/2011,40.49076462,41.36631133,40.41889099,40.90893574,7054300
9/29/2011,40.88933182,41.24216211,40.47769356,40.99387459,6609100
9/30/2011,40.44504166,41.15724037,40.41237,40.75213478,7405600
10/3/2011,39.39307785,40.6410588,39.36040869,40.24248854,10573100
10/4/2011,39.49760437,39.56947799,38.22348762,39.02062782,11390500
10/5/2011,39.39307785,39.42574701,38.76582096,39.3016032,9194000
10/6/2011,39.57601929,39.60215561,38.86382072,39.1774491,8023900
10/7/2011,39.87004089,40.22287371,39.59561454,39.84390458,7909800
10/10/2011,40.42542267,40.46462714,40.09872618,40.28821074,5985600
10/11/2011,39.8243103,40.39276161,39.53681574,40.22941333,10261900
10/12/2011,40.96773529,41.56885556,40.51035976,40.75211444,13796200
10/13/2011,40.7455864,40.83052818,40.51689736,40.63450829,6887300
10/14/2011,40.66718292,41.00041227,40.37315556,40.98734411,8736600
10/17/2011,40.43849182,40.91546841,40.37968635,40.41889083,5095000
10/18/2011,40.77826309,41.03962133,40.2947511,40.52344018,7361200
10/19/2011,40.58222961,41.00693346,40.52342416,40.77171414,5719700
10/20/2011,40.58878326,40.81093704,40.43850313,40.69332607,6210700
10/21/2011,40.6933136,41.08535088,40.51036436,40.88279816,10698900
10/24/2011,40.57571411,40.83707237,40.3470275,40.70639324,7490100
10/25/2011,40.3927536,40.88279833,40.32087997,40.75211924,9199100
10/26/2011,40.51689911,40.61490906,40.18366977,40.55610359,7588900
10/27/2011,41.08535767,41.20296862,40.62144668,41.10495866,11217200
10/28/2011,41.29445648,41.47087297,41.00696184,41.32059281,8076100
10/31/2011,41.13108826,41.54272653,40.89586639,40.89586639,9351500
11/1/2011,40.66064072,40.9023954,40.43848703,40.58223426,11377900
11/2/2011,40.77826309,41.02655317,40.60838198,40.95467953,7002600
11/3/2011,41.03307724,41.06574639,40.59530515,40.81745886,7680100
11/4/2011,40.50383377,40.8566641,40.29474571,40.83706311,6312800
11/7/2011,40.83706665,40.86320297,40.22287807,40.50383728,5022500
11/8/2011,41.59500122,41.65380669,40.71945444,40.90893902,8745400
11/9/2011,40.6933136,41.24869912,40.55610167,41.12455286,6851500
11/10/2011,41.13763046,41.3336479,40.69985827,40.93508019,5707900
11/11/2011,41.34671402,41.4904613,41.23563839,41.34671402,4932500
11/14/2011,41.03307724,41.31403641,40.83705985,41.28790009,3989700
11/15/2011,42.14385605,42.41827996,41.22257185,41.24217285,14947300
11/16/2011,42.52934647,43.5486429,42.00009975,42.09810969,17887600
11/17/2011,41.87595367,42.52934665,41.29443681,42.40520538,13519700
11/18/2011,41.74528885,41.90863714,41.18990566,41.84983415,10355300
11/21/2011,41.26177597,41.64727801,41.19643516,41.30097796,6964200
11/22/2011,41.28137207,41.51659396,41.08535466,41.09188749,4745100
11/23/2011,40.7717247,41.13762319,40.67371475,41.05268389,5386100
11/25/2011,40.83053589,41.10495979,40.77173041,40.96774784,2893500
11/28/2011,41.15723038,41.5231289,40.88933932,40.96774579,5459000
11/29/2011,41.59500122,41.82369028,41.16376191,41.22256738,6408900
11/30/2011,42.15820313,42.5600239,41.94082368,42.41510427,10022600
12/1/2011,42.21749115,42.46780873,42.04622705,42.33606131,7686200
12/2/2011,42.34266663,42.61932877,42.25703454,42.4480646,6571600
12/5/2011,42.42169952,42.66542346,42.21749228,42.61272951,5601300
12/6/2011,42.58637238,42.84327352,42.25701142,42.55343427,5992700
12/7/2011,42.7576561,42.92892023,42.30972485,42.45463949,5638400
12/8/2011,42.37557983,42.90914295,42.30312002,42.51391083,5170100
12/9/2011,42.9420929,43.08042393,42.43487409,42.44805135,6351700
12/12/2011,42.59295654,42.97501139,42.08573791,42.88279073,5834400
12/13/2011,42.34266663,42.9750394,42.25044591,42.78400934,4946400
12/14/2011,42.14501953,42.59953666,42.11208394,42.42827261,5665500
12/15/2011,42.71813202,42.88281256,42.11869494,42.17798004,6417700
12/16/2011,42.62588501,43.08040464,42.56660246,43.00135622,8619400
12/19/2011,42.40192413,42.92889856,42.28993761,42.57318818,4943000
12/20/2011,43.16605377,43.28462394,42.56661934,42.6851895,4800400
12/21/2011,43.50200653,43.64033756,42.96185463,42.96185463,4979700
12/22/2011,43.50200653,43.75231911,43.42295807,43.4954179,3537200
12/23/2011,43.85112,43.93016844,43.55469713,43.66009003,2625700
12/27/2011,43.72594833,43.98943804,43.68642664,43.78523591,2544000
12/28/2011,43.41635513,43.80499857,43.37023978,43.72595015,3179800
12/29/2011,43.83135986,43.89064243,43.44929992,43.45588855,2840300
12/30/2011,43.70619965,43.93016772,43.63373983,43.75230998,2632900
1/3/2012,43.73913956,44.25953051,43.71279008,44.04215106,5348800
1/4/2012,43.96309662,44.0289678,43.55469227,43.74572222,6042400
1/5/2012,43.62057495,43.91699786,43.55470375,43.85771529,4909100
1/6/2012,43.07382202,43.65349545,43.00795084,43.65349545,6533000
1/9/2012,43.29780579,43.36367699,42.82352507,42.9882056,5859600
1/10/2012,43.2516861,43.50858726,43.12652732,43.46247692,4996000
1/11/2012,42.82352448,42.9289174,42.24384582,42.81693585,10470200
1/12/2012,42.56662369,42.93550645,42.46781437,42.88280748,5745700
1/13/2012,42.42169952,42.63249037,42.35582833,42.44804901,6677900
1/17/2012,42.58637238,42.8762066,42.55343427,42.65883219,7457600
1/18/2012,42.71813202,42.86964033,42.49416889,42.59956183,5373300
1/19/2012,43.41635513,43.50857578,42.7839778,42.90913655,8195800
1/20/2012,43.66010284,43.74573994,43.19241073,43.51518317,5538800
1/23/2012,43.54152679,43.57446491,43.07383474,43.42295662,5551000
1/24/2012,43.60737991,43.68642834,43.43611587,43.44928809,4148700
1/25/2012,43.93676758,44.00264382,43.25828453,43.39661559,5131300
1/26/2012,43.81818771,44.10802702,43.70620617,43.88406394,5345900
1/27/2012,43.35048294,43.75230367,43.25826228,43.64032216,5832500
1/30/2012,43.08700943,43.2121632,42.92232893,43.2121632,5712300
1/31/2012,43.25828171,43.27145896,43.00138048,43.14630015,5834300
2/1/2012,43.72594833,43.80499675,43.38341523,43.46904725,6351200
2/2/2012,43.73913956,43.93675313,43.60739215,43.87088194,5124100
2/3/2012,43.91041946,44.06851137,43.6732791,44.05533411,6295300
2/6/2012,43.81818771,43.97628462,43.56128652,43.75231652,4917700
2/7/2012,43.9762764,44.12119602,43.567867,43.65349904,5597800
2/8/2012,43.96309662,44.08166676,43.78524392,44.01579557,6021900
2/9/2012,42.33606339,42.75106149,42.03305436,42.724712,25593100
2/10/2012,42.12526321,42.28335757,41.91447242,42.23724724,10702500
2/13/2012,41.95401001,42.28337358,41.74980777,42.1648034,9295900
2/14/2012,41.84201813,42.14502962,41.69051238,41.84201813,12623200
2/15/2012,41.54559326,41.89471509,41.44678396,41.72344849,9099000
2/16/2012,41.32161713,41.69708834,41.32161713,41.63121717,11449400
2/17/2012,41.28870392,41.34140038,41.05815217,41.21624408,14646300
2/21/2012,41.59171295,41.75639348,41.4797314,41.53242786,6581800
2/22/2012,41.56535339,41.69051217,41.4994822,41.60487761,5506300
2/23/2012,41.58512497,41.6575848,41.38750885,41.61806057,19031400
2/24/2012,41.70370102,41.84203207,41.59830557,41.59830557,16088000
2/27/2012,41.71028137,41.99353206,41.53242611,41.61806068,25483800
2/28/2012,41.71028137,41.95400783,41.51925137,41.8486124,6407500
2/29/2012,41.79992676,41.92611183,41.71359254,41.77336375,7013800
3/1/2012,41.54092789,41.87298966,41.46787389,41.87298966,7660300
3/2/2012,41.52099609,41.62725574,41.44130199,41.53427887,6011800
3/5/2012,41.70032501,41.82650759,41.46124009,41.50772854,5646600
3/6/2012,41.36159897,41.72022616,41.32175319,41.4080874,7231200
3/7/2012,41.58740997,41.66710661,41.27527367,41.3948161,7509000
3/8/2012,41.80656815,41.91946791,41.66046019,41.77336248,4398300
3/9/2012,41.93939972,42.0522995,41.77336885,41.81321463,4096100
3/12/2012,42.46405411,42.53711063,41.84641907,42.04565814,8098100
3/13/2012,42.72970581,42.88245645,42.57696023,42.70978292,7450800
3/14/2012,42.54375076,42.92230096,42.4706993,42.63672765,6930200
3/15/2012,42.61680984,42.72970964,42.37108482,42.50391005,4734500
3/16/2012,42.81604004,42.83596293,42.62344363,42.65665183,8870500
3/19/2012,42.98872375,43.08833824,42.68322243,42.71643064,6555900
3/20/2012,43.35399246,43.53994628,42.723077,42.76956546,7676400
3/21/2012,43.40711594,43.55322393,43.20123926,43.35398484,6555500
3/22/2012,43.42704391,43.53994372,43.187959,43.26101301,5149000
3/23/2012,43.36725998,43.67275613,43.35397467,43.46687444,5356000
3/26/2012,43.6860466,43.69933191,43.46688461,43.48016992,5211800
3/27/2012,43.83879471,43.95833714,43.57314429,43.73253251,5274800
3/28/2012,43.78565598,43.8520673,43.56649404,43.79893621,5833300
3/29/2012,43.8454361,43.8454361,43.52001696,43.7325363,6320700
3/30/2012,44.06459808,44.16421763,43.8587214,44.01810964,5949300
4/2/2012,44.32359695,44.33023961,43.97161234,44.00482054,5203800
4/3/2012,44.20405197,44.37672547,44.05130643,44.21733728,5108400
4/4/2012,44.0579567,44.17749914,43.925134,43.98490776,4556500
4/5/2012,43.93177795,43.97162375,43.63291929,43.85872395,5755800
4/9/2012,43.40047073,43.62627536,43.3340594,43.58642451,4526200
4/10/2012,43.06840515,43.40046688,43.02855937,43.29420976,5715700
4/11/2012,43.26766205,43.44697323,43.14147692,43.28758495,5376900
4/12/2012,43.42038345,43.50008008,42.92893359,43.20786418,5843100
4/13/2012,43.20788574,43.50010179,43.20788574,43.40048222,7412100
4/16/2012,43.8255043,44.09115469,43.25435774,43.25435774,7862600
4/17/2012,44.09779358,44.26382442,43.84542345,43.98489382,6748100
4/18/2012,43.97161484,44.03802617,43.86535772,43.89856085,5408000
4/19/2012,43.93177795,44.0712433,43.8321584,43.96498109,6531200
4/20/2012,44.25054169,44.32359567,43.89855708,43.94504552,7302500
4/23/2012,43.95169067,44.13100178,43.85207114,43.94504802,4944500
4/24/2012,44.17086411,44.39002105,44.01147079,44.05132165,5512500
4/25/2012,44.27711868,44.40330379,44.16421889,44.26383844,7056700
4/26/2012,44.07788086,44.34352622,43.97826132,44.16421509,7989100
4/27/2012,43.8985672,44.29040274,43.89192455,44.25719454,6248000
4/30/2012,43.83215332,43.9981842,43.67940268,43.81223042,5367500
5/1/2012,44.1575737,44.32360459,43.67940393,43.77902348,6591700
5/2/2012,44.38337326,44.44314194,44.10444262,44.17749154,5812400
5/3/2012,44.43650818,44.49627686,44.31032309,44.39665732,5821300
5/4/2012,43.76574707,44.42987068,43.74582417,44.40330513,6971200
5/7/2012,44.24392319,44.47636547,44.01147584,44.17086917,6910300
5/8/2012,44.17749786,44.29704031,43.94505563,43.99818673,6917600
5/9/2012,43.79230118,44.0579465,43.61962767,43.91848119,6013300
5/10/2012,44.35680771,44.62245811,43.94504933,43.94504933,8106700
5/11/2012,44.36344528,44.66229879,44.23061756,44.27046841,5114000
5/14/2012,44.59590149,44.79513553,44.04467768,44.21070858,7482800
5/15/2012,45.06079483,45.55888764,44.43652196,44.50293332,16062300
5/16/2012,45.65847778,45.87099704,45.31977347,45.40611275,12660500
5/17/2012,45.67177963,45.94407275,45.53895693,45.55223718,10532100
5/18/2012,45.24008942,45.4592463,44.86817685,45.45260871,11275700
5/21/2012,45.14712143,45.30650966,44.92795944,45.28658677,5500800
5/22/2012,45.21352386,45.49245449,45.04085036,45.1006241,5514200
5/23/2012,45.16040421,45.42605466,44.74864575,45.08070755,5530300
5/24/2012,45.69832993,45.75810367,45.09398026,45.279934,16245700
5/25/2012,45.58543777,45.89093398,45.3662758,45.54559199,9372400
5/29/2012,46.04367447,46.05031205,45.45260507,45.49245086,10044700
5/30/2012,45.66083908,45.91517788,45.54705634,45.91517788,7549600
5/31/2012,45.41319656,45.90849014,45.2927192,45.60729927,10839300
6/1/2012,45.18560791,45.25253861,44.75724529,44.85763879,10514100
6/4/2012,45.16555023,45.27933299,44.87774348,45.15216102,6034400
6/5/2012,44.84427261,45.13207934,44.61670711,45.09192193,5607400
6/6/2012,45.17222214,45.28600996,44.8710314,45.05843942,5743100
6/7/2012,45.2993927,45.50018992,44.97142867,45.37971261,6389200
6/8/2012,45.72107697,45.7880128,45.24586215,45.3462608,3851800
6/11/2012,45.54705429,46.06242648,45.53366508,45.88171301,3874200
6/12/2012,45.78130341,45.84823411,45.54034877,45.68090479,5537800
6/13/2012,45.88171387,46.10258475,45.62068047,45.7143845,4964900
6/14/2012,46.36362839,46.62466695,45.90180271,45.96203884,5879900
6/15/2012,46.50418091,46.67819978,46.31676772,46.51756501,8815900
6/18/2012,46.58447647,46.68487507,46.45061507,46.46399917,4337700
6/19/2012,46.39037323,46.67817983,46.32344253,46.67149033,5340200
6/20/2012,46.12265778,46.3435286,45.70767921,46.2765979,8799900
6/21/2012,45.84825516,46.51757275,45.82148184,46.24315009,7056100
6/22/2012,45.98209763,46.21636277,45.94194022,45.94194022,5330600
6/25/2012,45.92186737,46.00887679,45.58051407,45.60728737,5120700
6/26/2012,46.14273834,46.26990516,45.71437566,45.88170499,6461800
6/27/2012,46.68489075,46.79867348,46.14943476,46.2498334,7553700
6/28/2012,46.58447647,46.73172707,46.25651247,46.53092987,6067200
6/29/2012,47.29397583,47.29397583,46.72505188,46.82545053,8886700
7/2/2012,47.36088943,47.38096814,46.8522069,47.07977231,6248000
7/3/2012,47.36088943,47.44789884,47.13331892,47.13331892,3377200
7/5/2012,46.96601105,47.22035498,46.89238571,47.18688706,4417100
7/6/2012,46.99946213,47.18017555,46.59117816,46.78528079,4578900
7/9/2012,46.8455162,47.14001745,46.64472408,46.93922022,4289200
7/10/2012,46.76519775,47.04630977,46.66479915,46.95930037,5074800
7/11/2012,46.93923187,47.03963051,46.58449443,46.68489307,6239200
7/12/2012,46.75182724,46.93254583,46.67820191,46.82545257,5637500
7/13/2012,47.12663269,47.1868688,46.75181154,46.84551555,4183800
7/16/2012,47.08647537,47.22034191,46.95930855,47.07978077,4543400
7/17/2012,47.07309723,47.41444545,46.56441454,47.2738894,5872300
7/18/2012,47.10656357,47.14672609,46.7183633,46.96600751,4221900
7/19/2012,47.13331223,47.16678013,46.91913094,47.09315483,4110900
7/20/2012,46.82543945,47.0663941,46.62464732,46.87898606,7628100
7/23/2012,46.41046524,46.78528645,46.14274237,46.56441049,5070600
7/24/2012,46.04232788,46.27658786,45.82145199,46.27658786,5930700
7/25/2012,47.05302429,47.15341784,46.20968278,46.22306688,8688300
7/26/2012,47.66879272,47.85620081,47.30066606,47.33413398,9457100
7/27/2012,48.36487198,48.4786547,47.19356664,47.24710815,10795700
7/30/2012,48.69285583,48.82002781,48.09046897,48.15739971,6198600
7/31/2012,48.67946243,48.75977726,48.3581878,48.39834521,6838800
8/1/2012,48.45858383,48.79993716,47.58177451,48.71961723,13038300
8/2/2012,48.05698013,48.36486545,47.82271501,48.26446684,6331400
8/3/2012,48.77315521,48.79323392,48.31801923,48.50542726,5431800
8/6/2012,48.512146,48.82672101,48.49875678,48.76648487,4092200
8/7/2012,48.38497162,48.69955172,48.32473038,48.61253716,4924900
8/8/2012,48.57234955,48.65935895,48.22430685,48.25107504,3521400
8/9/2012,48.28456116,48.52551585,48.16408381,48.47196923,3992700
8/10/2012,48.27784729,48.2979311,47.9833512,48.1975325,3590200
8/13/2012,48.18416214,48.29794999,48.04360609,48.13062062,3949000
8/14/2012,48.35148239,48.3916449,47.96997172,48.28455168,6920700
8/15/2012,48.60583496,48.64599237,48.11053637,48.19755091,6502100
8/16/2012,49.24835587,49.26843456,48.45856144,48.48533474,8715500
8/17/2012,49.12120819,49.29523216,48.94049472,49.24168554,6204700
8/20/2012,49.08104324,49.18813137,48.77984737,49.04088073,3356800
8/21/2012,48.86687851,49.18145859,48.8601839,49.06098122,3917900
8/22/2012,48.78653717,48.91370909,48.49873053,48.69952776,4331800
8/23/2012,48.63261795,48.85348887,48.52552469,48.82671556,3832100
8/24/2012,48.90032196,49.03418849,48.57905251,48.63259912,3989900
8/27/2012,48.97394943,49.30191861,48.8133147,48.86686131,3472200
8/28/2012,48.94048691,49.09442704,48.79323627,48.87355109,4387400
8/29/2012,48.71292114,49.02080654,48.67945834,48.8802505,3770500
8/30/2012,48.31133652,48.57906453,48.24440579,48.53221251,3881300
8/31/2012,48.47865677,48.69953272,48.31802203,48.48535137,5234100
9/4/2012,48.512146,48.64600748,48.17079256,48.55899803,4925900
9/5/2012,48.24106216,48.61193668,48.11968383,48.45010062,5277300
9/6/2012,48.65239334,48.78051118,48.42986557,48.4568391,5226400
9/7/2012,48.6186676,48.88839772,48.55123636,48.6523858,4609200
9/10/2012,48.44334412,48.6119248,48.38940221,48.55123823,3953300
9/11/2012,48.26802063,48.53775074,48.18710005,48.40288311,4270400
9/12/2012,47.24306107,48.36243956,47.1756298,48.22757189,10485400
9/13/2012,47.79598236,47.9241053,47.20258035,47.38464518,8461200
9/14/2012,47.51279449,47.89715837,47.37793196,47.81624291,7448100
9/17/2012,47.46556854,47.782501,47.35093493,47.49928673,6596600
9/18/2012,47.69484329,47.81622158,47.41836854,47.46557092,4725400
9/19/2012,47.77577591,47.9983037,47.53976393,47.76903124,4902500
9/20/2012,48.03874969,48.2680221,47.71507767,47.73530653,4790100
9/21/2012,47.57347488,48.21407948,47.51952783,48.21407948,8268300
9/24/2012,47.67461395,47.78925272,47.47906489,47.58695385,4526800
9/25/2012,47.43860245,47.8971421,47.37791587,47.83645553,5642400
9/26/2012,47.48580551,47.87016926,47.47906599,47.62741267,3758200
9/27/2012,47.63417053,47.76903306,47.39141387,47.52628154,3373400
9/28/2012,47.72182083,47.74205484,47.4386065,47.62067653,5021800
10/1/2012,47.64089584,48.03200421,47.55997527,47.67460889,4794000
10/2/2012,47.62068939,47.917388,47.37118804,47.77578079,4219000
10/3/2012,47.67461395,47.8499393,47.5330068,47.728561,4276000
10/4/2012,47.78924561,47.9173634,47.67460685,47.72855389,4630500
10/5/2012,47.94434738,48.1399016,47.80948489,47.95109205,5491700
10/8/2012,48.00503159,48.15338339,47.78250387,47.87690863,3023600
10/9/2012,47.95108795,48.19384454,47.93085909,48.005035,4673200
10/10/2012,47.3981514,48.12642127,47.26328375,47.99829829,5150900
10/11/2012,47.08121109,47.76901799,47.08121109,47.70833141,5258200
10/12/2012,47.23630142,47.65437815,47.16212552,47.27001447,6158600
10/15/2012,47.43186188,47.46558007,47.03401391,47.22956813,4700700
10/16/2012,47.40490341,47.80275147,47.36444054,47.53976594,5802400
10/17/2012,47.27001572,47.82970474,47.16886629,47.35768095,9153200
10/18/2012,47.71508408,47.81623353,47.25654435,47.29025741,8081400
10/19/2012,47.12166595,47.80947795,46.9396011,47.62066843,9572400
10/22/2012,46.93287277,47.12168236,46.53502473,46.98681984,5820400
10/23/2012,46.20460129,46.70360392,46.0967123,46.64291219,5692900
10/24/2012,46.12368011,46.54850162,46.00904647,46.23156909,5619700
10/25/2012,46.45410156,46.58896408,46.21134492,46.28552085,4805600
10/26/2012,46.5147934,46.65640058,46.31249448,46.61593771,5200000
10/31/2012,46.69010544,46.98680909,46.50804056,46.64290305,5490500
11/1/2012,46.82497406,46.98006541,46.60919098,46.69685109,4420100
11/2/2012,46.56199646,47.04750461,46.48107586,46.99356269,4352400
11/5/2012,46.52827454,46.5822216,46.06973481,46.23831552,4759100
11/6/2012,46.7642746,46.93959993,46.3664267,46.54849156,4800300
11/7/2012,46.52153397,46.79800882,46.21809073,46.64291229,5913100
11/8/2012,46.38666153,46.73056756,46.25853856,46.45409277,5531800
11/9/2012,46.42712402,46.62942292,46.23156979,46.27877218,5598700
11/12/2012,46.26528931,46.50804593,46.23831578,46.37992295,3906400
11/13/2012,46.24504471,46.64289257,46.19784233,46.33944946,3791000
11/14/2012,45.9685936,46.3327286,45.88093347,46.23157913,4711100
11/15/2012,45.98206329,46.06297872,45.66513082,45.93486091,4668900
11/16/2012,46.0629921,46.19111508,45.71234648,45.86743785,5178400
11/19/2012,46.37991714,46.39340648,45.96184034,46.23830999,5512100
11/20/2012,46.4675827,46.48106689,46.06972961,46.25853915,5457000
11/21/2012,46.73731995,46.79801168,46.31249836,46.51479729,4106000
11/23/2012,47.33071518,47.44534881,46.86543084,46.86543084,3427900
11/26/2012,47.20258713,47.23630532,46.93285703,47.06097998,3855800
11/27/2012,47.27678299,47.48582146,46.99356858,47.14865998,4794900
11/28/2012,47.43860245,47.60043846,47.07446756,47.14190395,4434100
11/29/2012,47.41163254,47.63416029,47.31722776,47.46557959,4284700
11/30/2012,47.34419632,47.43860109,47.02726383,47.41162756,6664600
12/3/2012,47.11493301,47.47906792,47.06773063,47.4183762,4769200
12/4/2012,47.10817719,47.21606613,46.96657006,47.09468785,3644900
12/5/2012,47.37117004,47.62939576,47.09255877,47.22846595,4841900
12/6/2012,47.58182144,47.58182144,47.39834625,47.43911737,4086200
12/7/2012,47.74492645,47.75171818,47.46630997,47.60901408,3891300
12/10/2012,47.7109375,47.79248491,47.56823342,47.58182206,4124000
12/11/2012,47.85364914,48.17303673,47.62939762,47.71094504,5840800
12/12/2012,47.73131561,48.07788557,47.67695587,47.90799905,4483400
12/13/2012,47.7109375,47.88082405,47.636187,47.785688,4325200
12/14/2012,47.67696762,47.87403147,47.57503465,47.63619132,5068300
12/17/2012,47.81967163,47.96237572,47.63619124,47.74492113,5934100
12/18/2012,47.9283905,48.09148013,47.56823186,47.75170705,5549700
12/19/2012,47.48669434,48.0099479,47.46630878,47.9419943,6275900
12/20/2012,47.64299393,47.73813,47.34399188,47.58862898,6478200
12/21/2012,47.31680298,47.62939363,47.04498863,47.55464831,8748000
12/24/2012,47.1809082,47.29642985,46.89549995,47.1129546,2071300
12/26/2012,46.77996826,47.1809033,46.60328994,47.16731466,3731400
12/27/2012,46.66443634,46.8411198,46.33146015,46.71880128,4748100
12/28/2012,46.2227211,46.6780209,46.21592937,46.44017563,3764500
12/31/2012,46.50134659,46.51493523,45.79461792,46.05964052,5899600
1/2/2013,47.11292267,47.2148556,46.6440343,47.01098974,8055900
1/3/2013,47.1333313,47.21487872,46.92267361,47.07896635,5200100
1/4/2013,47.20128632,47.31680794,46.95664923,47.08576469,4512300
1/7/2013,47.1944809,47.35757571,46.99741706,47.24884584,5658400
1/8/2013,47.33720779,47.36438509,47.05859126,47.05859126,5072500
1/9/2013,47.57504654,47.5954321,47.27604445,47.53427023,6280900
1/10/2013,48.11867523,48.19342574,47.67697425,47.69735981,6923200
1/11/2013,48.16623306,48.17302998,47.94877848,48.05750837,4668900
1/14/2013,48.44485474,48.53319389,48.09148777,48.17303519,5631800
1/15/2013,48.65550232,48.75063836,48.15943654,48.36329727,5546100
1/16/2013,48.57396698,48.79142157,48.42446598,48.47203401,5001000
1/17/2013,49.2195282,49.24671067,48.45164291,48.68268611,7495700
1/18/2013,49.25350189,49.294273,49.01565662,49.07681846,7741200
1/22/2013,49.06325912,49.23314576,48.94094054,49.19237463,7042200
1/23/2013,48.7982254,49.12440996,48.75065736,48.98170583,4812000
1/24/2013,49.08361816,49.18554593,48.86616361,48.86616361,5136300
1/25/2013,49.26030731,49.30108361,49.08362902,49.19915064,4153600
1/28/2013,49.34185028,49.38262139,49.13119262,49.20594311,3741000
1/29/2013,49.5661087,49.57290043,49.2399242,49.2399242,6654600
1/30/2013,49.74958038,49.91946695,49.4981464,49.51853715,5179600
1/31/2013,49.50495529,49.85832233,49.38943365,49.85152542,5677900
2/1/2013,49.38264084,49.68164295,49.31468723,49.66125738,5964900
2/4/2013,49.23312378,49.38262478,49.19914958,49.25351452,5449500
2/5/2013,49.70881271,49.71560963,49.35544574,49.35544574,5558500
2/6/2013,49.45056534,49.68841061,49.43017979,49.54570656,4782800
2/7/2013,49.47777557,49.62727662,49.23993535,49.48457249,4146400
2/8/2013,49.33504486,49.51852521,49.24670574,49.44377472,3721400
2/11/2013,49.17195892,49.36223101,49.06322905,49.26709497,3744000
2/12/2013,49.04285812,49.23313027,48.96810761,49.21274471,6398000
2/13/2013,48.58755493,49.17876201,48.23419318,49.09041768,12029800
2/14/2013,49.1176033,49.74278462,48.58755804,49.0088786,8160800
2/15/2013,50.06896973,50.0961522,49.24671936,49.260308,9345800
2/19/2013,51.30574036,51.36689703,49.93305925,50.11653445,10825700
2/20/2013,51.25138855,51.55039063,51.16304938,51.16304938,7637900
2/21/2013,51.21059418,51.26495911,50.77568509,51.14943233,5645200
2/22/2013,51.35330582,51.36010273,51.06110075,51.25137285,4971300
2/25/2013,51.09507751,51.86975972,51.02711875,51.42805368,7600400
2/26/2013,51.38729095,51.48921875,50.9659704,51.23778995,6176900
2/27/2013,51.6590004,51.7342803,51.00881115,51.39892261,4655800
2/28/2013,51.85747528,51.98066865,51.63162512,51.63162512,6007400
3/1/2013,51.96697617,51.980662,51.58371027,51.70690362,4282100
3/4/2013,52.42552567,52.43921672,51.7000566,51.86431266,5558800
3/5/2013,52.63085175,52.74719958,52.35024262,52.58978381,7424800
3/6/2013,52.56242752,52.76090083,52.43923413,52.69930675,3940800
3/7/2013,52.79512024,52.8156516,52.47344833,52.53504763,4461600
3/8/2013,52.83617401,52.97990396,52.45975361,52.80880235,4297000
3/11/2013,52.59661865,52.96619865,52.55555595,52.78141126,4023100
3/12/2013,52.62401581,52.82249432,52.4871366,52.58295309,4608300
3/13/2013,52.66506958,52.76773158,52.4597508,52.62400687,3544000
3/14/2013,52.82933426,52.84986562,52.60347888,52.74035808,4149900
3/15/2013,52.72668457,52.80196971,52.49398361,52.59664565,6650900
3/18/2013,52.48028946,52.6924538,52.42553569,52.46660363,4176900
3/19/2013,52.47344208,52.66507505,52.35709423,52.54872721,5040200
3/20/2013,52.23392487,52.74722995,52.06282317,52.66509925,7579800
3/21/2013,52.11754608,52.52818886,52.01488408,52.21336256,3998200
3/22/2013,53.82170105,54.25287506,52.46657975,52.52132828,14228500
3/25/2013,53.26737213,53.82173986,53.1099563,53.8012085,6873800
3/26/2013,54.01336288,54.02705394,53.23998537,53.31527051,5183700
3/27/2013,53.58218002,53.82856676,53.32210746,53.72590475,3601600
3/28/2013,54.14339066,54.15707649,53.43160737,53.72590233,5338100
4/1/2013,54.13656235,54.22553855,53.9038666,53.9038666,3639000
4/2/2013,54.57454681,54.67036326,54.25287508,54.30762882,4034100
4/3/2013,54.04072571,54.67037831,53.93122341,54.663538,3895400
4/4/2013,54.43085098,54.45822787,53.58903387,53.58903387,5299000
4/5/2013,53.78749847,54.12286138,53.6574648,54.03388521,4244000
4/8/2013,54.41030884,54.41715436,53.55480084,53.77381068,3726400
4/9/2013,54.21183395,54.5608827,54.17077124,54.47875205,3921900
4/10/2013,54.79358673,54.82096362,54.24606462,54.36241248,3540200
4/11/2013,54.72514343,55.08103774,54.61564111,54.77305168,5389900
4/12/2013,54.74566269,54.7798851,53.89015475,54.02019363,5540000
4/15/2013,54.01336288,54.76620903,54.00652258,54.43085129,5356600
4/16/2013,54.75252533,54.77305669,54.12971285,54.22553457,5148600
4/17/2013,53.9654541,54.85518468,53.91070033,54.5745755,7532300
4/18/2013,55.60801697,57.11370888,54.82779413,54.89623372,18895600
4/19/2013,56.6483078,56.99051095,56.0323463,56.12816277,8368300
4/22/2013,57.06581116,57.23691278,56.1555545,56.31981059,6664800
4/23/2013,57.55858231,57.70915256,57.14793947,57.26428732,6670800
4/24/2013,56.35401917,57.68861475,56.27189374,57.53119898,6398300
4/25/2013,56.68253708,56.86732451,56.24451741,56.40193317,5602800
4/26/2013,56.47038651,56.79889873,56.32666175,56.60726573,3076000
4/29/2013,56.56617737,56.75096476,56.40876163,56.47036091,2849600
4/30/2013,56.44299698,56.55934481,56.13501096,56.40193427,4116100
5/1/2013,56.26505661,56.69623082,56.17608565,56.36771863,3532100
5/2/2013,56.50460815,56.75784048,56.1760959,56.21715863,2727000
5/3/2013,56.68939209,56.97684157,56.4361598,56.77836306,4777200
5/6/2013,56.46352386,56.60040305,56.27189092,56.60040305,3032100
5/7/2013,57.03842545,57.03842545,56.37455564,56.52512066,3706700
5/8/2013,56.9768219,57.25058545,56.67568147,57.0110443,4110700
5/9/2013,56.70309448,57.20271367,56.53199281,57.04529784,3711900
5/10/2013,56.80573273,56.97683433,56.51828328,56.7920469,3161800
5/13/2013,56.82625961,57.04526944,56.47721091,56.61409531,3010600
5/14/2013,57.14793777,57.16162361,56.75098079,56.84679727,4538500
5/15/2013,57.66126633,57.79814558,56.97001408,57.0658306,4087900
5/16/2013,57.31217957,58.02396271,57.26427134,57.51750353,4496300
5/17/2013,57.35326385,57.51751994,56.88102172,57.42854898,4505200
5/20/2013,56.52511215,57.38062,56.44298674,57.34640282,3958200
5/21/2013,56.55249786,56.75782187,56.20345437,56.55249786,3982600
5/22/2013,56.78518295,57.67490788,56.51826495,56.52510526,5239900
5/23/2013,56.20346832,56.62095674,55.78597991,56.32666171,4687000
5/24/2013,56.51829147,56.65517069,55.8133536,55.99129553,3579600
5/28/2013,56.41563797,57.13426701,56.23769079,56.86734362,4052500
5/29/2013,55.51904297,56.27873441,55.38215857,56.27873441,4346000
5/30/2013,55.58748245,55.77226986,55.23158824,55.53272869,4959800
5/31/2013,55.27950668,55.85441082,55.24528949,55.4506083,7813300
6/3/2013,55.71069717,55.77229126,54.56773943,55.21107807,5758100
6/4/2013,55.86810303,56.16239804,55.45061463,55.88179408,4543000
6/5/2013,55.96320343,56.19064136,55.6323894,55.74955248,6998200
6/6/2013,56.28023148,56.28023148,55.62548649,55.95630573,6031600
6/7/2013,56.86606979,56.86606979,56.16308067,56.5007935,6448200
6/10/2013,57.10041046,57.24514232,56.59040222,56.92810988,5036600
6/11/2013,56.87984848,57.07282423,56.39051562,56.77646711,6505000
6/12/2013,56.59037781,57.33471724,56.54213388,57.07281711,4277900
6/13/2013,56.50079346,56.67998223,55.99767358,56.55592563,5410700
6/14/2013,56.60413742,57.20374483,56.5076496,56.51454309,4034300
6/17/2013,56.89363861,57.15553353,56.576601,56.92120207,4655200
6/18/2013,56.90740585,56.99011198,56.51456094,56.76956756,3355200
6/19/2013,55.74954987,56.9763286,55.74954987,56.69375851,5487200
6/20/2013,54.38493729,55.74266093,54.28844416,55.46698431,7031200
6/21/2013,55.22578049,55.42564979,54.5986091,54.83293537,9417000
6/24/2013,55.22578049,55.65308782,53.89561979,54.22643922,6787400
6/25/2013,55.16374588,55.51524048,54.90873917,55.42564083,5929200
6/26/2013,56.03211594,56.21819813,55.56345844,55.56345844,4519100
6/27/2013,56.33537292,56.88673666,56.18374764,56.35604814,4464300
6/28/2013,56.36983871,56.70065277,56.23888864,56.4938953,5996000
7/1/2013,56.54214859,56.85918097,56.34917282,56.48701115,3804900
7/2/2013,56.29401779,56.67308098,56.04590466,56.47321178,5056000
7/3/2013,55.63929367,56.12862658,55.35671826,56.12862658,3862500
7/5/2013,55.68754196,56.01835609,55.33604735,55.89429947,3343200
7/8/2013,56.36295319,56.40430363,55.87362027,56.04592082,3749900
7/9/2013,57.04524231,57.11416671,56.48699042,56.65929091,3834500
7/10/2013,57.19687653,57.49323362,56.97633208,57.04525123,5654100
7/11/2013,58.27204514,58.32717731,57.65176214,57.65176214,4746500
7/12/2013,58.11352158,58.25135989,57.78270225,57.92743932,4349300
7/15/2013,58.38919449,58.52703279,58.12040613,58.18932528,4215000
7/16/2013,57.90674591,58.09972687,57.41741315,57.84472026,4480500
7/17/2013,58.7475853,58.93367281,57.84473223,57.92743838,7280100
7/18/2013,59.82273483,60.00192356,58.78893185,58.80960707,9202600
7/19/2013,59.55394363,59.85029543,59.18177395,59.50569445,6146200
7/22/2013,59.54706192,59.91923168,59.29205525,59.40233011,4780500
7/23/2013,59.40922928,59.5677481,59.25071571,59.52639765,6321200
7/24/2013,59.02324295,59.75379519,59.02324295,59.75379519,5939800
7/25/2013,58.96120453,59.13350495,58.77511713,59.02323015,5084900
7/26/2013,58.79582214,58.81649736,58.14108233,58.47878985,4189800
7/29/2013,58.75445175,58.99567132,58.5545826,58.76134524,3406300
7/30/2013,58.6579895,59.26448544,58.6579895,58.97502183,4354700
7/31/2013,57.57594681,59.03705722,57.50013415,58.78205054,8016500
8/1/2013,58.0308075,58.16865105,57.80337483,57.92053791,5790900
8/2/2013,58.09285355,58.1273105,57.47946401,57.89298428,4442800
8/5/2013,58.22380066,58.33407027,57.7344625,58.12730752,3590200
8/6/2013,58.61666107,58.87855607,57.97570269,58.19624722,3837800
8/7/2013,58.41677475,58.5752883,58.14109284,58.53393785,3832600
8/8/2013,58.36162949,58.64419959,58.19622247,58.5683922,2707900
8/9/2013,58.12730408,58.4236612,58.01703447,58.36163553,3753900
8/12/2013,57.76202774,57.91365305,57.56905199,57.84473389,2868600
8/13/2013,57.47255707,57.96188988,57.3829627,57.83094507,2953000
8/14/2013,57.03145218,57.57592226,57.01767046,57.43807874,3080600
8/15/2013,55.76332855,56.7075318,55.70819114,56.67996309,5350200
8/16/2013,55.2602272,55.65307221,55.09482016,55.54969084,6032400
8/19/2013,55.74266434,55.85983269,55.01211179,55.21198103,4945100
8/20/2013,55.33604431,55.79780852,55.31536909,55.79780852,3452900
8/21/2013,54.50210571,55.24644528,54.45386177,55.17752086,5453900
8/22/2013,54.61925125,54.92250177,54.24708159,54.44005728,3821500
8/23/2013,55.03279495,55.1223946,54.63305641,54.80535696,3026900
8/26/2013,54.92249298,55.20506298,54.908706,55.11546864,4079000
8/27/2013,54.48831558,54.71575353,54.17817674,54.57791522,5179700
8/28/2013,54.70197678,54.91562776,54.40561964,54.41940137,5057400
8/29/2013,54.67440796,54.95697811,54.4814322,54.61927052,5617000
8/30/2013,54.95008087,55.02588826,54.60547985,54.73642466,4362700
9/3/2013,55.27399063,55.68062249,55.16372106,55.46697158,5966600
9/4/2013,55.20320511,55.32814656,54.83532341,55.32814656,5335000
9/5/2013,54.88388824,55.32812316,54.69647879,55.20318176,4025500
9/6/2013,55.01578903,55.30731729,54.36331648,54.91167028,4443600
9/9/2013,55.09909439,55.16851044,54.68956724,55.00886094,3757100
9/10/2013,55.13380814,55.39063377,54.8561598,55.36286841,4682500
9/11/2013,55.42533112,55.46003914,54.93250788,55.16156814,4437900
9/12/2013,55.43920135,55.5641428,55.22402119,55.50861209,3322300
9/13/2013,55.7515564,55.80708711,55.46002811,55.59884959,3416100
9/16/2013,56.2374382,56.37626498,55.95285257,56.07779403,4083900
9/17/2013,56.68166733,56.80660346,56.20272431,56.23048966,4139300
9/18/2013,57.52849197,57.56319999,56.39708166,56.70249524,4916800
9/19/2013,56.79272079,57.57013467,56.45954191,57.528484,5351700
9/20/2013,56.73720169,56.91767385,56.55673483,56.91767385,5330500
9/23/2013,56.2374382,56.62614788,56.18885015,56.61226256,5384600
9/24/2013,55.90427399,56.38321718,55.84874327,56.19580233,5686200
9/25/2013,55.67520905,56.33462438,55.5849756,56.00144538,5174300
9/26/2013,55.90427399,55.92509668,55.42533079,55.72380179,3941600
9/27/2013,55.66824722,56.00142611,55.46001505,55.77930862,3429200
9/30/2013,55.18238068,55.47390896,55.00885118,55.43226358,5231400
10/1/2013,55.40450668,55.40450668,54.84921008,55.09909302,4135500
10/2/2013,55.22403717,55.2379225,54.60627245,55.20321447,5448300
10/3/2013,55.14072418,55.46696042,55.03660544,55.2309576,3987600
10/4/2013,55.26569748,55.48087244,54.92557572,55.23793211,2841500
10/7/2013,54.87696838,55.24485008,54.80755764,55.0088525,4867100
10/8/2013,54.78671265,55.07824082,54.73812462,55.03659545,5526500
10/9/2013,55.18238068,55.66132379,54.74508825,54.91167508,5298600
10/10/2013,56.00839233,56.00839233,55.397565,55.50168378,4663300
10/11/2013,56.10554504,56.28601187,55.84177688,56.03613432,4111000
10/14/2013,56.286026,56.30685399,55.7654375,55.84179091,3642800
10/15/2013,55.94592285,56.59145295,55.80710134,56.34156999,5427700
10/16/2013,57.10509109,57.19532983,56.48732644,56.91768155,7383200
10/17/2013,57.32027435,57.34803971,56.66085898,56.9523926,4469200
10/18/2013,57.61872101,57.61872101,57.07730996,57.36883817,6371200
10/21/2013,57.17451096,57.59098077,57.04956948,57.59098077,3997400
10/22/2013,57.91720963,58.11850449,57.1259155,57.23002897,5125900
10/23/2013,57.84085464,57.91720805,57.46603029,57.79920396,4665200
10/24/2013,57.29249954,57.8963841,57.29249954,57.8963841,5510800
10/25/2013,57.8547287,57.86861402,57.22308413,57.29943753,4065100
10/28/2013,58.7293396,58.79875036,57.77145842,57.86169188,5402000
10/29/2013,59.34015656,59.34709922,58.6529811,58.82651063,4349400
10/30/2013,58.80567169,59.34014017,58.7293183,59.32626014,3556100
10/31/2013,58.3683815,58.9306207,58.3683815,58.75709119,4572200
11/1/2013,58.69462585,58.7848646,58.19485997,58.41004018,4170000
11/4/2013,58.56274414,58.99309396,58.40309465,58.73627366,3572800
11/5/2013,58.73627472,58.9375696,58.18792079,58.34756499,3207600
11/6/2013,60.16614532,60.20085334,58.77096673,58.96531892,6017100
11/7/2013,59.20829391,60.16617528,59.06252441,60.08982184,5870000
11/8/2013,59.59005356,59.61087626,58.52805343,59.20134901,5208100
11/11/2013,59.31236649,59.77742946,59.1804877,59.52060395,4309200
11/12/2013,59.44424438,59.47200973,59.02083213,59.28460027,4561000
11/13/2013,59.65944672,59.7010974,59.13192079,59.326273,3228400
11/14/2013,59.96484756,60.13143439,59.61084594,59.68026197,2897300
11/15/2013,59.71498108,60.09674816,59.38874472,59.92321863,3324000
11/18/2013,59.59699249,59.81911012,59.27769874,59.70804866,4157500
11/19/2013,59.20131302,59.56225198,58.95143017,59.42343052,4026200
11/20/2013,59.09025192,59.75660444,58.98613848,59.33319741,4471100
11/21/2013,59.43038177,59.63861399,59.15273353,59.54838056,3137000
11/22/2013,59.51366806,59.55531874,59.07637568,59.38872662,3380100
11/25/2013,59.25687408,59.77746275,59.16663533,59.5622825,2536200
11/26/2013,58.57663727,59.52063849,58.5696946,59.27769817,4633800
11/27/2013,58.59744263,58.72238408,58.35450238,58.659916,3611600
11/29/2013,58.62520981,58.91673812,58.44473763,58.73627124,2698100
12/2/2013,58.09766769,58.66684418,57.98661158,58.60437611,4495900
12/3/2013,58.16709137,58.2781475,57.84085506,57.97967654,5767500
12/4/2013,57.76034546,58.0189183,57.38296326,58.0189183,6819800
12/5/2013,57.23621368,57.71841991,57.22922364,57.59263115,5321600
12/6/2013,58.1097908,58.17967523,57.47383023,57.66950877,4841200
12/9/2013,57.78829956,58.14471164,57.55767622,57.94903316,5371700
12/10/2013,57.5856514,57.87217917,57.38298281,57.62059095,4888900
12/11/2013,57.77433014,58.05387315,57.529732,57.529732,6606300
12/12/2013,56.80290985,57.76034272,56.5862666,57.69744302,6327400
12/13/2013,56.55830383,57.19425876,56.50239418,56.97761553,3798300
12/16/2013,56.60726166,56.81692032,56.32771856,56.64919126,4245600
12/17/2013,56.22986221,56.7819582,56.15298775,56.64218936,8210200
12/18/2013,56.90076065,57.03354478,55.88043321,56.31372514,7416900
12/19/2013,57.06848907,57.15933828,56.62121707,56.80292082,4075700
12/20/2013,57.17329788,57.37596637,56.93568986,56.99159951,7496100
12/23/2013,57.20825577,57.57165793,56.92172273,57.54370309,3718700
12/24/2013,57.3340683,57.45287238,57.16634458,57.34804305,1115400
12/26/2013,57.6205864,57.6205864,57.31309385,57.40394307,1799000
12/27/2013,57.8022995,58.08184258,57.62758574,57.8232643,2361300
12/30/2013,57.94205856,58.06784732,57.7813196,57.80228439,2006900
12/31/2013,57.96302414,58.23557711,57.68348113,57.99097897,3009500
1/2/2014,57.37598801,57.99796846,57.18030948,57.95603887,3275900
1/3/2014,57.47382736,57.91410938,57.38996818,57.38996818,3287200
1/6/2014,57.50178909,57.73241252,57.36202022,57.44587941,3888400
1/7/2014,58.3404274,58.69683967,57.73242153,57.73941157,6332400
1/8/2014,58.17266846,58.43823668,57.8721607,58.23556816,5653300
1/9/2014,57.90015411,58.27753657,57.56470659,58.24259168,4565900
1/10/2014,58.35438919,58.45222846,57.83024797,58.14473057,3712000
1/13/2014,57.56468201,58.40330578,57.52973713,58.04688828,4487100
1/14/2014,57.56468201,57.90711943,57.48780754,57.74638045,4389200
1/15/2014,57.92809296,58.14473631,57.50179096,57.64156517,4189100
1/16/2014,57.90710831,58.12375159,57.51575133,57.78131423,3724700
1/17/2014,57.44586182,57.99097303,57.33404782,57.9630182,6259600
1/21/2014,57.94904327,58.05387257,57.41092738,57.45285697,4790700
1/22/2014,57.90015411,58.00498346,57.63459105,57.88617936,3920400
1/23/2014,57.60661697,57.90013479,57.21525989,57.90013479,5429100
1/24/2014,56.90774918,57.74637284,56.90774918,57.35501584,5906200
1/27/2014,57.34805298,57.8442395,56.9007861,56.90777615,5811000
1/28/2014,57.52973938,57.77433755,57.10343743,57.57865901,3867800
1/29/2014,56.06214523,57.21525697,55.97828072,57.21525697,7539700
1/30/2014,56.66315079,56.85882929,56.29275858,56.34167821,4589100
1/31/2014,56.15997696,56.48144955,55.83850436,56.04815762,6728600
2/3/2014,54.90902328,56.26480335,54.87407841,56.15298402,7073500
2/4/2014,55.08375168,55.32834987,54.70636933,55.188581,5431700
2/5/2014,55.50305939,55.64283358,54.81818452,54.90903374,4829600
2/6/2014,55.48210144,56.04817232,55.10471908,56.04118761,6113800
2/7/2014,56.06214523,56.09010007,55.39124512,55.68476292,4553800
2/10/2014,56.3277092,56.41157371,56.02021664,56.02720135,4742000
2/11/2014,56.78195572,56.83786539,56.13901055,56.24383984,5068100
2/12/2014,56.94969177,57.20128,56.59327957,56.94270706,4471200
2/13/2014,55.6917305,56.51637923,54.76225251,56.44648949,11197000
2/14/2014,54.57357025,55.78259143,54.55260546,55.74066185,13206500
2/18/2014,54.63647461,54.95095717,54.35693159,54.95095717,9800200
2/19/2014,53.8817215,54.81119996,53.8188271,54.53864693,10353400
2/20/2014,54.51767731,55.118693,54.07041056,54.11234015,9580300
2/21/2014,54.66443634,55.14664797,54.44080296,54.51767744,7488400
2/24/2014,55.12565994,55.62184617,54.72731295,54.72731295,7747000
2/25/2014,55.37029266,55.73369497,55.160634,55.2235284,7509200
2/26/2014,54.96493912,55.82452766,54.90902945,55.55896472,6586200
2/27/2014,55.25842667,55.5309795,54.79019542,54.96490905,7809200
2/28/2014,55.95731735,56.18794077,55.10471343,55.27243713,9870600
3/3/2014,55.57293701,55.70572114,55.27941925,55.32833887,5767200
3/4/2014,56.5024147,56.55832437,55.7686203,55.775605,7518000
3/5/2014,57.0851593,57.33852747,56.52211774,56.57842297,6398300
3/6/2014,57.24000549,57.31742386,56.97959779,57.12739501,5874500
3/7/2014,57.40186691,57.45113265,57.02885416,57.36668017,4032200
3/10/2014,57.52151489,57.59189374,57.15553628,57.39483081,4313500
3/11/2014,58.28162766,58.40127764,57.56375462,57.59894137,5837300
3/12/2014,57.81711197,58.09863276,57.61300953,57.85229871,5674500
3/13/2014,57.57079315,58.21124781,57.45114317,57.85934811,6119000
3/14/2014,57.00775909,57.84528221,56.90922759,57.52153509,7763000
3/17/2014,57.74674606,57.81008544,57.21185699,57.3385411,7762000
3/18/2014,57.6763649,57.86639376,57.42299666,57.72563065,3488300
3/19/2014,57.26817322,57.70452552,57.14148908,57.69749139,5106000
3/20/2014,57.61302948,57.6482216,57.18371134,57.26112972,3241100
3/21/2014,57.81008911,58.1127231,57.35965787,57.86639436,9206700
3/24/2014,57.63412857,58.11271235,57.38076037,57.943802,5253600
3/25/2014,57.99305344,58.06343228,57.64115385,57.64115385,4170500
3/26/2014,58.32384872,58.93615067,58.05640156,58.11270679,6388200
3/27/2014,58.09159851,58.56314278,58.06344589,58.30977459,4352000
3/28/2014,58.38014221,58.56313151,58.20419241,58.20419241,4078100
3/31/2014,58.76725006,58.97839203,58.53499497,58.93616041,6620900
4/1/2014,58.33086014,58.60534132,58.22529458,58.46458367,4676800
4/2/2014,58.22532272,58.38015407,58.02122027,58.28866209,4919200
4/3/2014,58.35202408,58.48574234,58.13384256,58.35905821,3362700
4/4/2014,58.12677383,58.54201816,58.11973971,58.53497866,4404100
4/7/2014,59.05581284,59.28102844,57.92269532,57.97196107,8976500
4/8/2014,58.74612045,59.11913317,58.52090492,59.06986744,6552700
4/9/2014,59.05581284,59.11915221,58.61241576,58.74613937,4926400
4/10/2014,58.85170364,59.69626072,58.83762465,59.01357449,7665500
4/11/2014,58.5209198,59.27398493,57.70450994,57.70450994,6703700
4/14/2014,58.80243301,59.05580119,58.45053337,58.81650664,4617800
4/15/2014,59.09100342,59.14730866,58.79540893,59.09804292,5673800
4/16/2014,59.66106796,59.80887055,59.37955252,59.41473927,5578400
4/17/2014,60.21002197,60.48450322,59.46399119,60.45635061,11168400
4/21/2014,60.46340179,60.49154904,59.82998134,59.97073905,4889800
4/22/2014,59.92146683,60.40709002,59.92146683,60.40709002,4483300
4/23/2014,60.11151505,60.31561217,59.86518094,60.01297818,4805300
4/24/2014,60.18893814,60.29450915,59.82296472,60.09040663,3749700
4/25/2014,59.99888992,60.37894219,59.90035845,60.14668713,3749300
4/28/2014,61.10385132,61.2305354,60.1396444,60.20298913,5978500
4/29/2014,60.35785294,61.18833665,60.35785294,61.18129715,4869100
4/30/2014,60.44932175,60.57600584,60.12557471,60.33671665,4387500
5/1/2014,60.22410202,60.61822788,59.78774455,60.52673591,3848700
5/2/2014,60.18893814,60.42823279,59.8933436,60.0692935,3438000
5/5/2014,60.46340179,60.58304639,59.92147331,59.94258643,2989800
5/6/2014,60.08337784,60.51269605,60.04818571,60.16783036,3141100
5/7/2014,61.0898056,61.31502125,60.04114036,60.04114036,5500600
5/8/2014,60.99123383,61.29386229,60.82231817,61.08272578,3507900
5/9/2014,61.35019302,61.40649826,60.82234347,60.92791445,3330100
5/12/2014,61.18128967,61.70913929,60.97014768,61.45577104,3218600
5/13/2014,61.39240265,61.54019983,61.09680292,61.19533438,2259400
5/14/2014,61.11793137,61.54021526,61.07570512,61.39945217,2726300
5/15/2014,60.34375763,61.16016749,60.30857088,61.11793588,3877100
5/16/2014,60.9067955,60.96310074,60.22410928,60.23818291,3672600
5/19/2014,60.59712601,60.66750487,60.13965533,60.4845209,4201400
5/20/2014,60.28040695,60.69564593,60.07630452,60.498583,4510200
5/21/2014,60.59712601,60.63231812,60.19596057,60.37191042,2647100
5/22/2014,60.23114395,60.59711722,60.10445987,60.5689646,2970600
5/23/2014,60.40709305,60.56192975,60.07630653,60.07630653,2750700
5/27/2014,60.89976501,60.97014389,60.28042344,60.39302856,4400100
5/28/2014,61.27983475,61.34317951,60.76605864,60.77309814,4030700
5/29/2014,61.74433136,61.82174436,61.1460975,61.22351587,4647300
5/30/2014,62.16658401,62.27215497,61.51909005,61.65984774,5181600
6/2/2014,61.84285736,62.2088307,61.76543899,62.01880722,2876100
6/3/2014,62.08917999,62.10325362,61.44872,61.54021735,5174700
6/4/2014,61.99346924,62.43309089,61.92965066,62.05728241,3872400
6/5/2014,62.22745895,62.34090638,61.84456374,62.24873001,2937800
6/6/2014,62.33382416,62.44727159,62.06437635,62.29836879,3675400
6/9/2014,62.39762115,62.63161353,62.26998944,62.26998944,2280100
6/10/2014,62.69543076,62.9081521,62.16363281,62.28417238,3420600
6/11/2014,62.2416153,62.75214206,62.2132521,62.50397083,3747600
6/12/2014,61.84454346,62.19198319,61.65309321,62.10689359,3856200
6/13/2014,61.82329941,61.943839,61.56094375,61.7949362,3047500
6/16/2014,62.0785408,62.21325925,61.48292437,61.59637718,3894500
6/17/2014,61.8870697,62.37632531,61.738167,62.14942518,3393100
6/18/2014,63.03577805,63.0854123,61.76655309,61.92963475,5314400
6/19/2014,63.88664627,63.88664627,63.04995078,63.07831398,5380400
6/20/2014,63.17760086,63.98593338,63.17760086,63.91502806,5697000
6/23/2014,62.67414474,63.29103216,62.21325222,63.24848465,4187700
6/24/2014,62.43308258,62.80179345,62.28417439,62.56071431,4309700
6/25/2014,62.80887604,62.90814454,62.32671241,62.38343882,3965300
6/26/2014,62.83017349,63.20597662,62.39055178,63.17052125,3539300
6/27/2014,62.93650055,63.04994794,62.65287396,62.70960036,3646100
6/30/2014,63.34777451,63.46122734,62.64580267,62.72380014,4473400
7/1/2014,63.1988678,63.30522847,62.98615186,63.19178105,3541000
7/2/2014,63.58174133,63.59592564,63.1137621,63.31229907,2829600
7/3/2014,63.82990646,63.91499605,63.48246679,63.74482229,2216800
7/7/2014,63.71648788,63.7732143,63.44704553,63.53922189,2534500
7/8/2014,63.62429428,63.87246552,63.44702834,63.85828121,3128700
7/9/2014,63.65268707,63.88667954,63.54633178,63.74486888,2603300
7/10/2014,63.88664627,63.97173587,63.21303784,63.26976424,3145600
7/11/2014,63.70938873,63.96465216,63.4257621,63.76611514,3655300
7/14/2014,64.58154297,64.80135105,63.8653869,63.95756326,4496100
7/15/2014,64.0568161,64.48934542,63.94336871,64.03554505,3959100
7/16/2014,64.17025757,64.4396998,63.85826784,64.26243389,5121600
7/17/2014,63.80864334,64.29080689,63.79446445,63.92209613,2823800
7/18/2014,63.87955475,64.0142786,63.59593356,63.90791795,5273200
7/21/2014,63.75191498,63.91499659,63.3761067,63.54628587,3024100
7/22/2014,63.22722244,63.56048332,63.11377504,63.53921227,5304400
7/23/2014,64.39717865,66.00675121,64.35463655,64.70916848,10953700
7/24/2014,65.17004395,65.47493613,64.78005677,64.96441483,5614700
7/25/2014,64.91478729,65.34022445,64.73042921,65.21968492,2925000
7/28/2014,64.50354004,65.09206434,64.26954767,64.91479838,4653900
7/29/2014,63.91500854,64.50353278,63.91500854,64.46099068,4268600
7/30/2014,63.04285812,64.2057222,62.90813429,64.16317469,4250200
7/31/2014,62.46852875,63.04287419,62.4472577,62.56779726,4825900
8/1/2014,62.47560883,63.0570409,62.0147163,62.19198224,3987700
8/4/2014,63.59593964,63.61721069,62.48979633,62.63161235,6488900
8/5/2014,63.24850845,63.58886156,63.02870034,63.37614019,7678800
8/6/2014,64.17736816,64.35463412,62.70251411,62.70251411,6589900
8/7/2014,63.7448349,64.41844333,63.48957151,64.37590123,4625600
8/8/2014,64.02137756,64.06391966,63.46830861,63.74484309,4739900
8/11/2014,65.08499146,65.13462572,64.31210881,64.59573552,5231100
8/12/2014,64.67369843,65.15586195,64.53897459,64.85096435,2776000
8/13/2014,65.0495224,65.14170417,64.58154303,64.92189068,3690300
8/14/2014,65.08499146,65.29062068,64.85099901,65.10626251,3624900
8/15/2014,65.1275177,65.76567629,64.73044365,65.30478367,3844600
8/18/2014,65.34022522,65.60257534,65.23386458,65.37567516,2974700
8/19/2014,65.13461304,65.489145,65.07788662,65.38987648,3086300
8/20/2014,65.39700317,65.54590603,64.89356276,65.10628421,5709300
8/21/2014,65.26934052,66.07767301,65.24097731,65.6380514,4060300
8/22/2014,64.95024872,65.65222043,64.95024872,65.42532021,3865500
8/25/2014,66.07765961,66.26201231,65.64513024,65.64513024,5031800
8/26/2014,65.65929413,66.30454466,65.63093093,66.0918234,3143400
8/27/2014,65.39700317,65.74444317,65.27645813,65.74444317,2955100
8/28/2014,65.64511108,65.73019526,65.09912907,65.29766602,3234300
8/29/2014,65.58131409,65.87912502,65.24096647,65.75149331,3657700
9/2/2014,65.57421112,66.04219033,65.50330043,65.6734796,5130300
9/3/2014,66.23480988,66.24195262,65.56353351,65.98486829,4929600
9/4/2014,65.59209442,66.52045506,65.53496336,66.37762741,4466800
9/5/2014,65.52066803,65.59207911,65.26358377,65.59207911,3148000
9/8/2014,65.59922791,65.87773497,65.26358979,65.32786359,3534300
9/9/2014,65.28501892,65.54924597,65.19932778,65.34214998,3259200
9/10/2014,65.54925537,65.64208926,65.36358214,65.46355877,3720500
9/11/2014,65.44926453,65.6634978,65.32786513,65.47783005,3670600
9/12/2014,64.89224243,65.55637585,64.68514648,65.41354823,3587700
9/15/2014,65.12789917,65.206453,64.82796935,65.03506531,3770700
9/16/2014,66.10624695,66.47758784,64.94936781,65.08505268,5155400
9/17/2014,66.30619812,66.63469345,65.73490403,66.177656,4997200
9/18/2014,66.67755127,66.77038514,66.19908555,66.39190147,4753300
9/19/2014,66.97748566,67.27741551,66.71325862,67.02747397,6259500
9/22/2014,66.82751465,66.97033682,66.62041869,66.71325255,3790600
9/23/2014,66.36332703,66.8275072,66.29905324,66.80608442,3386300
9/24/2014,66.77038574,67.15601215,66.47045591,66.49187869,4227300
9/25/2014,66.17765045,66.72038442,66.04197105,66.69896164,4372400
9/26/2014,66.50614929,66.6489769,66.01340904,66.0562546,3536300
9/29/2014,66.52043915,66.69182683,66.06340168,66.06340168,2973500
9/30/2014,66.47757721,66.72038139,66.35617784,66.37760062,4219300
10/1/2014,66.16338348,66.57043268,65.99913308,66.17766352,4842800
10/2/2014,66.11338806,66.35618682,65.93485764,66.277633,3513800
10/3/2014,66.77038574,66.79180852,66.16338333,66.4204676,4084400
10/6/2014,66.67755127,66.87750449,66.26335934,66.77038514,3733100
10/7/2014,66.48471832,66.79893356,66.34189619,66.62040317,6799900
10/8/2014,67.08460999,67.08460999,66.24194596,66.37762541,5715200
10/9/2014,66.82036591,68.71278946,66.81322316,68.09150163,9094000
10/10/2014,67.59163666,68.484289,66.88465753,66.88465753,8350900
10/13/2014,67.08460999,68.16293008,67.00605614,67.63448143,5194500
10/14/2014,66.42044067,67.49876019,66.12050551,67.45591465,5869000
10/15/2014,65.53495026,66.09910709,64.81369122,65.58493856,8580700
10/16/2014,64.83511353,65.00650122,64.14241456,64.46376717,7226400
10/17/2014,65.34928894,65.6992071,64.66373265,65.04935364,6260100
10/20/2014,66.80609894,66.92749834,65.40641537,65.45640912,6883100
10/21/2014,66.93463135,67.09887629,65.82059776,66.59899327,6982200
10/22/2014,67.45594788,67.85585436,66.87036819,67.02033312,5148200
10/23/2014,66.95603943,68.07006733,66.7703663,67.79870309,5805000
10/24/2014,67.55593109,67.691616,66.80610636,66.95607131,4005800
10/27/2014,67.57019043,68.01294235,67.34880902,67.47021384,3135500
10/28/2014,68.02722931,68.02722931,67.34167318,67.62018019,3368300
10/29/2014,67.620224,68.19866116,67.17746633,68.19866116,3274300
10/30/2014,68.30574036,68.62709294,67.23455783,67.44879106,3567200
10/31/2014,68.67710114,69.0841504,68.25577183,68.84849431,5259300
11/3/2014,68.43429565,68.86276766,68.27718798,68.51284949,4330400
11/4/2014,69.07699585,69.15554423,68.54854186,68.6556612,3944500
11/5/2014,69.19124603,69.8839449,68.81990517,69.64114071,3804100
11/6/2014,69.13413239,69.41263946,68.91989911,69.24125175,4198500
11/7/2014,69.12696838,69.13410568,68.19860819,69.13410568,5273400
11/10/2014,69.2483902,69.26267024,68.6699533,68.841341,3345500
11/11/2014,69.05560303,69.54120626,69.01275745,69.24127629,3263600
11/12/2014,69.38408661,69.5483316,68.71281028,69.05558574,3247500
11/13/2014,70.36952972,70.66945943,68.93414406,68.93414406,6257900
11/14/2014,69.78398132,70.37670371,69.52689705,70.3338527,4335400
11/17/2014,70.28385162,70.37669093,69.16268085,69.16268085,3745200
11/18/2014,69.94109344,70.34099992,69.88396239,70.28386887,3908600
11/19/2014,70.27671814,70.29814092,69.80539521,69.94108007,3396800
11/20/2014,70.02675629,70.42666805,69.8910769,69.99105348,3727100
11/21/2014,70.61949158,70.79087925,70.1553114,70.71946818,5259800
11/24/2014,70.4695282,70.87657734,70.33384333,70.61235036,4540700
11/25/2014,70.64806366,70.83373684,70.34099109,70.34813384,3640900
11/26/2014,70.94799042,71.15508637,70.70519165,70.87657934,2685600
11/28/2014,71.48358154,71.91205348,71.06938965,71.21221726,2504300
12/1/2014,71.17650604,71.51928684,70.33384225,70.38383055,3658500
12/2/2014,71.6906662,71.8192083,71.13365223,71.39787918,3888000
12/3/2014,70.67354584,71.66550372,70.57291267,71.66550372,4943800
12/4/2014,70.26382446,70.64479368,70.01224153,70.47228046,4582600
12/5/2014,70.27103424,70.39323092,69.86849595,70.17040104,5308200
12/8/2014,70.28540039,70.52260955,70.08413401,70.35009629,4233800
12/9/2014,69.8181839,70.26384916,69.1568784,69.88287981,3459700
12/10/2014,69.13527679,70.15598761,69.05620711,69.89003092,3972300
12/11/2014,69.2143631,69.72471863,69.01309675,69.22155275,4784700
12/12/2014,68.10023499,69.5594222,68.07867151,68.76154607,3935900
12/15/2014,67.66895294,68.80467708,67.46768648,68.3805752,4555200
12/16/2014,66.55475616,68.2655311,66.51162923,67.2376304,6962800
12/17/2014,67.36703491,67.64018139,66.43976714,66.6985398,6189200
12/18/2014,68.54586792,68.58181069,67.38139127,68.07863933,8122800
12/19/2014,68.60338593,69.14967883,68.43805683,68.50275273,7678700
12/22/2014,69.45159912,69.48035225,68.62496444,68.854984,3623000
12/23/2014,69.98352051,70.08415373,69.62411459,69.89726111,3065800
12/24/2014,69.78943634,70.36448798,69.76068869,70.08415182,1604100
12/26/2014,69.76068878,70.13446851,69.70318252,69.81100539,1492700
12/29/2014,69.53066254,69.79661937,69.02030137,69.45159281,2453800
12/30/2014,68.97718811,69.56661364,68.94843498,69.15689108,2134400
12/31/2014,67.9708252,68.99154187,67.95645138,68.76870653,3727400
1/2/2015,67.88459015,68.5315164,67.60425398,68.23680641,3545700
1/5/2015,67.3742218,68.32305301,67.36703215,67.89176161,6441000
1/6/2015,66.86384583,68.01394866,66.80634507,67.62578977,6195000
1/7/2015,68.8190155,69.17123711,67.87737414,68.38054002,6526300
1/8/2015,70.06975555,70.37884475,69.49470409,69.53783103,7131600
1/9/2015,69.59534454,70.20633336,69.43001545,70.12007947,4061500
1/12/2015,69.30780792,69.96911323,69.14248434,69.68877716,4192700
1/13/2015,69.25750732,70.07695224,68.87653799,69.48752685,5371300
1/14/2015,69.48750305,69.58095205,68.61774184,68.61774184,5127800
1/15/2015,69.48750305,69.9547316,69.27904707,69.82534532,4424000
1/16/2015,69.93320465,70.03383787,69.25033011,69.48035517,4404400
1/20/2015,70.09131622,70.68074148,69.60252415,70.68074148,7029500
1/21/2015,70.01225281,70.60167812,69.43720132,69.73910088,5031100
1/22/2015,71.09047699,71.16235706,69.75348681,70.06976571,7620400
1/23/2015,70.82450104,71.15515369,70.51541185,70.70230439,4857700
1/26/2015,70.93952942,71.12641652,70.2063384,70.58012356,4298700
1/27/2015,69.52344513,70.47946569,68.46679141,70.19194001,7365300
1/28/2015,68.80466461,70.27822547,68.76153766,69.87569263,6280100
1/29/2015,69.02746582,69.35093428,68.19364735,68.80463602,4600300
1/30/2015,67.41014862,68.52430876,67.2520092,68.36616933,7741500
2/2/2015,68.52433014,68.60339988,67.28078331,67.46767592,6889500
2/3/2015,69.14968872,69.40846139,68.70402894,69.02030239,5090400
2/4/2015,69.43721008,69.91881261,69.02748763,69.02748763,5064700
2/5/2015,69.44438171,69.89004683,69.3006216,69.89004683,4466200
2/6/2015,69.51626587,69.76784882,69.25749327,69.4947024,4629200
2/9/2015,68.984375,69.6600599,68.71122298,69.42285067,4217100
2/10/2015,70.43634796,70.51541768,69.27906083,69.53064928,6797400
2/11/2015,72.16868591,72.42745853,71.3061087,71.91710295,9736400
2/12/2015,72.07525635,72.24058547,71.43551429,71.91712236,9062300
2/13/2015,71.25579071,71.9889816,71.11922024,71.9889816,5643000
2/17/2015,70.70232391,70.95390693,70.44355125,70.76701434,5877800
2/18/2015,71.39956665,71.51457367,70.55855829,70.61605905,3472500
2/19/2015,70.96107483,71.593627,70.82449888,71.37798683,4186300
2/20/2015,71.20548248,71.21267214,70.3213472,70.60168331,3945500
2/23/2015,71.4858017,71.50737065,70.97544619,71.27735119,3075700
2/24/2015,71.57926178,71.85959787,71.26298291,71.48581276,3389900
2/25/2015,71.5217514,71.75177089,71.09765521,71.65113771,3366100
2/26/2015,71.21265411,71.4211101,71.14796371,71.27016035,5722000
2/27/2015,71.14797974,71.42831584,71.14079008,71.320493,6461700
3/2/2015,71.16236877,71.37801451,70.968292,71.14799495,3613600
3/3/2015,70.73107147,71.12641461,70.52980508,71.03297107,4148100
3/4/2015,70.45249176,70.80706828,70.27882242,70.71299854,3884200
3/5/2015,70.3584137,70.79258977,70.34393803,70.69851451,3537200
3/6/2015,69.59134674,70.30050505,69.42491529,70.19195968,6466100
3/9/2015,69.49727631,69.83014473,69.44662254,69.46833051,4810500
3/10/2015,68.33223724,69.17888124,68.33223724,69.01968209,5390300
3/11/2015,67.75333405,68.47696254,67.6230807,68.35394702,4637300
3/12/2015,69.25847626,69.29465989,67.90528911,67.99212651,4455000
3/13/2015,68.25263214,69.1716378,67.97765533,68.66510012,4703800
3/16/2015,69.07035065,69.12824226,68.36843551,68.42632161,4687400
3/17/2015,68.11515808,68.95456991,68.0645043,68.701301,4507400
3/18/2015,68.48422241,68.78091284,66.74751236,68.01386263,7692100
3/19/2015,68.09343719,68.44078129,67.80398471,68.33223591,4386400
3/20/2015,68.99073792,69.09205098,68.09344013,68.16580187,8810400
3/23/2015,69.35979462,69.55517741,68.99074251,69.08481776,4739400
3/24/2015,69.36701965,70.30773879,69.33083602,69.9821027,7118600
3/25/2015,68.93284607,69.78672784,68.9111381,69.77949001,4965600
3/26/2015,69.20059204,69.45386643,68.59274675,68.9256152,5077700
3/27/2015,69.43217468,69.58414157,68.87498299,68.94734476,4245600
3/30/2015,69.84462738,69.9604106,69.1427123,69.67095807,5021200
3/31/2015,69.193367,69.89528209,69.193367,69.62754305,4397600
4/1/2015,68.80981445,68.9473056,68.14407772,68.86047374,4241200
4/2/2015,69.24401093,69.41768021,68.58550636,68.58550636,3586200
4/6/2015,69.8156662,70.25707442,69.12821595,69.12821595,4861800
4/7/2015,69.6202774,70.09787473,69.60580727,69.95314576,3376600
4/8/2015,69.49002075,69.90248864,69.24398979,69.54067451,3879100
4/9/2015,69.72162628,69.92424144,69.20785055,69.34534178,3487000
4/10/2015,69.61306,69.8446209,69.57688188,69.6709516,2704900
4/13/2015,69.12823486,69.67095628,69.09205675,69.475579,3772900
4/14/2015,69.82292938,70.04725803,69.02693894,69.22955409,4501700
4/15/2015,69.92424011,70.40907554,69.83017037,70.00383971,3508700
4/16/2015,69.79396057,70.13406682,69.62029129,69.85185217,3699000
4/17/2015,69.33083344,69.55516199,69.00520287,69.3525414,4991600
4/20/2015,69.83013916,70.14853742,69.64199423,69.65646989,4468600
4/21/2015,70.03278351,70.597213,69.85911417,70.33670623,4184300
4/22/2015,70.39458466,70.65509138,69.96040863,70.37287668,5293600
4/23/2015,69.27297211,70.51037642,69.07035145,69.95317927,7827700
4/24/2015,68.86773682,69.25849695,68.39014478,69.25849695,5381700
4/27/2015,68.37568665,68.94011625,68.35397866,68.86775447,5348500
4/28/2015,68.32502747,68.57829643,68.03557485,68.55658845,5065900
4/29/2015,68.29607391,68.36120337,67.48561331,68.18029619,4963600
4/30/2015,68.83154297,68.98350429,67.84740779,68.13686029,6714400
5/1/2015,69.14994049,69.19336196,68.57104098,68.8604935,4622300
5/4/2015,69.43217468,69.64926551,68.93287461,69.07036032,3729400
5/5/2015,69.0486145,69.59133575,68.91836118,69.4827904,3502800
5/6/2015,69.09204102,69.44661738,68.70851333,69.41043375,3376400
5/7/2015,68.85325623,69.22954063,68.70852721,68.85325623,3157400
5/8/2015,69.86634827,69.90976422,69.14271962,69.40322637,5231600
5/11/2015,69.72162628,70.26434782,69.55519477,69.66373466,3070300
5/12/2015,69.61306,69.74331335,68.744708,69.4683365,4229900
5/13/2015,69.7650528,70.16304531,69.59137791,69.66373969,3739800
5/14/2015,70.91560364,70.91560364,70.00383005,70.0761918,4018500
5/15/2015,71.07479095,71.23399011,70.73468468,70.79257629,3809500
5/18/2015,70.95176697,71.15438204,70.67678464,70.92282117,3328300
5/19/2015,70.87940979,71.16162447,70.60443295,70.87217748,3323900
5/20/2015,70.69127655,71.15439839,70.68403872,70.91559964,2789800
5/21/2015,70.33670044,70.7636442,70.11961516,70.48142948,3406100
5/22/2015,69.65646362,70.34390832,69.63475566,70.34390832,3311100
5/26/2015,69.31637573,69.67095216,69.1065228,69.511753,3806200
5/27/2015,69.74332428,69.88805332,69.25849443,69.46110956,4028200
5/28/2015,70.23538971,70.47418847,69.41769138,69.8663431,5321700
5/29/2015,69.77949524,70.36563255,69.42491883,70.34392458,5731700
6/1/2015,69.44664001,69.89528623,69.20784124,69.89528623,4407000
6/2/2015,69.50453186,69.72161714,69.01246417,69.20060364,3959800
6/3/2015,69.47024536,69.98051775,69.36089969,69.84930405,3248800
6/4/2015,68.62467957,69.70354887,68.61010273,69.25888033,4793700
6/5/2015,67.8300705,68.50800692,67.72072483,68.42782047,4741200
6/8/2015,67.67700195,68.09251669,67.60410668,68.01233022,4466600
6/9/2015,67.84466553,68.02690649,67.58952929,67.64784773,3411900
6/10/2015,68.29660797,68.58090336,67.88838453,68.06333982,3892000
6/11/2015,68.58820343,68.73399953,68.44241289,68.52259936,3020100
6/12/2015,68.33308411,68.57364356,68.11439824,68.49345708,3748500
6/15/2015,67.53123474,68.09982586,67.45833944,67.99048013,7203000
6/16/2015,68.19457245,68.31120378,67.4874766,67.62597596,2728700
6/17/2015,68.55905914,68.71942653,67.97588578,68.20915401,3108900
6/18/2015,69.4192276,69.63062222,68.61007731,68.76315904,4035400
6/19/2015,69.14950562,69.4775371,69.04745113,69.16408244,5463300
6/22/2015,69.68896484,69.8930739,69.25158751,69.25158751,3626700
6/23/2015,69.68896484,69.79101937,69.35364203,69.69625604,3679900
6/24/2015,69.46295929,69.81285879,69.44109127,69.44109127,4742000
6/25/2015,69.12763214,69.97322718,69.12763214,69.79827744,4426400
6/26/2015,69.18596649,69.5796021,69.12764804,69.32446585,5119600
6/29/2015,68.29660797,69.07659888,68.24558074,68.81417151,3625600
6/30/2015,68.04148865,69.03288001,67.98317576,68.89438065,4188500
7/1/2015,68.90169525,68.93814569,68.19460463,68.37684569,4808600
7/2/2015,69.00373077,69.23699902,68.67569366,68.95998915,3209600
7/6/2015,68.81419373,69.19325251,68.52989825,68.55176627,4952400
7/7/2015,70.27212524,70.46165743,68.91625186,69.09120165,7724800
7/8/2015,69.69622803,70.18463243,69.62333276,69.76912329,6055100
7/9/2015,68.95269012,70.96463197,68.58092255,70.95734078,9932300
7/10/2015,69.6525116,70.177361,69.25887037,69.55774272,7233600
7/13/2015,70.86987305,71.06669086,70.09717307,70.19922758,7263800
7/14/2015,70.80427551,71.05941738,70.51269434,71.00109892,4479400
7/15/2015,70.23567963,70.95735242,70.2138116,70.76053459,5464700
7/16/2015,70.63660431,70.95734465,70.61473628,70.77510367,4253000
7/17/2015,70.54914093,70.57830016,70.01700028,70.37419111,3573300
7/20/2015,70.93546295,71.05939102,70.56369543,70.7678044,3391800
7/21/2015,70.6584549,71.05938717,70.59284527,71.05938717,3065400
7/22/2015,70.83343506,71.05941769,70.56372192,70.72408934,3371300
7/23/2015,70.61473083,70.97921276,70.31585298,70.70949413,2742900
7/24/2015,70.11171722,70.6292807,70.04610761,70.46890782,3631700
7/27/2015,69.7326889,70.28669746,69.49212948,70.00240199,4783400
7/28/2015,70.06070709,70.14818475,69.71809324,70.14818475,4937100
7/29/2015,70.36688995,70.54183975,70.01699037,70.11175368,3851100
7/30/2015,70.43979645,70.62203747,70.08989681,70.11176484,3380700
7/31/2015,70.23567963,70.83342988,70.12633392,70.83342988,5049600
8/3/2015,71.03752136,71.05939495,70.10444857,70.11903096,3711100
8/4/2015,71.29995728,71.4384622,70.84071202,70.92818969,3955000
8/5/2015,72.30593872,72.42257007,71.35828333,71.45304664,4320400
8/6/2015,72.27677917,73.34106591,72.24032875,72.64855236,6224000
8/7/2015,72.24030304,72.49543923,71.96329883,72.17469897,4608300
8/10/2015,72.23300934,72.67767763,72.08721883,72.54646395,4753700
8/11/2015,71.89041901,71.98518231,71.5478051,71.87583661,3581300
8/12/2015,71.7154541,71.75190451,70.7094861,71.46760909,3743300
8/13/2015,72.01435852,72.33510448,71.46034429,71.73006299,4190600
8/14/2015,72.33509827,72.36425193,71.94874269,72.04351156,3375600
8/17/2015,72.79433441,72.96199299,71.98518405,72.0362113,3253100
8/18/2015,72.72873688,73.2025646,72.53191904,72.53191904,4578500
8/19/2015,72.16012573,72.66311254,71.90498951,72.44442117,3903500
8/20/2015,71.42385864,71.87581253,71.42385864,71.66441241,3956800
8/21/2015,70.1627655,71.14686552,70.05341982,70.85527889,7514400
8/24/2015,66.94076538,67.30524738,55.75116911,66.75852438,13366900
8/25/2015,65.3443222,68.62465969,65.27871812,68.62465969,8258100
8/26/2015,67.42189026,67.52394479,65.38079405,66.86059033,7614100
8/27/2015,68.23103333,68.51532886,66.96263745,68.15813803,6690000
8/28/2015,68.17999268,68.40596971,67.63326975,67.7936427,6002300
8/31/2015,67.74260712,68.03419375,67.53120694,67.74989831,5328000
9/1/2015,66.57627869,67.1813201,66.24824157,66.42319692,8367800
9/2/2015,67.3204422,67.70244698,66.75478839,67.12943981,5935400
9/3/2015,67.68040466,68.13587018,67.49675003,67.58490627,3774100
9/4/2015,66.79152679,67.24699238,66.58583447,66.85029763,5653600
9/8/2015,67.85670471,67.87874237,67.27635549,67.53347082,3638200
9/9/2015,66.7253952,68.37828672,66.48296977,68.34890131,4474400
9/10/2015,66.89435577,67.36451114,66.43154816,66.48297123,3928100
9/11/2015,67.30575562,67.32044552,66.62256012,66.79151925,4062600
9/14/2015,66.99720001,67.32043392,66.84293081,67.30574402,4383600
9/15/2015,67.62900543,67.8346978,66.96050523,67.34250455,3725100
9/16/2015,68.37091827,68.55457283,67.69507085,67.84199225,4152000
9/17/2015,68.59133148,69.32594998,68.03301985,68.54725056,5300800
9/18/2015,68.35623932,68.7823137,67.43061863,67.72446709,9622400
9/21/2015,68.84108734,69.25247184,68.48847366,68.55458662,3654000
9/22/2015,67.85670471,68.37828311,67.54816072,68.31216454,4547900
9/23/2015,67.87874603,68.09912821,67.4820514,67.78324205,3401600
9/24/2015,67.93015289,68.21665357,67.18083911,67.50407295,4064000
9/25/2015,68.66478729,69.18636572,68.07709029,68.27544041,4897200
9/28/2015,67.93015289,68.79700268,67.73180282,68.29746203,4659200
9/29/2015,68.34888458,68.5839622,67.81261078,67.9889232,5632200
9/30/2015,69.27453613,69.34799687,68.70887667,69.09822363,5873600
10/1/2015,68.94393921,69.42144231,68.41501304,69.20105454,5061800
10/2/2015,69.17168427,69.21575958,67.97425246,68.44440788,5163700
10/5/2015,70.38378906,70.50867845,69.48755369,69.72263697,5700200
10/6/2015,71.3094101,71.99260545,71.05964252,71.96322004,7094300
10/7/2015,72.3746109,72.71988249,71.31676409,71.39757257,6528200
10/8/2015,72.7052002,72.73458561,71.69877074,71.69877074,4683300
10/9/2015,73.07249451,73.18268839,72.58764366,72.65376224,5607000
10/12/2015,72.83007813,73.53531122,72.49950204,72.69049882,4581300
10/13/2015,71.93383789,72.84476881,71.91180023,72.69784176,5989400
10/14/2015,71.61795044,72.14687662,71.55918522,71.82364271,4238400
10/15/2015,72.19829559,72.35256478,71.57387107,72.07341181,5763900
10/16/2015,73.24145508,73.32226355,72.21299376,72.61703053,5550800
10/19/2015,73.59406281,73.66017576,73.10921203,73.24144355,4902700
10/20/2015,73.66016388,73.74832008,73.21939408,73.42508628,3613600
10/21/2015,73.64549255,74.12299562,73.27083561,73.38837724,4332000
10/22/2015,75.72450256,75.94488483,73.70430099,73.95406867,5934800
10/23/2015,75.24697113,75.98893736,74.87966189,75.90078113,5015800
10/26/2015,75.32776642,75.52611091,74.82087796,75.21757254,3770700
10/27/2015,75.62163544,75.81263222,74.93843996,75.0265906,3995700
10/28/2015,75.47468567,75.81260943,74.54907061,75.74649647,5164800
10/29/2015,75.51877594,75.7391581,74.85761824,74.99719193,3008100
10/30/2015,75.07066345,75.84200948,75.07066345,75.39389177,5425800
11/2/2015,74.4903183,75.35716837,74.2699305,75.03393443,5007300
11/3/2015,74.1377182,74.3507583,73.3369865,74.31403072,4174900
11/4/2015,73.91731262,74.44623321,73.75569566,74.11565714,3345600
11/5/2015,73.90997314,74.15239861,73.6014347,73.9173209,2834100
11/6/2015,73.25617218,73.67490458,72.83743978,73.51328759,4660400
11/9/2015,72.63906097,73.16798709,72.16156353,73.07983647,3959900
11/10/2015,72.60236359,72.88886442,72.27178183,72.35993808,3367800
11/11/2015,73.04310608,73.43245293,72.79333291,72.9329122,3147300
11/12/2015,72.26441956,72.9696526,72.24237629,72.65376644,3892800
11/13/2015,72.02198792,72.69048774,71.85302322,72.13218179,4001000
11/16/2015,73.13861847,73.21208481,71.7355,71.80896073,3446600
11/17/2015,72.60236359,73.37370982,72.40401341,73.12394216,3446500
11/18/2015,73.66016388,73.74097233,72.66108829,72.77862429,4074200
11/19/2015,74.14501953,74.46825335,73.82913346,73.84382336,3496000
11/20/2015,73.53530884,75.04127897,73.46184811,74.57846574,4800600
11/23/2015,74.08627319,74.70335564,73.63815547,73.81446794,4604000
11/24/2015,73.92463684,74.19644763,73.46182933,73.70425472,3405400
11/25/2015,73.82915497,74.15238888,73.7924218,73.85119263,2906000
11/27/2015,74.00545502,74.18910961,73.52795194,73.52795194,1463400
11/30/2015,73.57939148,74.17443067,73.55734822,74.00546595,6083300
12/1/2015,74.24053955,74.28462047,73.54265426,73.54265426,4473200
12/2/2015,73.59178925,74.25757291,73.50301546,74.2427801,4361600
12/3/2015,73.30326843,73.96905767,73.05915041,73.6953484,5661000
12/4/2015,74.76057434,74.9899051,72.89637089,73.38461237,6422700
12/7/2015,74.4720993,75.09350449,74.06523217,74.73841501,3408000
12/8/2015,74.10221863,74.57566752,73.70274507,74.27236697,3385200
12/9/2015,73.33285522,74.68662566,73.22928864,73.62876216,4195100
12/10/2015,73.16271973,73.68055269,72.82982227,73.46602028,3926600
12/11/2015,72.334198,73.08136199,72.15665603,72.44516384,5429700
12/14/2015,72.45993042,72.95557692,71.61659934,72.563497,6633900
12/15/2015,73.52518463,73.73231776,72.64486317,72.88898678,5554200
12/16/2015,74.77539825,74.96033938,73.71753478,73.8580862,4994500
12/17/2015,74.12440491,74.79759335,74.10221287,74.7162188,4303600
12/18/2015,72.42294312,73.79890549,72.40814467,73.79150626,6926800
12/21/2015,72.95558167,72.97037447,72.32677728,72.78543334,3089100
12/22/2015,73.82849884,74.02823277,72.96297009,73.17010889,3882100
12/23/2015,74.44991302,74.53868681,73.99125692,74.12441478,2929600
12/24/2015,74.37592316,74.69402212,74.0578242,74.35373112,1044300
12/28/2015,74.47947693,74.56085146,74.08000349,74.26494458,4017700
12/29/2015,75.04911804,75.2340592,74.54607788,74.79760078,2362200
12/30/2015,74.82718658,75.11569431,74.70142796,75.09350228,2333000
12/31/2015,73.91726685,74.64963776,73.8358923,74.36852364,3041500
1/4/2016,73.06650543,73.23665368,72.34893892,72.91115563,6689000
1/5/2016,73.56958008,73.86548702,73.02215591,73.09613123,4893800
1/6/2016,73.59178925,73.79892244,72.58570888,72.77804362,5483400
1/7/2016,72.17882538,73.22189608,71.91250969,72.83721536,5440000
1/8/2016,71.91249847,72.96296259,71.71276456,72.37115445,4853500
1/11/2016,72.08264923,72.437733,71.66098372,72.00866827,5638000
1/12/2016,72.21581268,72.80022732,71.86072324,72.80022732,5185800
1/13/2016,71.38728333,72.45254615,71.27631751,72.10485588,5161500
1/14/2016,70.87683105,71.81633508,70.7658709,71.31329502,6592500
1/15/2016,69.48607635,69.95212594,69.02002677,69.50086916,8229400
1/19/2016,70.84725189,71.09137556,69.87816209,70.02611839,6828900
1/20/2016,69.36771393,70.58832647,69.02002936,70.16666093,7558100
1/21/2016,69.88552856,70.03347915,68.98301529,69.56742972,6076300
1/22/2016,70.90641785,71.23191599,69.62662857,70.18884546,6946600
1/25/2016,70.97299194,71.63138175,70.66968586,70.9581935,4407000
1/26/2016,71.25411224,71.91990138,70.84723953,70.95081175,3735200
1/27/2016,70.97299194,71.96427344,70.69187788,70.93600147,5795100
1/28/2016,72.09004211,72.4229395,71.07656845,71.33548487,5169900
1/29/2016,73.45860291,73.45860291,72.18620731,72.40073965,7340600
2/1/2016,73.25886536,73.53258021,72.14181957,72.88898317,3648100
2/2/2016,72.65227509,72.99996532,72.49692521,72.97777329,3809900
2/3/2016,73.02953339,73.25885852,72.20099533,73.14049916,5146000
2/4/2016,72.04566193,73.16270787,71.75715423,72.99995878,5212000
2/5/2016,71.9938736,72.28238127,71.60919858,72.23059799,5574800
2/8/2016,72.14181519,72.41553002,71.31328275,71.86070677,4729500
2/9/2016,72.70404053,73.08132193,71.34287681,71.5278179,4994200
2/10/2016,72.21581268,73.03695173,72.14183172,72.65227103,4505500
2/11/2016,71.68318939,72.45254524,71.08397624,71.30590787,5898500
2/12/2016,72.85941315,72.93338848,71.12836671,71.31330786,5110600
2/16/2016,72.94075775,73.45859614,72.57087561,73.3846152,4709700
2/17/2016,73.64353943,73.89505659,73.0887162,73.2366668,4493200
2/18/2016,73.69533539,73.95425181,73.21448737,73.65834491,3729100
2/19/2016,73.6657486,74.11700538,72.83721034,72.83721034,4531300
2/22/2016,73.88027954,74.39071319,73.66574717,73.96165408,4731500
2/23/2016,73.6361618,73.97645281,73.51779677,73.89507826,3721100
2/24/2016,73.73971558,73.79149886,72.79281805,73.23667556,5691200
2/25/2016,74.4720993,74.49429134,73.85069976,73.85069976,4668900
2/26/2016,72.76324463,74.37593164,72.37856389,74.33894115,6506200
2/29/2016,72.3637619,73.25147703,72.34156987,72.7632354,5955300
3/1/2016,73.30326843,73.34025892,72.53391825,72.86681005,5160200
3/2/2016,73.26079559,73.28314619,72.67220519,73.05218242,4180000
3/3/2016,73.87921143,73.93136473,73.02984861,73.27571665,4856600
3/4/2016,74.50505066,74.50505066,73.43962821,73.61843874,7067200
3/7/2016,73.94625092,74.20701741,73.73763772,73.94625092,5967100
3/8/2016,74.31132507,74.59444786,73.57372677,73.73763877,4871200
3/9/2016,74.65403748,74.93716023,74.31131502,74.50502969,5085000
3/10/2016,75.08617401,75.16067791,74.51993415,74.84030603,5502800
3/11/2016,75.4810257,75.55553526,74.9445887,75.25006198,5912400
3/14/2016,74.98931885,75.58535572,74.96696825,75.34693983,3580500
3/15/2016,75.36185455,75.67477438,74.69130801,74.70620652,3860300
3/16/2016,75.12342072,75.50339226,74.51247972,75.2053767,4176600
3/17/2016,75.89829254,76.08455516,75.09363668,75.25009659,5635800
3/18/2016,75.46615601,75.9504399,75.2575428,75.74927311,7273900
3/21/2016,75.65238953,76.08451996,74.74342747,75.18301,4420300
3/22/2016,75.07870483,75.63004606,74.8253905,75.45868202,3457600
3/23/2016,75.10851288,75.81631402,74.89989972,75.01911049,3407900
3/24/2016,75.01165009,75.19046053,74.61677441,75.02654859,3183100
3/28/2016,75.23516083,75.70454034,75.11595008,75.22025664,3785500
3/29/2016,75.52574158,75.72690263,75.0712605,75.28732574,3356700
3/30/2016,76.50919342,76.65820116,75.55553024,75.59277933,4673600
3/31/2016,76.35276794,77.07546206,76.21865864,76.39746915,5367700
4/1/2016,77.32133484,77.40329084,75.95789115,75.97279534,4128600
4/4/2016,77.35112762,77.44798212,76.56882248,77.33622912,4220400
4/5/2016,76.81467438,77.43306741,76.64331601,77.31385665,3589200
4/6/2016,77.42562103,77.47777432,76.64332168,76.92643873,4196800
4/7/2016,77.18721008,77.46288074,76.76253164,76.99349541,6220900
4/8/2016,78.28987885,78.41653602,77.41071935,77.47777115,6154500
4/11/2016,77.70875549,78.80397476,77.6044489,78.34949926,5354000
4/12/2016,78.16324615,78.31970607,77.57465561,77.61190472,3777200
4/13/2016,77.57462311,78.4910316,77.3064046,78.48357951,3802400
4/14/2016,76.85939026,77.55228157,76.52411422,76.53901841,5593300
4/15/2016,77.31387329,77.34367599,76.74763911,76.91899751,4553500
4/18/2016,77.27661896,77.92480909,77.11270698,77.60444291,7736900
4/19/2016,77.72364044,77.93970569,77.30641413,77.34366323,4996200
4/20/2016,76.32293701,77.7459798,76.28568223,77.65657742,4778000
4/21/2016,75.24261475,76.24843133,74.81793638,76.24843133,7145600
4/22/2016,75.9802475,76.03984721,75.20539435,75.37675277,5660200
4/25/2016,76.59116364,76.61351423,75.70455207,75.84611343,3501300
4/26/2016,76.44215393,77.0381964,76.13668629,76.88918294,3222900
4/27/2016,76.46452332,77.00841263,75.92809178,76.53158081,3730900
4/28/2016,76.71781921,76.85192848,76.11433038,76.12177679,4350200
4/29/2016,76.71037292,76.86683279,76.2931466,76.68802233,4604000
5/2/2016,77.06054688,77.3883708,76.4719565,76.54646039,3998100
5/3/2016,77.15738678,77.43305736,76.74016054,77.04563381,3945400
5/4/2016,77.50015259,77.81307813,76.83705808,77.12018092,3852600
5/5/2016,77.64170074,78.14088314,77.18721955,77.38838634,3401400
5/6/2016,78.20049286,78.20794495,77.24682921,77.24682921,3547700
5/9/2016,78.43888092,78.77415691,78.163216,78.1706624,4432300
5/10/2016,79.3999939,79.44469509,78.47613331,78.55063718,3885500
5/11/2016,78.76672363,79.67568597,78.69966615,79.1690515,3424900
5/12/2016,79.04983521,79.27335257,78.66241155,79.0721858,3195200
5/13/2016,77.61933136,79.0498264,77.14249968,78.78905997,7811500
5/16/2016,77.58208466,77.96951399,77.20955951,77.47033166,4243200
5/17/2016,76.27081299,77.76836023,76.00259438,77.61190032,5443300
5/18/2016,75.18304443,75.9951467,74.70620691,75.95789191,6970100
5/19/2016,75.49594879,75.57790478,74.72854789,75.06381825,4722400
5/20/2016,74.57952881,75.83866555,74.50502492,75.77906016,5704000
5/23/2016,74.81796265,75.07872916,74.50504283,74.59445093,4185900
5/24/2016,75.31713867,75.53320396,75.01912307,75.18303506,3446300
5/25/2016,75.31713867,75.69711595,75.22028417,75.37674407,3223800
5/26/2016,75.92061615,75.96531734,75.25752193,75.3990776,4543100
5/27/2016,75.9653244,76.27824415,75.69710585,76.09198158,2877000
5/31/2016,75.37673187,76.27079558,75.11596542,76.09943152,6368700
6/1/2016,76.24221039,76.26472858,75.28890379,75.48406531,4741400
6/2/2016,76.56500244,76.57251042,75.94197213,76.06207684,3618200
6/3/2016,76.96282959,77.18802304,76.50494045,76.50494045,4511700
6/6/2016,77.09041595,77.36064573,76.73762138,76.97031702,2944200
6/7/2016,76.93281555,77.45075712,76.77518241,77.18052724,4078700
6/8/2016,77.45074463,77.57835158,76.69259947,76.83522237,2860800
6/9/2016,77.81105804,77.93115702,76.97034228,77.24057215,3552200
6/10/2016,77.54833221,77.68344715,77.15049539,77.50329581,3462400
6/13/2016,77.36068726,77.83359247,77.30064062,77.49580221,4368300
6/14/2016,77.48828125,77.53331765,76.36982769,77.01537615,4363600
6/15/2016,77.2105484,77.74350016,77.12797784,77.5183067,3434400
6/16/2016,77.95368195,78.0137343,76.94783072,76.94783072,3520900
6/17/2016,77.62339783,77.96118229,76.86525263,77.75850703,5577900
6/20/2016,77.59335327,78.57668597,77.57833732,78.11879691,3567000
6/21/2016,78.126297,78.37400857,77.8860934,77.92362181,3214500
6/22/2016,77.87109375,78.43407159,77.78852321,78.12631335,3398900
6/23/2016,78.39655304,78.44158944,77.99871623,78.41156326,3068100
6/24/2016,76.54998779,77.65341972,76.41487286,76.93280866,8654800
6/27/2016,76.66257477,76.82020789,76.03955025,76.39234492,6381900
6/28/2016,76.67008972,76.82021488,76.18968233,76.68510567,5195100
6/29/2016,77.40570831,77.56334143,76.91028502,77.18051487,4898700
6/30/2016,79.52248383,79.56752021,77.71344595,77.878587,7973200
7/1/2016,79.28982544,79.86781944,79.10216609,79.74021245,4115700
7/5/2016,79.88282013,80.30318091,79.28981597,79.31984215,5365200
7/6/2016,79.50748444,80.11550441,79.28979898,80.01040995,6126500
7/7/2016,80.68597412,81.81943766,80.37070794,81.46663733,9912800
7/8/2016,81.27147675,81.4441258,80.55837379,81.09883342,6052800
7/11/2016,81.75188446,81.9170198,80.89615295,81.18890667,6446600
7/12/2016,81.66181183,81.90201547,81.34654562,81.38407404,4175800
7/13/2016,82.50254822,82.61513923,81.73689497,81.87200991,5232100
7/14/2016,82.54008484,83.27571198,82.38995966,82.44250404,4834300
7/15/2016,82.31487274,82.93789722,81.79693127,82.39743756,5230600
7/18/2016,81.97708893,82.34489956,81.6993511,82.31487911,3688700
7/19/2016,82.21729279,82.23981099,81.6017705,81.71436723,3987500
7/20/2016,81.75937653,82.50251124,81.57922526,82.4649771,3021800
7/21/2016,81.50418091,81.72186636,81.15138054,81.60176167,2765400
7/22/2016,81.96207428,82.12721537,81.65431029,81.65431029,2693100
7/25/2016,81.83446503,82.0296323,81.35405768,81.99960613,3053100
7/26/2016,81.21894073,81.99210184,81.09133379,81.81945277,3386100
7/27/2016,80.67851257,81.0988677,80.08550832,81.0988677,4724200
7/28/2016,81.16638184,81.3540411,80.44577096,80.7310167,3446500
7/29/2016,81.75937653,81.90199938,81.15887039,81.26395911,3995300
8/1/2016,81.76689911,81.88699807,81.32402024,81.60926601,3880700
8/2/2016,81.60927582,82.00711261,81.27899362,82.00711261,3431600
8/3/2016,81.09881592,81.80441648,80.82858616,81.76688234,3691900
8/4/2016,81.38409424,81.48168075,81.05381772,81.19643491,3226900
8/5/2016,81.56423187,82.08967556,81.34654642,81.62427849,3189400
8/8/2016,81.17391205,81.53422045,80.82111162,81.38408956,3304200
8/9/2016,81.27899933,81.63179975,81.11385822,81.25648113,2378200
8/10/2016,81.68434143,81.78943018,81.4066036,81.4066036,2189900
8/11/2016,81.42913055,81.95457433,81.40660663,81.82696738,2786800
8/12/2016,81.51168823,81.77441583,81.34655286,81.54922238,2563400
8/15/2016,81.60927582,81.81194534,81.54922347,81.60176784,2357800
8/16/2016,81.06880951,81.58675096,81.00125492,81.25646879,2677200
8/17/2016,81.42160797,81.46664437,80.76855163,81.03127347,2963900
8/18/2016,81.27899933,81.68434412,81.21894698,81.37658583,2373000
8/19/2016,81.19642639,81.26398672,80.72352701,81.09884562,2846600
8/22/2016,81.03877258,81.22643184,80.89614972,81.12885109,2304600
8/23/2016,80.97873688,81.48166814,80.84362196,81.2564747,2473000
8/24/2016,81.15137482,81.28648972,80.73101989,80.93368938,3422600
8/25/2016,80.97873688,81.35405547,80.91118228,81.13637,2129500
8/26/2016,80.65596771,81.44413909,80.56589491,81.00876813,2868900
8/29/2016,81.06130981,81.07632577,80.61843661,80.69349919,2576400
8/30/2016,80.47582245,81.11386299,80.34070751,81.00877423,3708100
8/31/2016,80.69731903,80.79559004,80.32690672,80.38737808,3995000
9/1/2016,81.10549927,81.14329313,80.34955278,80.4780623,3799000
9/2/2016,81.54397583,81.83123351,81.26427346,81.32475059,3671200
9/6/2016,81.58176422,81.73295702,81.18867449,81.48349323,2913300
9/7/2016,81.04505157,81.61957273,80.71999424,81.4608246,3260500
9/8/2016,80.79558563,81.14332044,80.50076686,80.96189484,3491400
9/9/2016,78.65625763,80.27398313,78.65625763,80.14546781,6134500
9/12/2016,80.14546204,80.29665483,78.84523863,78.84523863,4569400
9/13/2016,79.0644455,80.09253325,78.837665,80.08497793,4597700
9/14/2016,79.41220093,79.8582067,79.07202146,79.23833065,4007800
9/15/2016,79.73725128,79.91867685,79.14760808,79.33659473,3598600
9/16/2016,79.58604431,79.75235346,79.05688408,79.37438022,4934100
9/19/2016,79.88088226,80.22106172,79.31392227,79.53314749,3439300
9/20/2016,80.35715485,80.66709006,80.10012991,80.20596201,3561700
9/21/2016,80.98455048,81.1659818,80.0396173,80.35711923,3913900
9/22/2016,81.50617981,81.5968955,81.12064535,81.25671599,3869400
9/23/2016,81.14329529,81.63466167,80.9165148,81.4003201,3235900
9/26/2016,80.90896606,81.17354623,80.7880176,81.06771416,4440400
9/27/2016,81.25668335,81.5439467,80.68216819,81.16597347,3779300
9/28/2016,81.17355347,81.57421006,80.78046373,81.57421006,5030500
9/29/2016,81.46080017,82.93489361,81.42300054,82.77614553,7249100
9/30/2016,82.22431946,82.57961533,81.92194539,81.92194539,7173300
10/3/2016,81.83123016,82.26968063,81.24159266,82.22431991,4566000
10/4/2016,80.96187592,81.92193128,80.56878624,81.87657057,5830100
10/5/2016,80.13791656,81.25671452,79.89601384,81.06772784,6297000
10/6/2016,80.43271637,80.53098735,79.72212475,79.92623355,4886000
10/7/2016,80.12277222,80.82580273,79.86575316,80.70485428,4398400
10/10/2016,80.29666901,80.59904888,79.99428914,80.47053354,3119300
10/11/2016,79.80528259,80.28908796,79.37439326,80.22105553,3814400
10/12/2016,80.19081879,80.2512959,79.75236836,80.03207069,3419800
10/13/2016,80.06987,80.25885666,79.59362567,80.01695396,3582600
10/14/2016,80.75776672,80.93163119,79.96402058,80.18324576,4788600
10/17/2016,80.77290344,80.93921264,80.55367821,80.75778705,4104400
10/18/2016,80.84849548,81.77831244,80.84094017,81.22646883,3850000
10/19/2016,80.3269043,80.89386437,80.19083365,80.74267155,4330600
10/20/2016,80.0320816,80.37225532,79.81285636,80.2135072,3751600
10/21/2016,79.84309387,80.13791263,79.57850791,80.13791263,3615400
10/24/2016,81.12063599,81.56664752,80.22106336,80.22106336,5126000
10/25/2016,81.06017303,81.36254712,80.74267101,81.18112152,3756300
10/26/2016,80.93920898,81.60443997,80.84849331,81.2567052,3440700
10/27/2016,80.60659027,81.2945045,80.35713226,81.09795675,4205300
10/28/2016,80.93920898,81.28694376,80.52343601,80.81069944,3378900
10/31/2016,81.03749084,81.21136114,80.82582667,80.90898128,3141700
11/1/2016,80.66707611,81.11308769,80.2210703,80.99213344,4289600
11/2/2016,80.66707611,81.21891977,80.59148259,80.64439863,3679200
11/3/2016,80.60659027,80.99212468,80.52343568,80.93920865,3447700
11/4/2016,79.98670959,80.86361044,79.98670959,80.55366956,2897600
11/7/2016,80.85605621,81.0374818,80.41760575,80.62927567,5469100
11/8/2016,82.18651581,82.3452639,80.86360925,80.86360925,4671000
11/9/2016,81.07528687,81.15088038,79.37440672,80.47052717,6515800
11/10/2016,78.05150604,80.8031519,77.40895242,80.8031519,9095200
11/11/2016,78.00614166,78.44458636,77.53745263,77.86250994,5888400
11/14/2016,76.64543915,78.11953298,75.93484737,77.75668177,7248800
11/15/2016,76.99315643,77.14434921,76.21453239,76.65298279,5672300
11/16/2016,76.88735962,77.78693829,76.70593398,77.37872626,3962900
11/17/2016,76.81929779,77.0536394,76.48667943,76.96292373,4212600
11/18/2016,76.58495331,76.95537132,76.48668232,76.65299151,4919200
11/21/2016,77.30311584,77.3484708,76.58496298,76.58496298,3870800
11/22/2016,77.77934265,77.86249724,77.439169,77.50720142,4540300
11/23/2016,76.75126648,77.77935444,76.69835044,77.49965209,4658400
11/25/2016,77.23505402,77.79445859,76.90999678,77.10654449,3644900
11/28/2016,77.70375061,78.05148535,77.03095861,77.31065515,5556900
11/29/2016,77.51477051,77.90030492,77.33334493,77.70375717,3886800
11/30/2016,76.23004913,77.61604982,76.23004913,77.30382186,8123500
12/1/2016,75.41519928,76.19197224,75.01158458,76.07012322,7123000
12/2/2016,76.61083221,76.64129448,75.69698762,75.69698762,4594600
12/5/2016,76.69459534,76.84690663,76.2452901,76.62605961,3961800
12/6/2016,77.33427429,77.37996476,76.77073135,76.97635009,4828400
12/7/2016,78.29380798,78.38519474,77.03727352,77.03727352,4873400
12/8/2016,77.7911911,78.14149826,77.67695912,77.78357409,3993900
12/9/2016,78.87259674,79.23813803,77.70744296,77.85213723,5040200
12/12/2016,79.74838257,79.86261461,78.94876412,79.06299616,4858400
12/13/2016,80.44136047,80.730749,79.71790077,79.81689874,4508600
12/14/2016,79.5579834,81.12675194,79.35998162,80.63175041,5007500
12/15/2016,80.19006348,80.39567646,79.37521693,79.37521693,4179400
12/16/2016,80.62413788,80.66221134,80.06059482,80.38044563,7499300
12/19/2016,80.27383423,80.6241415,80.06059841,80.3119077,3683800
12/20/2016,79.88543701,79.992052,79.4818223,79.87782,4903400
12/21/2016,79.73313904,80.48706691,79.72552783,79.82452582,3245200
12/22/2016,80.22814178,80.30429453,79.39044995,79.618914,2605000
12/23/2016,80.03014374,80.15199279,79.67983644,79.93876276,1769300
12/27/2016,80.06058502,80.20527928,79.95397004,80.03012277,1505000
12/28/2016,79.67223358,80.03776915,79.59607501,79.86261838,1878600
12/29/2016,79.9539566,80.03772634,79.565576,79.58080422,2438100
12/30/2016,79.67982483,80.07582837,79.45136661,79.74074934,3484000
1/3/2017,79.69503784,80.03011097,79.35995891,79.91588479,3741200
1/4/2017,79.84738159,80.44138122,79.8016911,80.0453834,3029700
1/5/2017,79.74073792,80.05297165,79.34474024,79.59604366,5087200
1/6/2017,79.62651825,80.08344631,79.29144503,79.94636905,4109700
1/9/2017,78.78881073,79.39804415,78.62888826,79.32189142,5603500
1/10/2017,77.65412903,78.68220547,77.48658953,78.68220547,5399200
1/11/2017,77.53229523,77.95114406,77.22768423,77.55514047,4650300
1/12/2017,77.55514526,78.07299212,77.35714927,77.45614726,3126000
1/13/2017,77.33427429,77.7607342,77.08296507,77.5855777,3478600
1/17/2017,77.82167053,77.92066851,76.96112776,76.96874478,3745800
1/18/2017,78.24053192,78.43853373,77.92068687,77.98161139,4340400
1/19/2017,77.9511261,78.43851055,77.80643184,77.89020159,3923100
1/20/2017,78.62127686,78.68220136,78.0120492,78.27858666,4750800
1/23/2017,79.20767975,79.36760225,78.30906342,78.36237092,4584800
1/24/2017,79.74073792,79.9082774,79.0325065,79.20004599,4992300
1/25/2017,79.66459656,80.10629058,79.61128906,79.7407493,3566100
1/26/2017,79.30667114,79.75598217,79.25336364,79.58844266,3634600
1/27/2017,78.80404663,79.51227803,78.76596736,79.48942698,4248200
1/30/2017,78.96398163,78.98682687,78.43851785,78.44613487,3462600
1/31/2017,79.03253174,79.32953154,78.59845466,78.59845466,3846600
2/1/2017,78.44613647,79.03251897,78.42329123,78.90305873,3515600
2/2/2017,79.2228775,79.49703193,78.65934044,79.01726459,3213700
2/3/2017,80.04538727,80.54800013,79.24576877,79.53515739,4287100
2/6/2017,79.63412476,80.14435444,79.6036625,80.03773945,4355200
2/7/2017,80.42614746,80.6469945,79.67983656,79.67983656,3980400
2/8/2017,80.48704529,80.89827698,80.15196632,80.34235104,3407100
2/9/2017,80.70028687,81.09628458,79.97682135,80.48705688,4012400
2/10/2017,80.79927826,80.98966299,80.41089178,80.59366531,2475500
2/13/2017,81.119133,81.24859904,80.63174849,81.10390477,3463700
2/14/2017,81.4237442,81.48466871,80.4718205,80.85258998,5665000
2/15/2017,81.27906799,81.67506576,79.78644629,80.22814035,7617200
2/16/2017,82.33759308,82.38328356,80.96682065,81.59889937,5559900
2/17/2017,82.36045837,82.47469041,81.64460973,81.70553426,5498400
2/21/2017,83.28190613,83.38852112,82.20813334,82.29952011,5370700
2/22/2017,83.31996918,83.60173484,83.13719567,83.28950693,3815300
2/23/2017,83.41898346,83.76929071,83.09913847,83.09913847,3382700
2/24/2017,83.63983917,83.7083749,83.25906963,83.38852988,3991800
2/27/2017,83.21337128,83.67791057,83.18291483,83.5332221,3475100
2/28/2017,84.0586853,84.22622484,83.0458427,83.0458427,4684700
3/1/2017,84.13762665,84.59001788,83.70823172,84.03794286,4750700
3/2/2017,84.42902374,84.5900447,83.90762004,84.19899046,3880800
3/3/2017,84.77407074,84.85841589,84.07631323,84.42135732,4111300
3/6/2017,84.06097412,84.4903692,83.9076225,84.19132944,4491000
3/7/2017,83.82327271,84.16831677,83.57790661,83.70059258,4361100
3/8/2017,83.80796814,83.8309703,83.1715476,83.70828429,5244500
3/9/2017,83.59323883,84.04563604,83.50889954,84.03796671,4066900
3/10/2017,84.03031158,84.12232608,83.79261478,84.0226481,3488900
3/13/2017,83.89228821,84.19132797,83.60091193,83.82327588,3131200
3/14/2017,83.83860779,84.13765339,83.66992334,83.79260347,3630000
3/15/2017,85.19579315,85.28780763,83.9612933,84.00729762,4973400
3/16/2017,85.21881104,85.26481536,84.7510809,85.1804702,4580700
3/17/2017,85.41049194,85.51016992,85.05777852,85.47950427,6444400
3/20/2017,85.22647858,85.44884256,84.96577376,85.22647858,3382100
3/21/2017,85.70184326,86.11589958,85.47181587,85.52548951,5587700
3/22/2017,85.89354706,86.16958464,85.548503,86.11591099,3882200
3/23/2017,85.70953369,86.13125945,85.62518854,85.83988316,3208400
3/24/2017,85.9702301,86.06990807,85.71719467,85.8628828,3913200
3/27/2017,85.7478714,86.10058482,85.54850961,85.77854289,3514600
3/28/2017,86.22324371,86.46094628,85.60216218,85.73251161,3945400
3/29/2017,86.20793152,86.29227667,85.8552181,85.92422458,2683700
3/30/2017,86.01622772,86.29993463,85.87820894,86.10057286,2104900
3/31/2017,85.77086639,86.23859642,85.74786424,86.11591045,3744400
4/3/2017,85.77086639,86.15425128,85.46415732,85.83987286,3587100
4/4/2017,85.93956757,86.04691488,85.59451762,85.87055524,2360700
4/5/2017,85.8321991,86.3305947,85.64050668,85.90887489,2992000
4/6/2017,85.55615997,86.09289639,85.43347402,85.97021629,2740600
4/7/2017,85.57918549,85.84755377,85.44883601,85.64819197,2799600
4/10/2017,85.89354706,85.99323087,85.42582288,85.64818097,2873200
4/11/2017,85.67119598,85.93956426,85.3798197,85.65585731,3031500
4/12/2017,87.1127243,87.23540444,85.80154854,85.91656519,6260300
4/13/2017,86.39959717,86.93633354,86.37659502,86.8366556,3257300
4/17/2017,86.89037323,86.89037323,86.39964091,86.44564524,2917700
4/18/2017,87.62644958,87.87948502,86.95169428,86.98236578,4574200
4/19/2017,87.12039948,87.78748555,87.01305216,87.73381189,3044700
4/20/2017,87.09737396,87.38875021,86.94402235,87.04370031,2973000
4/21/2017,86.9746933,87.25840021,86.85200733,87.06670777,3885300
4/24/2017,87.65711975,87.77980572,87.34274719,87.68779124,3221500
4/25/2017,87.53444672,87.84881931,87.41176074,87.5727817,3643600
4/26/2017,86.8980484,87.22775975,85.37217184,85.68655036,5343900
4/27/2017,86.36894226,86.98236039,86.2692643,86.72165564,4096200
4/28/2017,86.85968781,86.97470445,86.02391148,86.13892227,4872000
5/1/2017,86.09291077,86.72933109,86.08524143,86.5913123,4074300
5/2/2017,86.10059357,86.56065434,85.93190325,86.45330702,3082400
5/3/2017,85.71721649,86.42264347,85.64820415,86.17727731,3342600
5/4/2017,86.61431122,86.64498271,85.73252483,86.00856241,3488800
5/5/2017,86.81367493,86.85967924,86.44562286,86.67565613,3046100
5/8/2017,86.81367493,86.97469588,86.47629435,86.79833626,3097200
5/9/2017,86.43030548,86.95937859,86.299956,86.82902326,2708200
5/10/2017,86.52230072,86.54530873,86.24626898,86.41495342,2160100
5/11/2017,86.67565918,86.71399416,86.28460494,86.36895009,2277200
5/12/2017,86.5759964,86.87503621,86.43030824,86.59132922,2383500
5/15/2017,87.36573792,87.41174222,86.46861296,86.56829676,3500300
5/16/2017,87.25073242,87.91782422,87.09737496,87.45775768,2444300
5/17/2017,87.21240234,87.63412811,86.89036041,87.25074318,2999300
5/18/2017,87.43476105,87.6264535,86.86735302,87.24306859,3439500
5/19/2017,87.17404938,87.79513096,86.99768977,87.54209556,5750100
5/22/2017,87.94850159,88.17853489,87.17406823,87.17406823,3324000
5/23/2017,88.21683502,88.51587466,87.95613034,87.95613034,3261300
5/24/2017,88.99130249,89.19833362,88.27054285,88.41622513,2816000
5/25/2017,90.11843872,90.23345534,89.06029868,89.22131961,3596200
5/26/2017,90.40982819,90.47883466,89.86541649,89.90375732,3104800
5/30/2017,90.48648071,90.57082584,90.09542659,90.27944965,3231600
5/31/2017,90.22785187,91.05393017,90.22785187,90.25873402,5232900
6/1/2017,90.50579834,90.52895848,89.60251159,90.17382257,4404900
6/2/2017,90.84551239,90.86867254,90.35913163,90.68338547,3162900
6/5/2017,91.00763702,91.07712335,90.36685137,90.62934089,2968800
6/6/2017,90.8686676,91.05396055,90.68338054,90.93043192,2643200
6/7/2017,90.36685944,90.76831576,90.18928848,90.45950003,3681100
6/8/2017,89.47129059,90.39001571,89.23967733,90.36685557,3956700
6/9/2017,89.50987244,89.6565553,89.06209006,89.29370326,3197700
6/12/2017,89.73377228,90.03486593,89.50988107,89.50988107,3492100
6/13/2017,89.80325317,90.01170036,89.14702356,89.14702356,2760000
6/14/2017,90.6138916,91.14659258,90.19699134,90.25875565,3597200
6/15/2017,90.49034119,90.69879421,89.94991833,90.32821433,3372700
6/16/2017,90.22015381,90.63705408,89.78781541,90.61389393,5156200
6/19/2017,90.55213165,90.55213165,89.73377512,90.34367857,2436600
6/20/2017,91.06164551,91.20833424,90.46718037,90.5521048,3703500
6/21/2017,90.65248108,91.28555047,90.51351434,90.93041456,3767100
6/22/2017,89.6720047,90.64477195,89.59480226,90.58300764,3288100
6/23/2017,90.29734802,90.61388567,89.62567445,89.71832091,3453400
6/26/2017,90.42089081,90.96903586,90.37456463,90.65249816,2704000
6/27/2017,89.50987244,90.62160048,89.50987244,90.51351589,2884300
6/28/2017,89.84957123,90.22787321,89.71060448,89.95765583,3110600
6/29/2017,88.92310333,89.71057743,88.69921219,89.61021488,3474400
6/30/2017,89.16247559,89.64114024,89.01579269,89.19335775,3313300
7/3/2017,89.12385559,89.55619395,89.04664726,89.20878004,2250800
7/5/2017,89.01577759,89.20878664,88.6915179,89.17018247,4023100
7/6/2017,88.88451385,89.10840503,88.66834469,88.76099114,4007000
7/7/2017,89.17790222,89.29370883,88.65291738,89.10069978,3972500
7/10/2017,88.2205658,89.55619089,88.1665235,89.49442659,5771200
7/11/2017,87.81140137,87.99669431,86.661069,87.50258569,6368500
7/12/2017,88.60658264,88.76871541,88.22828659,88.39041347,3885200
7/13/2017,88.027565,88.81504523,87.95036256,88.7455589,3089400
7/14/2017,88.7301178,88.87680656,88.20513296,88.21285497,2956400
7/17/2017,88.7301178,88.90768871,88.66063148,88.73783981,2481300
7/18/2017,88.79188538,88.89996997,88.31322081,88.66835676,2694800
7/19/2017,89.04664612,89.05436813,88.49850116,88.79187867,2578200
7/20/2017,89.17790222,89.60251859,88.86908657,89.04665159,3518100
7/21/2017,90.04261017,90.07349233,89.07756459,89.38638036,3476400
7/24/2017,89.65655518,90.0734554,89.62567302,89.94221067,3681300
7/25/2017,89.90361023,90.15838358,89.6642809,90.04257698,3075100
7/26/2017,90.47492981,90.65249485,89.6720114,89.78781802,3305600
7/27/2017,90.59069824,91.14656509,90.03483729,90.58298212,2954800
7/28/2017,90.02713776,90.69108933,89.7106001,90.56756072,3276300
7/31/2017,90.02713776,90.2201468,89.69516197,89.96537345,3098600
8/1/2017,89.49442291,90.15837443,89.47898478,90.08889401,2946100
8/2/2017,89.25509644,89.54075192,88.89223852,89.34774289,2626400
8/3/2017,89.78780365,90.06573713,89.30913913,89.34774329,2986200
8/4/2017,89.84184265,89.93448321,89.4558246,89.80323849,2955200
8/7/2017,90.29734802,90.49807907,89.84956564,89.90360793,2569600
8/8/2017,90.10435486,90.28964192,89.84186535,90.17384119,2412600
8/9/2017,90.04261017,90.09665249,89.52534715,89.93452554,2513800
8/10/2017,89.84957123,90.20470717,89.6179639,89.82641108,2236000
8/11/2017,89.94995117,90.52125639,89.82642254,90.13523824,2759700
8/14/2017,90.97676086,91.23925629,90.33597517,90.60618671,3191700
8/15/2017,91.84915924,91.98812601,90.98447647,91.00763661,2749800
8/16/2017,91.94950104,92.15023208,91.73333187,91.84141645,2373900
8/17/2017,91.40136719,92.1734034,91.29328259,91.87230975,3096900
8/18/2017,90.79147339,91.43226497,90.63706848,91.32418035,3776500
8/21/2017,91.3010025,91.45540739,90.75285751,90.94586656,2119500
8/22/2017,91.03850555,91.64069284,90.83005838,91.29327891,2313700
8/23/2017,90.55213165,91.19292315,90.50581136,91.02307423,2616300
8/24/2017,89.72603607,90.55983647,89.57934733,90.52895432,4760000
8/25/2017,89.44036102,90.2510011,89.40176276,90.12747253,3442500
8/28/2017,89.20107269,89.7800999,88.84593671,89.64885515,2932700
8/29/2017,89.43267059,89.63340165,89.17790312,89.20878528,2348700
8/30/2017,89.52210236,89.73200828,89.33551866,89.50655025,2491800
8/31/2017,89.97298431,90.05849711,89.35103097,89.59203508,4709500
9/1/2017,90.05852509,90.25288482,89.52209624,89.70090388,2591900
9/5/2017,90.08181763,90.22952694,89.72419656,90.14400821,2711400
9/6/2017,90.45503235,90.54832717,89.90305133,90.31509308,2617500
9/7/2017,90.95256042,91.18579443,90.48609835,90.68823409,2623800
9/8/2017,89.43656921,90.5560831,89.07117199,90.49388656,4818300
9/11/2017,89.94190216,90.09738756,89.2188838,89.46766399,3247900
9/12/2017,89.40544891,90.14401329,89.29660797,89.94188351,2998500
9/13/2017,88.97787476,89.53763168,88.62802964,89.30440358,5141500
9/14/2017,88.77574921,89.05562768,88.39479988,88.97010893,3456900
9/15/2017,89.28884125,89.38991208,88.71353822,89.20332251,5543000
9/18/2017,89.39766693,89.58425647,89.15666285,89.53760612,2441200
9/19/2017,89.00896454,89.49875477,88.90789963,89.45210441,2568300
9/20/2017,88.30150604,89.13336538,87.64845432,88.8923553,4059800
9/21/2017,87.69510651,88.48809154,87.49297074,88.01385336,3630900
9/22/2017,86.95654297,87.749534,86.9254447,87.5085239,3746300
9/25/2017,87.02646637,87.18195169,86.62219503,87.10420903,3885000
9/26/2017,86.9254303,87.30637958,86.8632397,87.2519591,2953800
9/27/2017,86.37345886,86.97986024,85.78260365,86.85547311,4016200
9/28/2017,86.79327393,87.64068537,86.44342881,86.58336804,11581100
9/29/2017,86.63001251,87.09647464,86.45897501,86.97208751,5122300
10/2/2017,84.83411407,85.92252352,84.70972103,85.44829137,8306400
10/3/2017,84.84191132,85.2461829,84.65532763,85.06736933,6064400
10/4/2017,85.00517273,85.64267837,82.55624476,83.13932398,9092400
10/5/2017,85.86813354,86.28795131,85.1684432,85.25396197,5670400
10/6/2017,85.82924652,86.03915239,85.45607328,85.65043298,3240300
10/9/2017,85.52605438,86.24129674,85.35501688,85.97696443,1977800
10/10/2017,86.12468719,86.18688374,85.73596771,85.73596771,3032300
10/11/2017,86.69219971,86.92542778,86.11689074,86.21796158,4051100
10/12/2017,87.42298889,87.46963925,86.59112963,86.69220047,3287200
10/13/2017,87.55515289,87.83503131,87.21307795,87.64067163,3090500
10/16/2017,88.29373932,88.34038376,87.60959519,87.79617888,2675900
10/17/2017,87.22086334,88.28595073,86.80882172,88.02162438,3825200
10/18/2017,87.03427887,87.41522819,86.90211569,87.03427887,2590500
10/19/2017,87.59403992,87.68733472,86.76218053,86.77773263,2673700
10/20/2017,86.7699585,87.86614429,86.59114493,87.85837417,3772300
10/23/2017,86.83214569,87.42299494,86.60668772,86.79327138,2263200
10/24/2017,86.10134888,86.97208249,85.73595168,86.94875434,3351100
10/25/2017,85.57267761,85.9302987,84.88075764,85.85255602,3836900
10/26/2017,86.08580017,86.48228968,85.83701999,86.03914981,2865000
10/27/2017,85.98471069,86.17907035,85.46382824,85.83700139,3343200
10/30/2017,85.24615479,85.8059116,85.02069685,85.79813555,2206100
10/31/2017,85.69708252,86.11689426,85.47939467,85.70485264,4379400
11/1/2017,85.61930847,86.04690206,85.21504302,85.33165999,2822400
11/2/2017,85.55712891,85.6581938,85.16063352,85.44828797,2169800
11/3/2017,85.6893158,86.02361476,85.51827829,85.62711926,1725700
11/6/2017,84.94297791,85.51828104,84.88855742,85.49495883,3331800
11/7/2017,85.88365936,85.9691781,84.85744045,84.85744045,3882000
11/8/2017,87.07314301,87.10424127,85.90698484,85.96140532,3685300
11/9/2017,86.66887665,87.41521716,86.31124959,86.56780581,2856900
11/10/2017,87.65621185,87.83502536,86.53669825,86.63776907,3699500
11/13/2017,88.65910339,88.77572038,87.57068811,87.60956241,3194500
11/14/2017,89.99632263,90.33062157,88.30927583,88.38702446,4998900
11/15/2017,89.4832077,90.12848335,88.86903032,89.91080143,3861500
11/16/2017,89.58428192,90.05851417,89.35882394,89.70866905,3058100
11/17/2017,89.15670776,89.514329,89.04009072,89.19558209,2646400
11/20/2017,89.33550262,90.06629112,89.18001129,89.21110956,3594300
11/21/2017,90.22180176,90.43948374,89.38216618,89.39771235,3179300
11/22/2017,89.46765137,90.18289358,88.845698,90.00408006,3598500
11/24/2017,90.10514832,90.41612499,89.73975117,89.91078864,1183000
11/27/2017,90.06627655,90.49387023,89.91856722,90.18289355,2818900
11/28/2017,90.7815094,90.82815975,89.63867956,90.38501995,3600400
11/29/2017,90.8359375,91.25575512,90.40834976,90.8359375,3276300
11/30/2017,91.21562958,91.75578585,90.87118738,91.21562958,5984000
12/1/2017,91.41917419,91.47397223,90.05704738,91.19998206,4956600
12/4/2017,91.95148468,92.53077893,91.29390839,91.59138253,4403000
12/5/2017,92.0532608,92.32725693,91.73230262,92.08457482,3198600
12/6/2017,93.07876587,93.08659586,92.09239545,92.24113551,3203500
12/7/2017,91.38002014,92.87522678,91.23911008,92.78128475,5409500
12/8/2017,91.254776,91.27826002,90.73027971,91.21563199,3127500
12/11/2017,91.89669037,91.93583438,90.46410571,91.06688998,2429400
12/12/2017,91.90451813,92.66386645,91.68532603,92.54644041,2664600
12/13/2017,92.21766663,92.53862483,91.96716048,91.99064449,3193900
12/14/2017,92.38986206,92.84390621,92.16284596,92.32724002,4057800
12/15/2017,93.32927704,93.43887309,92.72649276,92.8204348,7173500
12/18/2017,92.41335297,93.73633546,92.37420896,93.39189332,3472700
12/19/2017,92.85174561,93.46235388,92.55427146,92.96134166,3942500
12/20/2017,93.17269135,93.25097935,92.02975698,92.89087723,4273400
12/21/2017,92.57774353,93.60325187,92.24894945,93.50930985,2790000
12/22/2017,92.84392548,92.96135154,92.50730729,92.84392548,2045600
12/26/2017,93.07093811,93.34492824,92.69518192,92.69518192,2156300
12/27/2017,93.39189148,93.47017351,93.00047535,93.05527337,2465100
12/28/2017,93.4310379,93.57194796,93.19619179,93.41538388,1999300
12/29/2017,93.87725067,94.38609288,93.48583451,93.51714852,3116400
1/2/2018,92.42118835,94.08079514,92.3194223,93.88508705,4165800
1/3/2018,92.17851257,92.74215284,92.09240053,92.30376862,4224000
1/4/2018,92.63254547,93.2431537,92.06107528,92.21764532,3147000
1/5/2018,92.8986969,93.22748499,92.5699088,92.69516483,2714200
1/8/2018,92.36638641,92.95351067,92.1158803,92.53861048,5730400
1/9/2018,92.43684387,93.14139417,92.33507185,92.57775393,4573600
1/10/2018,91.96714783,92.65603815,91.35653357,92.47598408,3363900
1/11/2018,91.49742126,92.25676942,91.10600518,92.09237538,3685200
1/12/2018,91.88885498,92.38204316,91.47395481,91.55223685,4335500
1/16/2018,92.26464844,92.64823473,91.61489596,91.74797607,4936500
1/17/2018,93.29794312,94.07294533,92.53859492,92.60122293,4554600
1/18/2018,93.1962204,93.64243473,92.88308617,93.22752845,6221800
1/19/2018,94.0729599,94.47220606,92.87522739,93.53280965,6002600
1/22/2018,95.12197113,95.38813129,93.93989248,94.01817453,4308600
1/23/2018,94.95757294,95.90479943,94.60529477,94.77751886,3536900
1/24/2018,94.83230591,95.098472,94.58179981,94.91058794,3445200
1/25/2018,94.64443207,95.07498628,94.22170188,94.41740997,2712900
1/26/2018,95.31768036,95.38030242,94.41742185,94.41742185,3993900
1/29/2018,93.68157959,95.63083714,93.66592557,95.02022267,3854700
1/30/2018,93.85375214,94.87926041,93.54844806,93.68935809,4945200
1/31/2018,94.17472076,94.52699288,93.55628258,93.81461268,4018100
2/1/2018,94.17472076,94.73053094,93.37622854,93.87724069,3485600
2/2/2018,92.8986969,94.15905723,92.68733483,93.86941314,3348900
2/5/2018,89.60299683,93.67372894,89.56385879,92.82043851,5347600
2/6/2018,88.89845276,89.20375694,86.22899716,88.02168422,6642600
2/7/2018,88.85147095,90.62849774,88.26434669,89.2194031,4931400
2/8/2018,86.22897339,89.02368428,86.18199939,89.00802429,4907900
2/9/2018,87.03531647,87.66940887,85.23479935,86.7456663,5301700
2/12/2018,87.62242889,88.26435121,86.94136257,87.59894488,4759200
2/13/2018,87.78681946,88.20171965,86.64388494,87.67722341,5274700
2/14/2018,85.41484833,87.59895156,85.14085817,87.41889747,7702700
2/15/2018,86.87090302,86.92570104,85.10953031,85.74362257,5125200
2/16/2018,86.9413681,87.44238038,85.92368952,86.9413681,5578500
2/20/2018,85.70448303,86.87873148,85.59488102,86.86307149,3835500
2/21/2018,84.54589081,85.98629941,84.49892278,85.60271325,4501900
2/22/2018,85.53225708,86.08806729,84.56154075,84.80422282,5394700
2/23/2018,85.86106873,86.1507189,84.99212417,85.61056256,4760400
2/26/2018,86.84742737,87.02747547,86.13504703,86.20550505,5355400
2/27/2018,86.80828094,87.73985338,86.66737088,87.04313304,6385800
2/28/2018,85.90019989,87.40323663,85.86105588,86.89439439,4638900
3/1/2018,85.2653656,86.65332871,84.57137803,86.12495618,6896300
3/2/2018,85.9908905,86.21170254,85.09186664,85.0997545,4903600
3/5/2018,86.29843903,86.4325026,85.18648513,85.53347886,3781700
3/6/2018,86.41673279,86.44827822,85.51770905,86.24323592,3380800
3/7/2018,86.62177277,86.79526964,85.65177628,85.87258829,4612600
3/8/2018,88.38827515,88.42770242,86.41673085,86.77160642,5437700
3/9/2018,88.75104523,88.7747028,88.04128803,88.53811506,3680600
3/12/2018,88.91664124,89.18476835,88.38826885,88.71948682,4509600
3/13/2018,89.58696747,89.82355518,88.89298607,89.32672219,4590000
3/14/2018,88.8062439,89.72103734,88.50657132,89.5633162,4055700
3/15/2018,88.31731415,89.31097436,88.05707482,88.64065036,3906800
3/16/2018,88.04129028,89.27153212,87.99397514,88.58543849,7730800
3/19/2018,87.03185272,88.31729745,86.78738315,88.04917031,4216700
3/20/2018,86.66908264,87.77314858,86.61387965,87.33940645,3319000
3/21/2018,85.75430298,86.81105402,85.58869395,86.66121471,3867600
3/22/2018,85.12339783,86.4877031,85.01299183,85.52558853,4325500
3/23/2018,83.7117691,85.75428604,83.54616011,85.24168333,4873300
3/26/2018,84.23226929,84.75275995,83.66446348,84.12975113,4119400
3/27/2018,84.88681793,85.59657514,83.995682,84.56348777,5036300
3/28/2018,86.10128021,86.83469491,85.17071109,85.28111709,6413000
3/29/2018,86.07765198,87.26846679,85.9357005,86.84261237,3829500
4/2/2018,84.42153931,86.13283852,83.94048196,85.65966903,4325500
4/3/2018,85.32056427,85.58869144,84.05877094,84.6896676,4699000
4/4/2018,86.88987732,87.32361936,84.57133992,84.9971941,4694200
4/5/2018,87.19745636,87.67851362,86.5507901,87.08705037,3275700
4/6/2018,86.19593811,87.52081641,85.77796557,86.79528338,3579100
4/9/2018,86.25901794,87.1028388,85.78584844,86.38519969,2620000
4/10/2018,86.2747879,86.90567853,85.89624871,86.54291506,2817000
4/11/2018,85.70697784,86.32998659,85.50193554,85.62022941,4000200
4/12/2018,85.41519928,86.36154433,85.38365384,85.9278021,2691700
4/13/2018,86.16438293,86.32210409,85.58080143,85.84104675,2828300
4/16/2018,86.68488312,87.252689,86.36943474,86.55081951,2769800
4/17/2018,85.85683441,86.02244345,85.15496495,85.71488295,5022000
4/18/2018,84.36634064,86.24324896,83.95625598,85.93568848,6525500
4/19/2018,83.25437164,84.33478007,82.86795065,84.15339535,6320200
4/20/2018,80.81755066,83.27803422,80.65193563,83.15974035,8650000
4/23/2018,80.89640808,81.06990494,80.31282663,80.87275051,6670600
4/24/2018,79.99738312,81.10933097,79.62673183,80.92795226,5695500
4/25/2018,79.76870728,80.72293428,79.53211948,79.81602243,4828300
4/26/2018,81.43268585,82.07935229,79.76870161,80.63618009,5978800
4/27/2018,80.21033478,81.21976484,80.16301962,80.61253164,4765900
4/30/2018,79.60305786,80.74655091,79.31915506,80.32069671,5479900
5/1/2018,78.17568207,79.59519655,77.73405802,79.14568463,4543900
5/2/2018,76.67731476,78.35706858,76.51958758,78.19934742,5927700
5/3/2018,76.96910858,77.35552968,76.25935124,76.87447828,6668200
5/4/2018,78.0652771,78.68039804,76.89023822,76.92967152,5937000
5/7/2018,77.46593475,78.31763747,77.33975301,78.05739815,3475400
5/8/2018,76.33030701,77.27664583,76.04640416,77.21356099,5333700
5/9/2018,75.83348083,76.90599537,75.65998398,76.6457561,6201500
5/10/2018,76.70884705,77.07949836,76.02275344,76.04641101,3100600
5/11/2018,76.83503723,77.48959149,76.40129501,76.95333111,3507300
5/14/2018,76.61424255,77.07164245,76.28302443,77.04009701,4307900
5/15/2018,76.33820343,76.68519116,75.99120968,76.18836413,6555700
5/16/2018,76.64575958,76.92966245,76.14104471,76.21201742,5544700
5/17/2018,77.22145081,77.27665381,76.61421777,76.92966608,6531100
5/18/2018,76.89810944,77.63940594,76.74827016,77.52899995,6894000
5/21/2018,78.47536469,78.84601604,77.33186518,77.45804693,6678100
5/22/2018,78.80659485,79.22456141,78.41228586,78.68830095,6807600
5/23/2018,79.21665192,79.33494578,78.55421588,78.80657333,6249900
5/24/2018,79.00373077,79.31917909,78.67251274,79.10624892,4696700
5/25/2018,79.10625458,79.73715126,78.78292439,79.00373642,5324300
5/29/2018,79.72924805,79.87908733,78.86176978,78.86176978,8302600
5/30/2018,80.30495453,80.62828471,79.72137301,80.17089094,6256600
5/31/2018,79.78604126,80.62170796,79.31648044,80.50232614,8270100
6/1/2018,79.78604126,80.3272336,79.30852003,80.0168445,4414200
6/4/2018,79.68257904,80.45456854,79.61094752,80.19989015,3932000
6/5/2018,79.75421143,80.35111452,79.49157261,79.95317912,4851900
6/6/2018,80.24765778,80.27153293,79.44382653,79.90543307,3946700
6/7/2018,80.51028442,80.78883796,79.84971027,79.99296724,5052900
6/8/2018,81.56881714,81.66432384,80.52622807,80.52622807,4795500
6/11/2018,82.14182281,82.30100061,81.39370234,81.66430156,3984500
6/12/2018,83.15258789,83.20829861,81.83143938,82.15774934,5075900
6/13/2018,83.78131866,84.04395749,82.89790764,82.89790764,7553500
6/14/2018,83.66986847,83.85292137,83.11276151,83.77333553,4812600
6/15/2018,85.6436615,85.75508293,83.42318113,83.64602399,10573000
6/18/2018,83.86886597,85.32531104,83.43114065,85.16613931,5964400
6/19/2018,84.33046722,84.90349516,83.74152455,83.95640699,5504400
6/20/2018,84.21105194,84.44981551,83.85291266,84.14738692,4601400
6/21/2018,85.34918976,85.50040717,84.60107528,84.81595774,6550700
6/22/2018,86.24852753,86.48728514,85.26960369,85.34918957,5709400
6/25/2018,86.74194336,87.21946455,85.72322986,85.72322986,5183000
6/26/2018,85.99384308,86.8852145,85.53223655,86.78971389,5034100
6/27/2018,86.16894531,86.71809821,85.65163405,86.24853727,6229200
6/28/2018,86.495224,86.988666,86.19279533,86.28829593,4297400
6/29/2018,86.64646912,87.14786561,85.79488748,86.52708726,4721400
7/2/2018,87.17173767,87.54579796,86.20077421,86.51116337,4711900
7/3/2018,86.59073639,87.20355417,86.00178769,86.41564386,3769100
7/5/2018,87.18764496,87.24335567,85.95404284,86.67828815,4870400
7/6/2018,87.19561005,87.56170992,86.72604915,87.13989933,4387300
7/9/2018,85.76303101,86.98867265,85.57201766,86.85337001,7866400
7/10/2018,89.84585571,89.93340199,87.29111113,88.03923164,16107200
7/11/2018,89.56730652,89.88565607,89.2171214,89.64689239,5521400
7/12/2018,88.76348877,89.70261676,88.31780297,89.56732015,5500100
7/13/2018,89.68667603,89.76626189,88.83509457,88.88284487,4417100
7/16/2018,89.90156555,90.0289078,88.9385626,89.58321601,5413600
7/17/2018,91.42962646,91.54900829,90.3074519,90.3074519,6783800
7/18/2018,91.3898468,91.52514338,90.6417263,91.46147226,5379000
7/19/2018,92.13796234,92.79057617,91.32617677,91.34209152,9241300
7/20/2018,92.32897949,92.94975779,91.70024079,92.12205137,27559700
7/23/2018,91.03964996,92.30508755,90.39499663,91.93898168,7769300
7/24/2018,91.31822205,91.46147905,90.60989746,90.84070074,5095100
7/25/2018,91.69226837,92.05836819,91.12720087,91.47738594,4762300
7/26/2018,91.52514648,93.03730229,91.4296398,92.43243876,5096300
7/27/2018,90.95211792,91.80369947,90.75315021,91.34209293,4563700
7/30/2018,90.87253571,91.1988396,90.46663986,90.55418614,3621800
7/31/2018,91.52514648,91.9151215,90.81682192,91.25455331,4892100
8/1/2018,90.41887665,91.15107628,90.11644795,91.06353001,4169000
8/2/2018,91.27842712,91.46943442,90.00502894,90.41092476,4167200
8/3/2018,92.55974579,92.87808915,91.02371541,91.34205877,3934500
8/6/2018,93.41930389,94.26293099,93.03728934,93.31584289,6704800
8/7/2018,90.9043808,92.67916961,90.3552279,92.67916961,6919600
8/8/2018,90.32338715,91.40577206,90.3074724,91.14313321,5172900
8/9/2018,90.49049377,90.82476407,90.2358154,90.82476407,4115400
8/10/2018,89.82993317,90.70538977,89.59116951,90.402955,3711900
8/13/2018,89.9493103,90.04481698,89.14548521,89.78217817,3170100
8/14/2018,90.0129776,90.3233667,89.22506728,89.6946281,3836700
8/15/2018,90.29153442,90.52233767,89.33649195,89.74238773,6513300
8/16/2018,90.92822266,91.31024324,90.22785866,90.52232692,4504600
8/17/2018,91.49330139,91.5967624,90.72926619,90.72926619,3391600
8/20/2018,91.39780426,92.20163551,91.20679696,91.5171861,3676000
8/21/2018,90.50642395,91.72410524,90.45071324,91.72410524,4667700
8/22/2018,89.32853699,90.58601431,89.10569413,90.49050763,3860900
8/23/2018,89.08180237,89.32056599,88.74753815,89.27280962,4508800
8/24/2018,89.25691223,89.55934095,88.97835866,89.03406938,3677700
8/27/2018,89.46382904,89.75033691,89.00222257,89.5991256,3155700
8/28/2018,88.4769516,89.49566521,88.25410876,89.31261833,5229400
8/29/2018,89.17730713,89.23301783,88.51673304,88.58040415,2403200
8/30/2018,89.10569,89.32057851,88.77938615,89.03406455,2119100
8/31/2018,89.14549255,89.59913868,88.54858944,88.95447918,4248800
9/4/2018,88.34165955,89.20915581,87.90392817,88.99427336,4576300
9/5/2018,90.02891541,90.06870531,88.10290328,88.15065966,4392100
9/6/2018,91.07852173,91.10259437,89.42546858,89.87484082,4808300
9/7/2018,90.46867371,91.07854054,89.48165859,90.55694415,3833800
9/10/2018,91.1346817,91.47171084,90.43654466,90.61308549,3289700
9/11/2018,90.94208527,91.27911437,89.75445102,89.75445102,2807300
9/12/2018,91.35939026,91.66432671,90.70940445,90.92606435,3651400
9/13/2018,92.27415466,92.29020717,91.23096847,91.87292779,3808100
9/14/2018,91.93714905,92.19393407,91.25506441,92.19393407,2698300
9/17/2018,92.6031723,92.64329132,91.65627655,91.9612068,3092600
9/18/2018,91.46369171,92.66737248,91.23097936,92.66737248,4081200
9/19/2018,91.29515839,91.67231262,91.04639969,91.4396003,2844900
9/20/2018,92.4587326,92.69144495,91.56800835,91.66430502,3375900
9/21/2018,92.20996094,92.69945208,92.1537833,92.49081852,6989500
9/24/2018,90.0914917,92.05750732,90.03532017,91.55998372,3387400
9/25/2018,89.85074615,90.47665909,89.6822316,90.38838869,3538700
9/26/2018,89.47360992,90.56494772,89.32114172,90.09149673,4053500
9/27/2018,89.11249542,90.19580681,89.00015238,89.41742566,3841500
9/28/2018,89.71435547,89.91496896,89.00017193,89.50571572,5945300
10/1/2018,88.83966064,90.26000732,88.80756176,89.99519609,5064700
10/2/2018,87.24279022,89.16065458,86.4242838,88.63103206,6702200
10/3/2018,86.27985382,88.03723009,85.99899614,87.63600308,6107500
10/4/2018,85.54960632,86.18354561,84.89962066,85.74219354,4930300
10/5/2018,85.45330048,85.87057987,85.04405346,85.26071328,3438100
10/8/2018,86.81748199,86.93784517,85.30886487,85.34899001,3994100
10/9/2018,86.76130676,87.41931863,86.27982959,87.21067893,4105600
10/10/2018,86.13539886,87.74833292,86.02305581,86.33601234,5796200
10/11/2018,84.30580902,87.05020615,84.17741957,86.83354016,5755100
10/12/2018,84.48235321,84.86753381,83.88051273,84.49840572,4543000
10/15/2018,84.76319122,85.58169751,84.39406322,84.41813585,3805700
10/16/2018,86.17551422,86.41625281,84.93170837,85.30886264,4061600
10/17/2018,86.91378021,87.29093453,86.01503576,86.03108214,4495900
10/18/2018,86.6088562,87.74833936,86.3039259,87.05020833,4093700
10/19/2018,88.50263214,88.75139087,87.05821282,87.13845698,5109000
10/22/2018,87.78843689,88.9840912,87.66004136,88.34212579,5477700
10/23/2018,88.37425232,88.69523513,86.92181261,87.41131002,4484100
10/24/2018,90.64516449,91.60811255,88.22977726,88.43039068,8222900
10/25/2018,90.55690765,90.89393677,89.40939851,90.64517806,6712900
10/26/2018,88.63102722,89.92297844,88.02116669,89.5699029,5872800
10/29/2018,90.5890274,90.9260566,89.18473297,89.30510229,5706000
10/30/2018,91.29515839,91.66429249,90.35628899,91.27911201,4900400
10/31/2018,90.17975616,91.07048038,89.2248403,91.07048038,6449500
11/1/2018,89.48162842,90.78962596,89.05632887,89.87482908,5736700
11/2/2018,89.20877838,89.95506058,87.97299892,89.46556333,6705700
11/5/2018,91.79270172,91.83282687,89.29706959,89.62607863,5270400
11/6/2018,92.45069122,92.56303425,91.36737994,91.5037956,3913400
11/7/2018,92.771698,92.90008744,91.83282838,92.64330243,4219600
11/8/2018,93.13279724,93.48587891,92.48281154,92.58712835,2925100
11/9/2018,94.27228546,94.45684643,93.14884879,93.14884879,5026300
11/12/2018,93.86303711,94.94634869,93.65439737,93.88710975,4781900
11/13/2018,93.99945068,94.48894806,93.2531683,94.48894806,3609900
11/14/2018,93.60623169,94.27226978,93.30129534,94.24017089,4423800
11/15/2018,93.72663116,93.87909326,92.76368268,93.42972098,4045700
11/16/2018,94.97039795,95.07472085,93.7586911,93.92721177,4484300
11/19/2018,95.50003815,95.90928522,94.66548538,94.75375579,4673900
11/20/2018,93.08462524,96.51912595,92.90808446,96.13395162,5087800
11/21/2018,92.50688934,93.79884068,92.21800543,92.99638674,3245000
11/23/2018,92.61120605,93.54204938,92.10565619,92.10565619,1444700
11/26/2018,92.97229767,93.42969609,92.27416066,92.98834405,2972500
11/27/2018,93.43772125,93.50993915,92.20194168,92.57909594,2884700
11/28/2018,95.09078979,95.10683618,92.73959956,93.0686086,3989400
11/29/2018,94.90620422,95.38768138,94.24017225,95.01052713,2878700
11/30/2018,97.85121918,97.89936445,94.79386601,94.79386601,8051100
12/3/2018,95.47594452,97.02468041,94.29633659,96.67962508,6112600
12/4/2018,94.52908325,96.78397702,94.24821946,95.78893578,7018200
12/6/2018,94.50317383,94.93994036,92.28699356,94.07449728,5191700
12/7/2018,93.67819977,94.61644062,93.32231446,94.12305641,4615500
12/10/2018,93.97745514,94.32525042,92.57818404,94.14730779,4150600
12/11/2018,94.86717224,95.59511664,94.37378804,94.55173069,5545100
12/12/2018,94.63259125,95.91862094,94.15538713,95.71641454,4889700
12/13/2018,95.72447968,96.16124611,94.72153796,94.74580173,6181200
12/14/2018,92.16564941,95.07742571,91.9391793,94.89139316,7404200
12/17/2018,91.2921524,93.07156635,90.75023453,92.50539087,6015300
12/18/2018,90.45905304,91.82597029,89.57743609,91.57523633,5846200
12/19/2018,89.0031662,91.55096797,88.67154475,91.09802146,6915400
12/20/2018,89.14066315,90.53184408,88.32374761,89.13257316,8468300
12/21/2018,88.50169373,92.33553143,88.00830963,89.74728586,13263600
12/24/2018,85.75978088,89.85243661,85.70316334,89.07596475,3354000
12/26/2018,87.62006378,87.70903508,84.95093729,85.91344156,4537000
12/27/2018,88.50169373,88.54213747,85.7597755,87.16713028,5175900
12/28/2018,89.26200104,89.8605303,88.33994027,89.04361465,5410300
12/31/2018,89.35906982,89.85244784,88.42082901,89.43995116,5019100
1/2/2019,88.38845062,88.98697977,87.53918754,88.28330553,4835400
1/3/2019,87.56344604,89.09212567,87.39359344,88.08918383,5975900
1/4/2019,89.35906982,89.45612496,87.54729574,88.59877166,6293900
1/7/2019,88.59067535,89.27817594,87.87891098,88.97891439,5220300
1/8/2019,89.43995667,89.61789932,88.50171579,89.08407135,6407700
1/9/2019,86.94064331,89.6744772,86.94064331,89.23771073,8521300
1/10/2019,87.47451019,87.6281829,86.83553708,86.87598084,7905000
1/11/2019,87.48256683,87.75756453,87.06197413,87.23991672,5939000
1/14/2019,86.80318451,87.32083253,86.51200673,87.2318612,5804600
1/15/2019,88.15387726,88.21858477,86.32593633,86.9163754,4508000
1/16/2019,87.62815094,88.20242247,87.11050312,88.15388874,4953500
1/17/2019,88.33992767,88.54213406,87.42595085,87.4663946,4612200
1/18/2019,89.02739716,89.21342968,88.29945318,88.94651586,5142700
1/22/2019,88.89802551,89.15684946,87.98404863,88.85758176,5298200
1/23/2019,89.56124115,89.6097687,88.57447315,88.71197199,5197400
1/24/2019,88.56639099,89.22153766,87.68477417,89.22153766,4478000
1/25/2019,88.44506836,89.44801026,88.19433443,89.09213124,5074800
1/28/2019,88.01641083,88.64729387,87.35317401,88.12964593,4055900
1/29/2019,88.16197968,88.66345371,87.76565691,88.10536214,4301500
1/30/2019,89.63404083,89.97374606,87.7899197,88.11345113,5023800
1/31/2019,91.13038635,91.31641897,89.14067595,89.75538519,6183400
2/1/2019,90.74214172,91.62375862,90.14360637,91.35684471,5010500
2/4/2019,91.47009277,91.72083293,90.46715066,90.7583284,3665000
2/5/2019,91.31642151,91.83406946,90.98480001,91.42156663,4593400
2/6/2019,91.43772888,91.86640543,90.83110973,91.72890657,4209400
2/7/2019,91.47009277,91.52671649,90.71789082,91.25171256,4227700
2/8/2019,91.41345978,91.42963974,90.5318429,91.34066844,3868300
2/11/2019,91.37302399,91.86640807,91.10611007,91.52670282,4851100
2/12/2019,92.03627777,92.61054328,90.76642166,91.58333735,6765300
2/13/2019,92.30319214,92.79657631,91.9068631,92.29510215,5528000
2/14/2019,91.0656662,91.39728764,90.4914008,91.39728764,6359200
2/15/2019,93.75098419,94.05024573,92.29509555,93.70245046,8889500
2/19/2019,93.76716614,94.60834563,93.17672065,94.47084674,5596100
2/20/2019,93.68625641,94.34140307,93.34655119,93.62154889,6038900
2/21/2019,93.90465546,94.57598222,93.39509753,93.41936131,4825900
2/22/2019,94.43847656,94.44656038,93.49214594,93.9127387,4865400
2/25/2019,93.87230682,94.87525511,93.58921907,94.77010383,3755900
2/26/2019,93.79951477,94.22819139,93.36274816,94.12304628,4074600
2/27/2019,93.31422424,93.58113204,92.5377523,93.45172313,4175100
2/28/2019,94.29102325,94.76394756,93.12502366,93.55717627,5586300
3/1/2019,94.73133087,94.88625585,93.95671842,94.47040819,3629100
3/4/2019,94.72318268,95.34287642,94.17687675,95.03303266,4383100
3/5/2019,94.60906219,95.25321669,94.30737391,94.5682967,3785400
3/6/2019,95.1227417,95.26135555,94.2421251,94.40519949,4770700
3/7/2019,94.66613007,95.66905564,94.33997505,94.75582285,4858300
3/8/2019,93.95674896,94.79659392,93.16582508,94.44597837,5003300
3/11/2019,95.0656662,95.16351457,93.75290301,94.01382578,4821600
3/12/2019,95.04934692,95.57119237,94.59273371,95.19611635,4356400
3/13/2019,95.05749512,95.85656818,94.95964677,95.30210665,5968600
3/14/2019,94.17689514,95.38366675,94.13612343,95.28581839,8986600
3/15/2019,94.30735016,95.01673051,94.07088797,94.32365511,18194200
3/18/2019,95.62011719,95.71796555,94.62535354,94.72319567,9476000
3/19/2019,96.28872681,96.82688342,95.603807,95.69349976,6751700
3/20/2019,96.47627258,97.42212138,95.6853488,96.2724265,5733500
3/21/2019,97.38950348,97.57703839,96.22350367,96.22350367,4305600
3/22/2019,98.43321228,98.89798117,97.39767054,97.43844225,6668100
3/25/2019,98.53920746,98.8979786,97.91136418,98.05813363,4275400
3/26/2019,99.49319458,99.60735411,98.87350696,99.03658134,4583000
3/27/2019,99.38720703,100.4472093,98.81644042,99.8519759,5318500
3/28/2019,99.34643555,99.86013172,99.14258944,99.38720726,3694700
3/29/2019,99.925354,100.096584,98.88165682,99.71335233,5758800
4/1/2019,99.47689056,100.2025821,99.14257999,99.95796434,5025700
4/2/2019,99.2159729,99.68889734,99.11812453,99.39535846,3242600
4/3/2019,99.11811066,99.66442285,98.4494958,99.21595901,4534400
4/4/2019,99.04473877,99.58288921,98.80012097,99.32196646,3022500
4/5/2019,99.16703033,99.20779581,98.51472047,98.94687311,3971500
4/8/2019,99.47689056,99.50950668,98.83273618,99.24858394,3140100
4/9/2019,99.6155014,99.63996194,98.53919434,99.2648859,3864400
4/10/2019,99.50951385,100.0476643,99.19967002,99.76228103,2681100
4/11/2019,99.20779419,100.0884106,98.80010209,99.77041128,3399700
4/12/2019,99.66442871,99.7459659,98.78381215,99.09365595,3501100
4/15/2019,100.8304291,101.1076568,99.77042696,99.8356592,4419800
4/16/2019,99.81121063,100.9608994,99.38720725,100.47167,5263700
4/17/2019,103.5619507,103.6434879,100.977178,101.9230267,7318200
4/18/2019,103.6271896,104.5811878,103.333657,104.5567273,6331200
4/22/2019,103.0971909,103.7494946,102.6405714,103.3662629,3707000
4/23/2019,103.6271896,103.9941163,102.8362721,103.2928853,4464100
4/24/2019,103.4885712,104.3528827,103.2847251,103.8881139,3517200
4/25/2019,102.8444214,103.0645786,102.0698088,102.4530404,4433700
4/26/2019,103.0645828,103.7576583,102.8362762,103.162425,3033800
4/29/2019,103.3010254,103.5211764,102.7547133,102.8525616,2793400
4/30/2019,104.4099503,104.6871779,103.0156378,103.594566,4963600
5/1/2019,103.7494659,104.3691596,103.5619311,104.2468507,3810800
5/2/2019,103.415184,104.0022617,102.8770274,103.7494883,2875900
5/3/2019,104.1001129,104.5159544,103.4885747,103.6353441,2854900
5/6/2019,103.7739563,104.0674951,103.3581148,103.7984231,2883900
5/7/2019,102.7221146,103.5130321,102.0698046,103.260265,3558900
5/8/2019,102.7547226,103.3418003,101.8822617,102.5753433,3844700
5/9/2019,102.7791977,103.1787343,101.8007328,102.5508849,3127200
5/10/2019,104.3773422,104.5974995,102.4285804,102.8525775,3720400
5/13/2019,103.6842651,104.3202639,103.2521063,103.5701056,4297200
5/14/2019,103.8881302,104.7850456,103.7902818,104.0104329,5150300
5/15/2019,105.4699631,105.8939539,103.6353422,103.6353422,3751900
5/16/2019,106.2201157,106.6114966,104.9888774,105.4862623,4812900
5/17/2019,106.415802,106.7093409,105.714571,105.9347282,4011700
5/20/2019,105.9918213,106.3668911,105.6330502,106.0325806,3965600
5/21/2019,105.2253494,106.4728864,105.062275,106.4728864,4080800
5/22/2019,106.057045,106.5218076,105.1438061,105.2661212,3588000
5/23/2019,105.9755096,106.7338112,105.6004274,105.6738214,3901400
5/24/2019,105.5922699,106.3913431,105.1519678,106.2690404,2702700
5/28/2019,104.0674973,105.9184169,103.8473462,105.5922682,8806000
5/29/2019,104.5077972,104.6219505,103.4233347,104.0267235,5502700
5/30/2019,104.8665771,105.1111949,104.1898067,104.4914949,2710300
5/31/2019,104.3691864,104.7361068,103.5456465,104.3691864,4191200
6/3/2019,105.1682739,105.3150496,103.9533529,104.2550474,3588700
6/4/2019,105.2416611,105.8450375,104.385505,105.7961164,4242400
6/5/2019,107.1333313,107.3045675,105.0704102,105.363949,5084200
6/6/2019,108.4023361,108.6405359,107.2360145,107.6631223,5528000
6/7/2019,109.6261368,110.6446204,108.9033411,109.1086797,6332700
6/10/2019,109.7247009,109.7986198,108.7144388,109.3879427,2957900
6/11/2019,109.4043884,110.3407318,108.9855023,110.1107536,3553600
6/12/2019,109.3551178,110.422881,108.9608712,110.0696921,3302800
6/13/2019,109.1908493,109.888993,108.2955761,109.6097355,2851400
6/14/2019,109.0183487,109.6836436,108.87872,109.2483269,3291800
6/17/2019,108.845871,109.437247,108.3284138,109.0101393,2725800
6/18/2019,108.4680405,110.406437,108.3037721,110.406437,4378200
6/19/2019,109.1169052,109.4782905,107.8684434,108.4680284,4349900
6/20/2019,110.1928787,110.4310659,109.5193623,109.954679,3847500
6/21/2019,110.0286179,110.5214229,109.7575695,110.1928862,7696300
6/24/2019,110.1764603,111.079955,110.0121919,110.5953464,3685800
6/25/2019,109.9053955,110.4557013,109.6836264,110.0450242,4176300
6/26/2019,108.6815948,109.8725559,108.6651643,109.2893889,6024100
6/27/2019,108.1641388,108.7801545,107.909521,108.6240952,4750900
6/28/2019,107.7041855,108.7555179,107.4002759,108.6487378,6318500
7/1/2019,108.3119888,108.6569561,107.6549154,108.4105599,3544800
7/2/2019,108.7719345,108.9526334,107.884883,108.4926771,3233300
7/3/2019,110.0532684,110.1353963,109.0512152,109.2236926,2859200
7/5/2019,109.2565384,109.6425759,108.0491467,109.1497583,3356000
7/8/2019,108.8787155,109.560441,108.4516078,109.3222538,5854500
7/9/2019,108.2052155,109.568654,107.3674306,109.2401173,8233200
7/10/2019,110.3982544,110.4393246,108.3120071,108.7473239,6141500
7/11/2019,110.348938,110.6692656,109.5275838,110.2339489,3944200
7/12/2019,109.4700851,110.4146374,108.9197793,110.0614612,4481200
7/15/2019,110.1846695,110.1928911,108.8705102,109.7329347,3077900
7/16/2019,109.8972015,111.0799537,109.2811858,110.1271797,4019700
7/17/2019,109.0594177,110.2914491,108.8047999,109.9957611,4105100
7/18/2019,109.1415634,109.4043903,108.0245211,108.9197942,3698600
7/19/2019,106.8499603,109.3961633,106.7842505,109.3797327,5022000
7/22/2019,107.006012,107.4413286,106.4721368,107.1785018,4411700
7/23/2019,107.3838425,108.6158737,107.1127941,107.7041701,4145800
7/24/2019,106.1272049,107.7616921,105.6425963,107.7616921,4669700
7/25/2019,105.9464874,106.3900132,105.4536699,105.6507994,3335200
7/26/2019,107.7781143,107.9423827,105.7165195,106.3161046,4580800
7/29/2019,108.0327225,108.4680392,107.7452435,108.0080828,4533400
7/30/2019,107.1702881,108.4844598,106.9649495,107.8766532,3367900
7/31/2019,104.977272,107.1702861,103.6877463,107.1702861,5757600
8/1/2019,104.4269562,106.2832119,104.1230529,105.9218266,6199400
8/2/2019,105.0676422,105.8068686,103.9013206,104.3941319,5573300
8/5/2019,102.1764679,106.0778942,101.7493602,105.4208209,6192800
8/6/2019,103.8602524,104.3119998,102.1600492,102.4885922,6258600
8/7/2019,104.952652,105.4126084,102.3653847,103.8191853,6149000
8/8/2019,106.3407288,106.5707069,104.3119829,105.2154775,3702100
8/9/2019,105.6261597,106.562503,104.574821,106.5378634,2929500
8/12/2019,105.4208298,106.0779032,105.026577,105.5029577,2920800
8/13/2019,106.7185593,107.0881787,105.0840722,105.3633297,4088200
8/14/2019,106.0532608,107.2113733,105.790434,106.38181,6232700
8/15/2019,107.3674316,107.7781088,106.283238,106.4967981,3701800
8/16/2019,108.2216263,108.6815952,107.3017136,107.9423689,3405000
8/19/2019,108.8869476,109.1169258,108.3694904,108.4762705,3101200
8/20/2019,108.4680405,109.3222559,108.3612604,109.0758471,3160300
8/21/2019,108.6980209,109.765784,108.1066449,109.1661989,2936900
8/22/2019,108.9608459,109.1826025,107.8602344,108.2134107,2484200
8/23/2019,106.997818,109.5275905,106.3982204,108.7883642,4239500
8/26/2019,109.8479156,109.8561247,107.2606424,107.4495629,3954100
8/27/2019,110.6856689,111.1784864,109.7986051,110.2257127,7187800
8/28/2019,111.0389099,111.1621081,110.2914744,110.4721733,3972600
8/29/2019,111.7206039,112.0655712,110.4885726,111.3838457,3045200
8/30/2019,112.3037796,112.6158983,111.5070649,111.7945439,3742800
9/3/2019,112.9033661,113.0758435,111.6056248,111.9916623,2989800
9/4/2019,114.2914429,114.3160825,112.7308748,113.1908311,3201700
9/5/2019,112.4595642,114.7917955,112.1039473,114.7917955,4994600
9/6/2019,113.6091385,113.6504925,112.4926553,113.2452432,3051600
9/9/2019,112.8069305,113.038498,112.0047101,112.8069305,4062100
9/10/2019,112.3603439,112.8979086,111.3844416,112.2611043,4175000
9/11/2019,112.7738495,113.1294665,111.5498482,111.8723895,5005100
9/12/2019,113.5429916,114.370022,113.088135,113.088135,4146900
9/13/2019,112.840004,113.2617848,112.2114529,112.5422726,4008200
9/16/2019,111.5498581,112.8896432,111.1363429,112.7986694,2953600
9/17/2019,112.2280121,112.7325011,111.243844,111.6160177,4013300
9/18/2019,112.0625992,112.4761143,110.9047619,112.3189765,2647800
9/19/2019,112.0460587,112.3437901,111.7152516,111.9881731,2804500
9/20/2019,111.4092331,112.2776046,111.2190071,111.6490663,6671100
9/23/2019,112.0129852,112.2693626,111.6160142,111.6160142,3346500
9/24/2019,111.9468231,112.8482831,111.3017405,112.6828796,4798500
9/25/2019,111.7235413,112.1949547,111.2438621,111.8227935,3579500
9/26/2019,112.2445679,112.7490569,111.6573707,112.3686174,4309600
9/27/2019,112.1452942,112.674593,111.3761496,112.674593,3559400
9/30/2019,113.3858719,113.9068925,112.3686154,112.5340316,3705200
10/1/2019,113.6091385,114.0805518,112.5505408,113.2452432,3638900
10/2/2019,110.7724304,113.6174164,110.4002693,113.2121671,5728600
10/3/2019,114.072258,115.5774589,112.889611,114.4940514,8829700
10/4/2019,116.0157928,116.1563865,113.8158895,113.9978372,5278700
10/7/2019,114.4113541,115.4616859,114.1053569,115.1970302,4273300
10/8/2019,113.5016479,114.5023476,113.3693201,113.8407208,4074900
10/9/2019,114.0061493,114.2707925,113.1625747,113.5678242,3065300
10/10/2019,114.0391998,114.3369312,113.005412,113.3941172,2191000
10/11/2019,113.8324432,114.7090933,113.3775741,114.1963386,2761400
10/14/2019,113.675293,114.3782737,113.5016237,113.9978342,2371500
10/15/2019,112.7490387,114.0888237,112.6084451,113.7001185,3369300
10/16/2019,112.8234482,112.8813463,112.1287459,112.5918808,2812000
10/17/2019,113.2700806,113.815911,112.9723491,113.3610544,2322500
10/18/2019,112.6828537,113.6091234,112.6663096,113.526428,3630400
10/21/2019,112.5753555,113.0881229,112.1949287,112.7573032,2829400
10/22/2019,113.0219269,113.5925796,112.7324613,113.0136485,3248100
10/23/2019,113.675293,113.716647,112.9805907,112.9805907,2323600
10/24/2019,114.0391998,114.2211475,113.1294615,113.8820621,2292500
10/25/2019,113.0054016,114.0639992,112.6663162,113.9482155,2520000
10/28/2019,112.9475327,113.7580188,112.6001688,112.9309885,3212600
10/29/2019,112.5422745,113.4023804,112.4264907,113.1625471,2550300
10/30/2019,113.2204742,113.5430156,111.9882068,112.360368,2653700
10/31/2019,113.4437256,113.7414569,112.5588099,113.1377285,4492300
11/1/2019,113.2452469,114.4113626,113.0550335,113.7580142,3054900
11/4/2019,111.7814026,113.3858432,111.425773,113.1377316,3202400
11/5/2019,110.8303528,111.7318256,109.6642494,111.5085239,4300800
11/6/2019,111.1859589,111.5498542,110.4499024,111.2355787,3645600
11/7/2019,110.259697,111.2355868,110.0942808,111.1611571,3338700
11/8/2019,110.102562,110.9295924,109.6394269,110.2348772,2604000
11/11/2019,109.4905396,110.0198384,109.1431883,110.0198384,2227200
11/12/2019,109.1514587,109.7303774,108.8289174,109.7303774,3246500
11/13/2019,110.2348557,110.4664357,109.1762579,109.6890253,3166600
11/14/2019,110.2679443,110.7476234,109.7717211,110.491246,2141900
11/15/2019,110.6649017,110.7558756,109.8296058,110.5408523,3648700
11/18/2019,110.8716736,112.2197369,110.7476241,110.8220538,3619700
11/19/2019,111.2934494,111.6986861,110.8799343,111.3596007,3019100
11/20/2019,110.6070251,111.8144822,110.3258253,111.0784258,3047700
11/21/2019,110.7476349,110.9957465,110.069464,110.3506512,3391200
11/22/2019,110.8799744,111.2604013,110.0115899,110.7559122,3014900
11/25/2019,110.6814575,111.4671337,110.1687028,111.3678941,3612400
11/26/2019,112.2280121,112.3686057,110.7145451,111.0618963,4947400
11/27/2019,112.4016724,112.9061613,111.9219934,112.2279905,2476100
11/29/2019,112.3355331,112.823478,111.8641198,112.5257466,2978400
12/2/2019,112.3768845,113.0136887,111.1859588,113.0136887,3866300
12/3/2019,112.0295334,113.0219673,111.0867193,113.0219673,5000000
12/4/2019,113.551239,113.6091246,111.2686278,111.6077132,4228200
12/5/2019,113.5470963,113.7136583,112.6559822,113.4221779,3351800
12/6/2019,114.3965683,114.6714014,113.5470853,113.8219184,3216900
12/9/2019,114.2300186,114.9628943,114.0967639,114.2216823,3882900
12/10/2019,113.4887772,114.6047568,113.4054898,114.6047568,2940200
12/11/2019,114.1800232,114.5464546,113.5304224,114.1383795,3339100
12/12/2019,114.2466431,114.8462766,113.8885353,113.930179,3502100
12/13/2019,114.8796082,115.1377813,113.4221679,114.0384488,3557900
12/16/2019,114.1467133,114.5298174,113.3971777,114.0551022,4701000
12/17/2019,113.4055328,114.4632219,113.0057813,114.1384213,5491800
12/18/2019,113.2389679,114.3466242,112.9558111,114.1384184,5370500
12/19/2019,113.6553421,113.8802078,113.2222706,113.4471364,3641700
12/20/2019,114.8629379,115.0378363,112.5643512,114.4382028,10311300
12/23/2019,114.1300354,115.0378219,113.9634734,114.6713779,2992900
12/24/2019,114.0051422,114.4132301,113.488796,114.1717043,1220600
12/26/2019,113.8385849,114.3799148,113.3472223,113.9801633,2934700
12/27/2019,114.5464706,114.5797907,113.7886114,113.9968171,2554000
12/30/2019,113.93853,114.9046078,113.6636968,113.8469189,3024700
12/31/2019,113.8219147,114.3132772,113.2889085,113.8385747,3229400
1/2/2020,113.1140213,114.288292,112.5476951,113.9884752,3784100
1/3/2020,112.95578,113.921845,112.5393686,112.8142017,4000100
1/6/2020,113.3888397,113.5304308,112.5976605,112.6809478,4085100
1/7/2020,111.6066208,113.3222471,111.5566534,113.2639434,5718100
1/8/2020,112.1812515,112.7309177,111.6565817,111.9813821,3681400
1/9/2020,112.256218,112.7475932,112.0396885,112.6726295,3954700
1/10/2020,112.0396805,112.7808925,111.9230858,112.5726867,3099500
1/13/2020,113.7053299,113.7552972,112.1229712,112.1396185,5127200
1/14/2020,113.9718323,114.0467833,113.0140782,113.4138297,4159700
1/15/2020,115.928978,115.9706217,113.9302075,114.1300769,5002600
1/16/2020,116.2703781,116.7284331,115.4292318,116.0538488,4977900
1/17/2020,117.644577,117.6945571,116.5119372,116.678512,6908700
1/21/2020,118.1442871,118.3608165,116.8783924,117.1032582,4440000
1/22/2020,119.4101563,119.5683946,118.0276671,118.1026181,5366100
1/23/2020,119.635025,119.8015998,118.5690125,119.1686462,3915700
1/24/2020,119.0270615,120.0514302,118.6356336,119.7849334,2791500
1/27/2020,118.377449,119.393494,117.4696751,117.9693612,3895300
1/28/2020,118.6273422,119.0270938,118.0610158,118.3691691,2908300
1/29/2020,118.0359726,118.635606,117.5695939,118.2608383,3263200
1/30/2020,119.7849274,119.8931984,117.8611084,118.5273693,4058500
1/31/2020,118.2775345,120.4678505,117.9027666,119.7682822,4753100
2/3/2020,118.6856155,119.1520072,118.1276256,118.9021577,3977800
2/4/2020,119.2769165,119.9764848,118.3441588,119.2602565,3494300
2/5/2020,120.1763458,120.4178589,119.4517813,119.659987,3504900
2/6/2020,120.2013397,121.009179,119.9848103,120.4595128,3571400
2/7/2020,121.067482,121.3589751,119.7849401,120.1430479,3138500
2/10/2020,121.3090286,121.9419697,120.8676334,121.5338817,3775600
2/11/2020,121.658783,121.8919724,120.6510616,121.767054,3870500
2/12/2020,121.658783,122.2084492,121.0508257,122.1584691,4217400
2/13/2020,121.9835892,122.5332554,119.5267638,120.9675441,5041400
2/14/2020,122.4167023,122.5499443,121.5422353,122.066918,3555600
2/18/2020,121.2590485,122.5915578,121.0924737,122.5166068,4938700
2/19/2020,121.2007294,121.9919087,121.167422,121.2756804,2978800
2/20/2020,120.8925858,121.4255919,119.8848644,121.4006083,2805900
2/21/2020,121.4672394,121.5255304,120.6010963,120.8093021,4271800
2/24/2020,118.7938843,122.5499118,118.7272569,121.4755756,5027700
2/25/2020,117.5113373,120.2429959,117.0699421,118.7522355,7585800
2/26/2020,118.2442017,119.7183019,117.5612934,118.6273058,6157200
2/27/2020,113.5720673,119.2102825,113.5220999,117.7695023,8605000
2/28/2020,109.9576035,111.3900598,106.8928214,110.9653247,14164000
3/2/2020,114.5797806,114.738019,109.6994377,109.9326271,8504500
3/3/2020,112.9141464,116.3203895,112.2145781,114.254992,8728300
3/4/2020,118.5856552,118.8521646,113.2722409,113.4221556,7635700
3/5/2020,115.7894897,118.573126,114.5905044,116.3847797,6579100
3/6/2020,115.0851593,115.8481487,110.2137873,110.3060169,6754900
3/9/2020,109.1322021,111.8068486,107.4720688,109.1489619,8716300
3/10/2020,112.4692078,112.8297464,106.3653186,110.7168577,8258600
3/11/2020,108.7884293,111.1276893,107.0109204,109.4843414,7465100
3/12/2020,96.7064209,104.8058175,95.23913945,102.3743213,12808300
3/13/2020,106.859993,106.977375,96.48002867,101.1837136,12007700
3/16/2020,94.81990814,103.8164416,93.90600456,96.16142761,10733300
3/17/2020,107.08638,107.203762,97.58678033,97.84669668,14242300
3/18/2020,101.3849411,107.0863794,95.39004783,101.3178639,15250800
3/19/2020,98.38330078,102.3659213,97.31009038,101.81255,9393500
3/20/2020,87.13973236,99.31397096,85.03523016,99.13789799,13093200
3/23/2020,88.18779755,94.63545277,86.2509883,88.87532338,13926800
3/24/2020,95.44874573,95.94343248,91.70089528,92.17042327,11447000
3/25/2020,94.32522583,97.56162965,93.10109478,94.52645119,9485500
3/26/2020,100.8315887,102.1227973,94.39231868,94.50131443,10376800
3/27/2020,100.9992523,104.5123448,98.92828869,99.41458914,9852500
3/30/2020,105.2082672,105.5101021,101.8796337,101.963477,6916800
3/31/2020,100.6974335,105.3927331,100.2195192,104.7555183,7091700
4/1/2020,99.03729248,102.5419987,96.98309493,98.32460791,6873000
4/2/2020,103.8499832,104.9567323,97.6622504,98.28269901,6181800
4/3/2020,104.4620438,105.1160374,102.6593889,103.2882238,5552000
4/6/2020,109.9706192,110.7839131,105.0489371,107.8745035,8242200
4/7/2020,109.4004669,113.2573249,109.2411601,111.2702113,6253900
4/8/2020,111.1863861,111.7565236,108.268596,108.6961991,5241100
4/9/2020,112.0415878,113.2573325,110.2640729,110.7503733,5502400
4/13/2020,109.7442703,111.8068545,108.5201327,110.4150301,3785000
4/14/2020,116.0409775,116.2338294,110.968387,111.6978312,6278700
4/15/2020,113.2154312,115.3366999,112.1002958,114.9845539,5773100
4/16/2020,113.7268753,114.8420106,112.2260618,114.8420106,4564000
4/17/2020,115.3283157,115.7056141,113.1148175,115.47923,4866500
4/20/2020,112.8129883,115.1857936,112.7794433,114.8168751,3995400
4/21/2020,109.7861862,111.4630792,109.4927248,110.7923195,4359500
4/22/2020,111.1947556,112.0751268,110.0209357,111.0438413,4084600
4/23/2020,109.2160492,112.4692261,109.0232101,111.0941742,5527700
4/24/2020,112.6536636,113.0393546,109.5430217,109.727481,4063100
4/27/2020,112.7374954,113.3663301,112.2595749,112.7039504,4009200
4/28/2020,114.29702,115.4372948,112.9051959,114.6826981,6674200
4/29/2020,111.8152084,114.8503802,111.4295175,114.6743136,6706800
4/30/2020,110.9180679,111.6559049,109.3501773,111.0186902,6783000
5/1/2020,109.1154251,110.8677752,108.5955924,109.9370991,4488000
5/4/2020,109.7694168,110.1299555,108.4279101,109.1405819,5245300
5/5/2020,110.3982468,111.790071,109.64365,110.3730944,3580000
5/6/2020,109.6520309,110.8677758,109.5765738,110.3227907,4192200
5/7/2020,110.2976303,110.6749286,109.0986453,110.2976303,5528000
5/8/2020,112.5446701,113.324432,111.060629,111.5720819,4209100
5/11/2020,112.6704407,114.1964066,111.6559148,111.8739063,3591100
5/12/2020,111.4630737,114.3473316,111.3959965,112.9890396,3914600
5/13/2020,111.4798431,112.7458926,110.2137808,111.6642896,5168500
5/14/2020,111.5804443,111.982895,109.1237898,111.2702233,5522200
5/15/2020,113.9867783,115.4205271,111.3372847,112.1589714,20338200
5/18/2020,113.6262665,115.6972302,113.2405755,114.7414018,8480300
5/19/2020,110.448555,112.9890469,110.1718661,112.712358,6640300
5/20/2020,110.0544891,111.2450817,109.2831198,111.1276997,8213100
5/21/2020,109.174118,110.2054036,108.6710451,109.8197126,4886300
5/22/2020,109.4004669,109.5262415,108.3021043,108.6710228,3429200
5/26/2020,108.7884293,110.7168587,108.4949679,110.6246291,5579300
5/27/2020,109.6771774,109.7023298,107.8074454,108.7632739,5686500
5/28/2020,110.9180679,111.2869864,109.0902609,110.0125571,4974400
5/29/2020,110.2976303,110.8761604,109.2663448,110.6833085,13337900
6/1/2020,111.5050201,112.3099217,109.9958137,110.3395799,4049200
6/2/2020,111.2031555,112.1925162,109.9370932,111.5553015,5327500
6/3/2020,111.3624573,112.5865819,111.177998,111.7146032,5421200
6/4/2020,110.3257065,112.852112,109.9961619,111.1875507,5229700
6/5/2020,111.9057617,112.818314,110.4946894,110.6890253,7075700
6/8/2020,111.7114258,111.9311093,110.891819,111.0101121,5613000
6/9/2020,112.3535767,112.5056622,110.7312659,111.3903293,6446900
6/10/2020,113.3337097,114.2040115,112.522548,112.6154935,7069900
6/11/2020,108.0189896,114.1871605,107.6979091,113.4098039,8541000
6/12/2020,108.9991302,109.7849317,107.6725519,109.1258683,7039500
6/15/2020,110.2496643,110.6552518,106.9120965,108.3992118,5481000
6/16/2020,111.2551346,112.4296206,109.9454528,112.1085338,5197700
6/17/2020,111.3311844,112.412725,111.103056,111.4410326,3309700
6/18/2020,112.1930466,112.4887858,110.3763997,111.043908,3417200
6/19/2020,110.9255981,113.9167436,110.874903,113.5703092,8310100
6/22/2020,110.7312469,111.3311572,109.8017922,110.3087699,3379900
6/23/2020,110.9932098,112.1085429,110.672123,111.2128933,3625600
6/24/2020,109.47229,110.7481794,108.728726,110.2834519,4853500
6/25/2020,111.0354614,111.3058401,108.1964141,109.1174113,4442000
6/26/2020,108.9399643,111.8466095,108.2048581,111.2635889,7372700
6/29/2020,110.7566376,111.0270163,109.3624549,109.9961708,4173900
6/30/2020,111.753685,112.2268704,110.5623089,111.3903607,4626700
7/1/2020,111.8381805,112.9028186,111.4833012,111.9818213,3633000
7/2/2020,112.2521973,113.3675304,111.9902506,112.835205,2769200
7/6/2020,112.6324234,113.1816386,111.7959139,112.4465324,4221600
7/7/2020,112.8605728,113.7477647,111.6776288,111.7621294,4424500
7/8/2020,113.4098053,113.806935,112.5141555,113.3591101,3798200
7/9/2020,112.1339188,113.1732092,111.3058541,112.2944493,4005200
7/10/2020,113.6125793,113.9759036,110.9256175,111.8466148,5932800
7/13/2020,113.9927902,116.662849,113.6210083,115.5644058,8960000
7/14/2020,114.5082092,115.7164877,113.4351137,113.722395,6766800
7/15/2020,112.9619751,115.0743615,112.590193,114.3646027,5561300
7/16/2020,113.1224976,113.5280721,112.4211839,113.2745832,3788100
7/17/2020,113.7815781,114.1195547,112.843678,113.7731203,3229300
7/20/2020,112.4718857,113.7393173,111.6860713,113.7393173,3620300
7/21/2020,113.5872116,115.2602306,113.0464413,113.2238874,5435400
7/22/2020,114.9222336,115.1250273,112.9534884,114.5420067,3522300
7/23/2020,115.8263474,115.969988,114.482873,115.4123151,5011400
7/24/2020,114.9645081,117.1444922,114.3983901,115.7503225,3300000
7/27/2020,116.3248825,116.4009253,113.9421176,114.5166804,3607700
7/28/2020,116.0798569,117.1022446,115.8348128,116.5868219,3787500
7/29/2020,116.5445709,117.4486784,115.7925619,116.0798563,3179000
7/30/2020,116.3417816,116.7896064,115.319381,115.9615547,2817600
7/31/2020,116.3164139,116.3502064,114.2378206,115.9784244,4304100
8/3/2020,115.5052795,116.1812457,114.913814,115.851714,2819200
8/4/2020,116.1559143,116.2573047,114.9307327,116.1981646,2553500
8/5/2020,115.1250305,116.7304386,114.719456,116.7304386,2924000
8/6/2020,114.7955246,115.1588489,114.2970045,114.2970045,2692900
8/7/2020,115.5390625,115.5559523,114.3814663,114.8630964,3692100
8/10/2020,114.8968964,115.6573631,114.3899315,115.1841907,3052000
8/11/2020,114.1702499,116.1389955,113.7477727,115.7334209,3301200
8/12/2020,116.4347382,117.1782894,114.2801015,114.3561443,4424600
8/13/2020,116.6882172,117.1191393,115.8432627,115.8432627,2393500
8/14/2020,116.2319336,116.7473563,115.9277495,116.6966611,2461700
8/17/2020,116.5361176,117.3557244,115.8010113,116.1812382,2862500
8/18/2020,116.6966705,117.1191478,115.792563,117.1191478,2638600
8/19/2020,115.2940292,117.2712195,114.9983029,117.1867318,3682200
8/20/2020,115.5221558,115.8854799,114.6011586,114.6265062,2263000
8/21/2020,115.302475,115.4714633,114.2800746,115.2264193,4295600
8/24/2020,116.29953,116.3333225,115.0067508,115.30249,3177800
8/25/2020,116.0122604,116.9248129,115.5052826,116.8234096,2597400
8/26/2020,117.0008621,117.1614056,115.2349101,115.4038985,6019700
8/27/2020,116.9417038,118.2344832,116.5276843,117.2036505,4159300
8/28/2020,118.2429123,118.259815,115.9615382,117.0430787,3355400
8/31/2020,118.3442917,119.1554535,117.4486422,117.7190338,3828700
9/1/2020,117.6091919,118.6991773,117.0346163,118.5048414,3421700
9/2/2020,121.0735092,121.5213469,117.7443997,117.8880404,4918200
9/3/2020,118.608078,122.5823876,117.5442902,121.5015886,6642400
9/4/2020,118.0889359,119.4080351,116.5400678,118.8548708,4836400
9/8/2020,115.3571625,117.9783374,114.3869884,117.7060015,4901500
9/9/2020,116.6847534,117.8336494,115.229486,115.3145943,4282300
9/10/2020,114.6848297,117.0592113,113.9359319,116.2507352,6050500
9/11/2020,115.5784225,116.063516,114.2337931,115.0763178,3411900
9/14/2020,116.3103256,117.0166824,115.5699333,116.1911819,2779000
9/15/2020,115.4167252,116.7954031,115.2380161,116.1486117,4080800
9/16/2020,114.8720703,116.2507483,114.7018668,115.9784123,3353500
9/17/2020,113.3572464,114.5061426,112.0721952,113.5189443,5186400
9/18/2020,111.8849335,114.7103468,110.6424238,113.7912457,8473000
9/21/2020,111.6892319,111.7487972,110.0892906,110.9488266,4402700
9/22/2020,112.4636383,113.0934053,111.0168895,111.4849587,3951000
9/23/2020,111.4849777,113.0338592,110.506298,112.9317267,5909900
9/24/2020,111.9785461,112.5997945,110.565833,111.8594024,4316600
9/25/2020,113.6550674,113.8933548,111.0679288,111.3913244,4576000
9/28/2020,117.4166336,117.9357625,115.4592616,115.7741386,7487500
9/29/2020,116.7273178,118.7527611,116.7017879,118.0038632,4330500
9/30/2020,117.9528046,118.4549093,116.5060427,117.4336756,7060700
10/1/2020,119.8250656,119.8676197,117.0081575,118.6676639,6483900
10/2/2020,117.4932251,119.0676361,115.9103084,118.531483,5130200
10/5/2020,117.3826141,117.7655882,116.5741379,117.5358064,4519800
10/6/2020,115.4847946,118.1400176,115.0167254,117.4421667,5031000
10/7/2020,116.5996475,117.0336813,115.5358597,115.6890519,4347300
10/8/2020,117.3145218,117.5528092,116.386889,116.8294283,2977400
10/9/2020,117.8166428,118.5144809,117.3570791,118.037906,3194000
10/12/2020,120.9569244,122.114326,118.9569983,120.0973756,6167200
10/13/2020,122.1568832,122.5483629,120.7697127,121.03353,4293200
10/14/2020,121.2888107,122.6419454,120.5313945,122.1653707,3641000
10/15/2020,120.3611908,120.8207544,119.6718584,120.131422,3306800
10/16/2020,120.616539,121.544172,120.1059285,120.6335632,5076000
10/19/2020,118.8719101,121.2973517,118.5059733,120.2846236,3223200
10/20/2020,118.8974075,120.1824582,118.6420959,119.9952305,2750900
10/21/2020,118.8037949,119.5526924,118.3782799,118.8718658,2560100
10/22/2020,118.8123093,119.3144139,118.301686,118.9740071,2909000
10/23/2020,118.7698135,119.5953142,118.327274,119.3314968,2758400
10/26/2020,117.4932251,118.3612795,116.0890305,118.0719324,3431100
10/27/2020,118.3953323,119.0506293,117.6974942,117.9272761,3390800
10/28/2020,114.1827316,117.1953861,113.9869983,116.7187982,5196000
10/29/2020,114.0295563,115.4252455,112.5572645,113.83381,3856500
10/30/2020,113.433815,113.9018842,112.0891987,113.1274436,4303900
11/2/2020,115.0167236,115.9358378,113.8508164,115.4082032,3126400
11/3/2020,116.6251678,117.9527858,115.9783896,116.2677367,3293900
11/4/2020,117.3230438,120.5909972,117.1528404,118.2932179,4576300
11/5/2020,117.4847336,119.3740219,116.9911345,118.5910756,3667800
11/6/2020,117.7655716,118.9485031,116.8719872,117.9187508,2867000
11/9/2020,117.8251266,122.250481,117.5868392,120.8462864,6111300
11/10/2020,120.6080017,121.2207445,115.9018057,116.5826325,5284500
11/11/2020,122.4632568,122.752617,120.5144031,121.578191,4389800
11/12/2020,122.4121704,123.1781053,121.4930563,122.7610959,2570100
11/13/2020,123.1525955,123.3057747,121.9271099,122.352625,2580400
11/16/2020,124.0461502,124.4716653,123.1355547,123.399372,3399000
11/17/2020,123.6036453,124.3355319,122.6419769,122.7781449,2924000
11/18/2020,122.0207138,124.7355022,121.9526298,123.816388,4335200
11/19/2020,121.969635,122.2930176,121.1356162,121.5951797,4263500
11/20/2020,122.0547562,123.0930141,121.697325,122.2504895,3469100
11/23/2020,121.7143555,122.2504957,120.7441815,121.9611485,3443300
11/24/2020,122.5739059,122.8547475,121.5441664,121.8590435,4472300
11/25/2020,122.6845474,123.3313259,122.2930677,122.9313405,2278300
11/27/2020,123.0589676,123.6376619,122.7015235,123.0759788,1596000
11/30/2020,122.7440948,123.0845148,121.5952118,122.9398412,4906900
12/1/2020,124.3100052,124.7865801,122.9738814,123.4249264,3999200
12/2/2020,123.0760117,125.0504084,122.4547631,124.1483183,4432900
12/3/2020,123.8070755,124.2442013,122.5814388,122.5814388,4757900
12/4/2020,125.0070267,125.1184399,123.2928406,123.309973,3592600
12/7/2020,124.5955811,125.6155236,123.9527614,124.8612777,4217300
12/8/2020,124.7241821,125.2727211,123.6699483,124.5613324,3623800
12/9/2020,124.8698807,125.2212919,123.6613764,124.7584544,3842000
12/10/2020,123.9956894,125.3841764,123.7814161,125.1699031,3985000
12/11/2020,124.2527771,124.3642034,122.9157141,123.1042756,2975500
12/14/2020,123.6185379,125.5384312,123.4642674,124.4927766,3952400
12/15/2020,124.0813675,124.509914,123.3271214,123.9013722,3183300
12/16/2020,124.1842117,124.6813273,123.3356849,123.4042539,4915800
12/17/2020,124.8870468,125.3070141,124.4327754,124.4927782,3312500
12/18/2020,125.9326706,126.0783879,124.7070339,125.4184226,8980400
12/21/2020,124.6213379,124.8441905,122.9671544,124.2785059,3946900
12/22/2020,123.4385452,124.2784928,122.9757077,123.9356608,2653700
12/23/2020,123.7728043,124.792747,123.4813958,123.8413733,2645100
12/24/2020,124.3299179,124.3727752,123.5413939,124.1327902,883300
12/28/2020,125.9155273,126.5069236,124.7413011,124.9470081,2493500
12/29/2020,126.3526306,127.5097112,125.8555152,126.5754701,3186700
12/30/2020,126.2584152,126.8412455,126.0012846,126.3955533,2224900
12/31/2020,127.1069336,127.2440717,125.6841556,126.4041108,2076800
1/4/2021,123.6528168,126.6612086,121.6557884,126.0012433,7486900
1/5/2021,124.0213699,124.432771,122.4785997,123.4814102,4126000
1/6/2021,122.5043106,123.0785745,121.355809,121.424378,4843300
1/7/2021,122.1100464,122.6928634,120.9786773,122.4014549,4473200
1/8/2021,123.5756531,123.7642146,121.4157883,122.1100315,4312000
1/11/2021,121.7843475,123.6870951,121.4415155,123.4471101,3902700
1/12/2021,121.2186584,121.7072077,119.5216179,121.3900875,5150000
1/13/2021,122.2129135,122.7700319,120.8501385,120.9529855,4361600
1/14/2021,121.5015106,122.0843407,120.9101274,121.2615256,4724700
1/15/2021,121.1844025,122.221491,120.4473018,121.235826,4309100
1/19/2021,121.7586594,122.2043515,121.2272658,122.0329355,5158600
1/20/2021,121.1329575,121.5186467,119.9244532,120.8843932,5019300
1/21/2021,119.6587448,120.6701082,118.9130781,120.2415617,5684100
1/22/2021,118.7844925,119.5987281,118.4759385,119.5644501,4014900
1/25/2021,120.1473007,120.2758725,117.9188666,118.3302676,3829000
1/26/2021,121.5358353,121.7843866,119.7787913,121.1158548,4242500
1/27/2021,118.3131256,121.9900623,117.8931584,120.4301466,6659800
1/28/2021,119.2987823,120.6701234,118.0731325,118.9902283,5514000
1/29/2021,117.0531998,118.673105,116.5732167,118.3731173,6778100
2/1/2021,117.4046173,118.244578,116.4789551,117.4046173,4185700
2/2/2021,118.6045456,119.5901974,117.0789209,117.8074422,3581600
2/3/2021,118.2959976,119.093088,117.4817618,118.0645788,3609600
2/4/2021,119.7187653,119.7873343,118.0645818,118.0645818,3860300
2/5/2021,120.8158264,121.8100443,119.7615927,120.4129917,4437900
2/8/2021,120.3358307,121.5443347,119.5644524,121.0129414,4112200
2/9/2021,119.6501694,120.9786529,119.5558886,120.9615204,3179300
2/10/2021,118.0217056,120.9529622,117.2160361,120.9529622,6966600
2/11/2021,115.6818619,118.4588484,115.141889,118.1502943,7528000
2/12/2021,114.7390366,116.2218169,114.3790591,115.9303953,5659300
2/16/2021,115.1761856,115.5447294,114.3362249,115.3304561,5180100
2/17/2021,115.2447357,115.767563,114.7304747,114.9018907,3353000
2/18/2021,116.0246811,116.3075234,114.7733326,114.9104706,3935200
2/19/2021,113.5734024,115.8104159,113.3848409,115.7161352,5414900
2/22/2021,113.1277084,113.6505357,112.0734746,113.1705526,5792900
2/23/2021,113.8048096,115.1418726,112.5363156,113.6933833,6264300
2/24/2021,113.2134323,113.3848483,112.4506199,113.0077383,4944000
2/25/2021,111.4221039,113.2134253,111.2506879,112.5791848,5702300
2/26/2021,110.7278519,112.1677619,110.1964584,111.9106444,8329000
3/1/2021,111.9534988,113.1105798,111.7135138,111.9449326,5287300
3/2/2021,112.3391953,113.1619973,111.7477989,111.8506459,5614000
3/3/2021,110.6850052,111.8763641,110.5478671,111.2506898,7505800
3/4/2021,111.3009872,113.8236813,110.8603842,111.6638391,9102800
3/5/2021,114.9295197,115.2578199,111.6120053,112.0007742,10186500
3/8/2021,114.1520157,115.9230762,114.031065,115.1023386,8634900
3/9/2021,114.2556534,115.6897918,114.0396692,114.8517719,8930200
3/10/2021,115.4047012,116.1736046,112.7783255,114.4889302,7791700
3/11/2021,115.0936737,116.2686284,114.9900055,115.2059897,4458900
3/12/2021,114.9381714,115.5861241,114.5926019,115.0072879,5275100
3/15/2021,114.9295197,115.447887,114.0137487,115.3874051,5389200
3/16/2021,115.7761917,116.2686421,114.6876358,114.9727366,5544700
3/17/2021,115.4392548,116.2513576,115.2319183,116.0785729,6199500
3/18/2021,114.497551,114.9727189,113.5299459,114.3506833,6476700
3/19/2021,116.199501,116.6401041,114.1951613,114.3074773,16114400
3/22/2021,119.0505219,119.3960914,116.7092468,117.1757801,7813400
3/23/2021,120.484642,121.0980298,119.3787907,119.6120574,6978400
3/24/2021,119.9230804,121.0462011,119.8971634,120.0958652,5082300
3/25/2021,120.631485,121.1671215,119.5169993,120.2427029,5827600
3/26/2021,123.2837906,123.5429743,120.1995428,120.6228634,6785600
3/29/2021,125.1067047,125.2363032,123.041896,123.430665,6105800
3/30/2021,123.1455307,125.0548366,122.7826789,124.130418,4372700
3/31/2021,122.2038651,123.8280706,121.9619638,123.8194359,6257900
4/1/2021,122.0569992,122.9382185,121.0461947,121.9792481,4823400
4/5/2021,123.68116,124.7005988,122.0915199,122.5494052,5980700
4/6/2021,124.1218262,124.5797117,123.1628556,123.5775416,4751900
4/7/2021,123.8971939,124.4933125,123.560259,124.4069135,4849200
4/8/2021,123.1455307,124.5451171,122.7222102,124.130418,6725100
4/9/2021,123.1715012,123.6639384,122.3421159,122.8864004,4950800
4/12/2021,123.5602798,123.9490489,122.7222599,122.8518451,4386700
4/13/2021,123.5861816,124.381002,122.5667292,122.7395271,5283300
4/14/2021,122.7740707,123.3010728,122.0224499,123.1714875,4685300
4/15/2021,122.9468536,123.6293711,122.1779504,122.3939346,4777100
4/16/2021,124.5451355,124.6833686,123.0764455,123.9403824,6481400
4/19/2021,125.0548859,125.7892376,123.7676149,124.830267,6621200
4/20/2021,125.8842621,126.6963518,124.3464421,124.5192401,4999700
4/21/2021,126.9814453,127.6898799,126.3162234,127.3011109,6316000
4/22/2021,126.1952667,126.6963385,125.5991482,126.3421344,4904400
4/23/2021,125.9879227,126.4285258,125.3226875,125.7114565,4354700
4/26/2021,123.853981,125.9360719,123.5256808,125.7460047,5817700
4/27/2021,123.4479599,123.6984958,122.7913725,123.2146932,4693700
4/28/2021,122.5321503,124.1390731,122.4457513,123.9662884,4962700
4/29/2021,124.3550568,124.7783773,122.6531003,122.7654163,4699900
4/30/2021,124.5451355,124.614252,123.1109972,123.8194317,5051100
5/3/2021,125.9533539,126.8086562,124.4933116,125.2967666,6109800
5/4/2021,124.3723526,126.800013,123.9663012,126.1174955,6603800
5/5/2021,124.3118668,124.8993506,123.9749319,124.1649991,5305200
5/6/2021,125.7546539,126.1002366,124.4155491,124.8129659,4472200
5/7/2021,125.7546539,126.1347883,124.8993648,125.4695532,4181000
5/10/2021,126.7568207,127.8540242,126.2298187,126.5581189,5270600
5/11/2021,125.8324051,127.5516443,125.2881338,127.1455929,5266100
5/12/2021,124.605629,125.9101823,124.2773419,125.1671959,5651700
5/13/2021,126.4544373,127.1023899,124.0440592,124.6142607,4849400
5/14/2021,126.6445007,127.7762559,126.497633,127.1715027,4224700
5/17/2021,126.2816086,127.3442469,125.8842051,126.9986775,3747100
5/18/2021,125.7114487,126.9555199,125.5473117,126.6877015,4527300
5/19/2021,125.6423416,125.8151395,124.4760347,124.9598372,4432700
5/20/2021,127.1974182,127.6293866,125.3658763,125.4868269,3964600
5/21/2021,127.0851212,128.1304774,126.5840362,127.7503431,5194200
5/24/2021,127.7330704,128.1650388,127.0073534,127.5516378,3627800
5/25/2021,128.1218414,128.1823102,127.0073555,127.7330725,4649300
5/26/2021,128.1218414,128.4414939,127.5861916,127.7849066,4462600
5/27/2021,126.5753937,128.5278996,126.5149249,128.346467,9203600
5/28/2021,127.8108444,128.294647,127.2060911,127.3529589,4913700
6/1/2021,127.5429993,128.5970033,127.076466,128.5365214,5530300
6/2/2021,128.0527344,128.3205527,127.1974321,128.0354519,4546900
6/3/2021,128.509613,128.5879322,127.1955424,127.6741818,4651600
6/4/2021,128.6575623,129.3102488,128.3355745,128.7968052,4427400
6/7/2021,128.5791931,129.0143173,127.6741407,128.5878908,4724100
6/8/2021,127.3782654,128.6836381,126.9866562,128.5356974,5997200
6/9/2021,127.14328,128.4399415,127.0736586,128.1440602,4008000
6/10/2021,128.4487152,128.8055071,127.1694485,127.3260869,4698200
6/11/2021,128.5270081,128.9012086,127.7437764,128.8402981,4364600
6/14/2021,129.2928467,129.3450595,127.7437919,128.3355679,3831900
6/15/2021,129.3015137,129.8149571,128.8576918,129.5799863,4256500
6/16/2021,128.0135345,129.9019718,127.7089423,129.5451668,5492100
6/17/2021,129.2493286,129.6670442,127.8482278,128.1441091,5316400
6/18/2021,126.5515289,128.7793629,126.3861796,128.7793629,10661700
6/21/2021,127.5436172,127.7002689,126.5776409,126.8387181,4904300
6/22/2021,127.7350769,128.3616569,127.3086503,127.6915618,3518000
6/23/2021,126.0554886,127.1694055,126.0380799,127.1084817,3901700
6/24/2021,126.769104,127.0040748,125.8466427,126.0642048,3818900
6/25/2021,127.413063,127.7437484,126.3948741,126.8473937,6387600
6/28/2021,127.9613419,128.4399812,127.5958391,127.7176733,4282800
6/29/2021,127.8742828,128.5356667,127.4043413,128.3181047,3197700
6/30/2021,128.9447632,129.0665975,128.1006208,128.3007743,4943700
7/1/2021,128.9708405,129.7366635,128.7445806,128.8664149,3997600
7/2/2021,129.5887299,130.3458419,129.2841375,129.5800189,3835500
7/6/2021,129.7801666,130.0325329,128.5966281,129.7279538,4313800
7/7/2021,130.354538,131.1464674,129.6670474,129.9194136,4225000
7/8/2021,130.4154816,131.1203809,129.8324165,130.03257,4216000
7/9/2021,130.0847321,130.8070398,129.8149572,130.0238216,4088600
7/12/2021,130.1108704,130.3545389,129.4755926,130.0934749,4873700
7/13/2021,133.1132202,133.9399537,131.1899651,131.5380592,8750800
7/14/2021,134.4882202,135.0103747,132.9739961,133.0523153,6390300
7/15/2021,135.1060791,135.201807,133.3742798,134.0791922,4920600
7/16/2021,135.6021423,136.4897863,134.98426,135.4802948,5852500
7/19/2021,135.5847321,137.0989561,134.6796661,135.7500814,5750200
7/20/2021,135.6021423,136.9162129,135.3758692,135.9328278,5213500
7/21/2021,135.0973816,135.8631912,134.5143167,135.1495944,4905900
7/22/2021,135.053894,135.5499289,133.9921896,135.053894,3333500
7/23/2021,136.7856598,137.3165119,135.0973888,135.3758614,3588400
7/26/2021,136.6899414,137.0380355,135.7848755,136.4462596,2999800
7/27/2021,137.4470673,138.0736473,136.6551378,136.8988064,4043900
7/28/2021,136.1852264,137.4644931,135.6804806,137.151203,3556800
7/29/2021,136.4636841,137.003234,135.9328319,136.8291869,3055600
7/30/2021,136.5855103,137.1511798,136.2983266,136.9510131,3757300
8/2/2021,136.037262,136.7247525,135.3323495,136.6290246,3425900
8/3/2021,136.3418274,136.7595429,136.0285374,136.629011,3359900
8/4/2021,134.0618134,136.333163,133.9051617,135.924145,4846300
8/5/2021,134.2880402,135.0538631,133.9051287,134.871105,3733500
8/6/2021,134.3054352,134.6796356,133.7049617,133.8180982,3430900
8/9/2021,134.322876,134.7057742,133.7659174,134.5752422,2636600
8/10/2021,134.3924866,135.1583096,133.8529367,134.288061,2670200
8/11/2021,134.9233246,135.7761777,134.4272898,134.6361543,3058000
8/12/2021,134.9494781,135.1496316,134.5404602,135.0887079,1958700
8/13/2021,136.211319,136.341851,134.8015072,134.9755675,2113800
8/16/2021,137.5427856,137.6036961,136.3940512,136.5680982,3224000
8/17/2021,137.4122467,137.8908861,136.8378927,137.4209577,3736300
8/18/2021,136.0024719,137.6733479,135.9328504,137.2208148,3419200
8/19/2021,138.291214,138.735036,135.5673315,135.6021489,4745600
8/20/2021,137.8038635,138.9177806,137.7168334,138.308596,3484100
8/23/2021,137.3687439,137.9518089,136.9075132,137.3513352,3102100
8/24/2021,135.6630249,137.2816875,135.4802669,137.2816875,3760800
8/25/2021,135.062561,135.4715789,134.1575085,135.201804,3346700
8/26/2021,134.5665588,135.4716116,134.0966171,135.3323687,3220700
8/27/2021,134.836319,135.2453369,134.2010412,134.7492888,4166500
8/30/2021,135.7587585,135.9066992,134.8972078,135.0451484,2540300
8/31/2021,136.0981903,136.1678118,135.1844265,135.837113,5291200
9/1/2021,137.4209442,137.6646127,136.2025883,136.4897719,4231400
9/2/2021,137.5217285,137.8196379,136.5754162,137.3815311,2862500
9/3/2021,137.6443939,137.933546,136.6016976,136.8645643,2035100
9/7/2021,135.4012909,137.3552435,134.656504,137.1099048,4609900
9/8/2021,137.3202057,137.346491,135.1997702,135.5152077,3199100
9/9/2021,136.4527588,137.5392686,136.1636067,137.4604126,3560400
9/10/2021,136.216156,136.9083588,135.8218492,136.6717774,3851500
9/13/2021,136.4790192,137.9160089,136.1548244,136.6367446,3367200
9/14/2021,135.9445343,137.2763827,135.6553956,137.0222867,2808600
9/15/2021,136.7068634,137.0223009,135.6203536,136.0058898,3702400
9/16/2021,136.303772,136.7944494,134.7703983,136.1548173,4589900
9/17/2021,135.0508118,136.2512202,134.787945,136.0146387,8127400
9/20/2021,134.5951233,135.7692459,133.5524273,134.8492193,5484600
9/21/2021,134.5338135,136.7944459,134.0343787,135.4713683,4479800
9/22/2021,134.9456024,135.8919144,134.4549251,135.4800931,3001000
9/23/2021,135.0508118,135.751772,134.5338356,134.6652756,2712500
9/24/2021,135.1121368,135.480145,134.5426033,134.7178434,2366100
9/27/2021,133.8153229,135.0683017,133.5261708,134.761635,4482000
9/28/2021,132.3520813,133.6225885,131.519681,133.5086764,5910900
9/29/2021,133.4473419,134.2096435,132.0366374,132.6061709,3326500
9/30/2021,131.7912903,134.4374457,131.7562343,134.2534484,4949200
10/1/2021,132.2644348,132.842739,131.0114558,132.6149283,4274300
10/4/2021,131.6072693,134.0606698,130.9763945,132.2031014,5404900
10/5/2021,132.3871002,133.5261805,131.493372,132.6236816,6103100
10/6/2021,135.7780609,135.953301,131.3969931,132.1680519,5499200
10/7/2021,137.0310516,138.2227027,136.26875,136.26875,4605100
10/8/2021,136.7155914,137.3114236,136.242442,137.1887542,4186000
10/11/2021,136.8996124,137.7670553,136.391407,137.0310391,2738100
10/12/2021,137.5042114,138.3103398,136.8733499,136.8821072,3195400
10/13/2021,138.4329529,138.4855235,136.7068115,137.9685609,3599900
10/14/2021,139.5457611,139.7472998,138.9762277,138.984985,3677100
10/15/2021,139.1514587,139.8962455,138.0123786,139.8962455,4313000
10/18/2021,138.5205994,139.0550902,137.3902897,138.6169834,3274200
10/19/2021,140.2817688,140.3343395,138.0386513,139.0024914,3125800
10/20/2021,141.3419952,141.8414433,139.913763,140.7023631,3716500
10/21/2021,139.4756775,141.4471581,139.3004374,141.4121155,4164700
10/22/2021,140.1678925,140.6059993,139.7297857,139.8261697,3240300
10/25/2021,139.5106964,140.1503284,139.1339177,140.1503284,3281200
10/26/2021,141.2193298,141.4208552,139.4055748,139.4669028,3684700
10/27/2021,140.7286377,141.8063765,139.8086109,141.7275205,3751800
10/28/2021,141.6136322,141.7100162,140.6059919,140.9389574,3589600
10/29/2021,141.5961304,142.1744212,140.9915408,141.0966822,4558200
11/1/2021,141.2981873,141.5084833,140.3518751,141.2456166,3017100
11/2/2021,142.594986,142.656314,141.017799,141.5522898,3464500
11/3/2021,143.9619293,144.0407854,142.0780616,142.0780616,3595000
11/4/2021,143.9706726,144.189726,143.1295149,143.8918166,3310100
11/5/2021,145.4514465,145.8282119,144.1546542,145.0571531,3754300
11/8/2021,142.3233643,145.5390798,141.201812,145.2849704,5766400
11/9/2021,143.2696686,143.5763487,141.946591,142.218215,3778600
11/10/2021,143.7340546,144.5752254,142.8490838,144.3474147,2683500
11/11/2021,142.5511627,143.6814721,142.4284934,143.6727148,2453000
11/12/2021,142.5161591,143.6377116,142.0167242,142.8315965,3540900
11/15/2021,143.5237732,143.5938719,142.3759357,142.3934503,3357100
11/16/2021,143.0944061,144.5664516,143.0243075,143.9355769,2899400
11/17/2021,143.1470032,143.4098699,142.0166936,142.489843,3332200
11/18/2021,143.1908264,143.2784531,141.7275513,142.6563356,3498900
11/19/2021,143.532547,144.6015287,143.2083522,144.1371365,5242200
11/22/2021,143.8304443,146.1524182,142.9805161,142.9980442,4157200
11/23/2021,144.7943115,145.206133,143.0944548,143.3135083,3878000
11/24/2021,143.4712067,145.0133376,142.4547958,144.6540869,3309500
11/26/2021,141.1930542,143.4011161,140.9740008,142.5687159,3402900
11/29/2021,143.821701,144.2072372,141.1930602,142.533666,5305800
11/30/2021,140.0013885,143.6990105,138.7834523,143.5500558,7610000
12/1/2021,140.3343353,143.0418314,140.2379513,142.3583861,5385600
12/2/2021,141.6884003,142.6322904,140.9915201,141.2561631,4619800
12/3/2021,145.2963715,145.4463327,142.3235692,142.438251,6465900
12/6/2021,146.8047943,147.5722469,146.2490454,146.4784089,5403100
12/7/2021,146.6371918,147.2811596,146.1343822,146.8047995,5460100
12/8/2021,146.8930206,147.0429819,144.6965012,146.5578053,3891900
12/9/2021,146.7077789,147.210602,145.4198702,146.363747,3644500
12/10/2021,149.054245,149.1865598,147.2282204,147.7927859,5025700
12/13/2021,149.7952576,151.0743499,148.2427057,149.0189749,5411800
12/14/2021,149.4247894,150.3069241,148.4632659,149.38951,4985000
12/15/2021,151.3478088,151.5330495,149.4865047,149.7599642,5507800
12/16/2021,151.5683289,153.103234,150.8626187,151.3477953,6909900
12/17/2021,148.4632416,152.062352,148.2427079,150.9420374,10159600
12/20/2021,149.4512329,149.5218053,147.0959353,147.4576137,5263600
12/21/2021,149.0101318,149.6099902,148.0044992,149.2835913,3401400
12/22/2021,149.9364166,149.9540631,148.4367905,149.0454655,4362900
12/23/2021,149.7687836,150.5186032,149.3012534,149.9452078,3241700
12/27/2021,151.2595978,151.3389866,149.7599719,149.9540425,2868800
12/28/2021,152.044693,152.4240043,151.0214138,151.2507774,2332100
12/29/2021,152.5827789,153.0150296,151.6653517,152.4239877,2299500
12/30/2021,152.318161,153.1561861,151.9300197,153.0856137,1988900
12/31/2021,153.2355652,153.5090247,151.8241448,152.1328972,2914900
1/3/2022,152.5916138,152.7768679,150.46568,151.90355,5488900
1/4/2022,152.8121338,153.8883388,151.9035365,152.3093242,4717600
1/5/2022,153.3326416,154.691123,152.812172,152.9268538,6564600
1/6/2022,153.3678741,154.9027927,152.8121252,153.4119836,4288700
1/7/2022,153.5619354,154.1000379,152.265197,153.5707519,4916000
1/10/2022,153.6413727,155.1145358,153.156196,153.8795528,5055900
1/11/2022,153.5707855,153.6942838,151.3919123,153.2091072,6452300
1/12/2022,153.403183,153.7825078,152.5651579,153.403183,5268000
1/13/2022,153.650177,154.1000742,152.8209819,153.2355862,4310300
1/14/2022,154.9381104,155.2027534,152.9621241,153.9942334,4474500
1/18/2022,153.4561157,154.1618125,152.7415755,153.1561798,5789500
1/19/2022,154.5588379,155.220439,153.1121374,153.4561694,6424500
1/20/2022,153.4384766,156.0319541,153.3502577,154.7352153,6284200
1/21/2022,153.6854706,156.3495205,153.5884352,154.6646404,6753200
1/24/2022,152.9003754,155.6967401,149.0454519,154.8057891,9263900
1/25/2022,151.1449127,152.1505454,149.7335057,151.7976971,6536900
1/26/2022,149.5482635,151.5595292,146.8312876,149.3983023,6841800
1/27/2022,149.407135,152.8562846,148.8866788,150.650948,6543500
1/28/2022,152.318161,152.3710869,147.5017142,148.6484783,5796000
1/31/2022,153.0679626,153.5884187,150.4833019,150.6420931,5908000
2/1/2022,152.0270233,152.9885465,149.574691,152.74155,5952700
2/2/2022,154.7881165,154.9380777,152.2299322,152.3975264,5767000
2/3/2022,154.6999054,155.8378663,153.3414243,154.6117,4632700
2/4/2022,152.1593628,154.2764799,151.0125854,152.6974653,4592400
2/7/2022,151.5595093,152.6004349,151.0302367,152.3799013,4813300
2/8/2022,151.7447662,152.2916853,150.2363105,152.2828688,3957700
2/9/2022,151.6741486,152.415138,150.8537568,152.1681415,6780200
2/10/2022,148.5249786,151.2419545,147.5811017,148.7808052,7899800
2/11/2022,148.7102356,150.2363245,147.9251364,148.2515219,7299600
2/14/2022,147.0518341,149.6805914,145.6404268,149.4512413,6822500
2/15/2022,146.3990173,148.419099,145.7815125,147.5105017,4943800
2/16/2022,146.6989746,147.4928903,145.1464092,146.1079461,4161700
2/17/2022,147.095932,148.1544907,145.5521966,146.4431476,5156800
2/18/2022,147.9427948,148.410325,146.6284094,147.4135087,5181600
2/22/2022,148.5073395,149.0277956,146.6372053,148.7014101,7733900
2/23/2022,147.0430145,149.1865951,146.8930533,149.1865951,5812800
2/24/2022,144.4848022,146.7342479,141.3973315,146.1785123,8888800
2/25/2022,148.5338135,148.6043859,144.8994101,145.0405549,6535600
2/28/2022,144.4407043,145.7374431,142.3853294,144.7053339,7677000
3/1/2022,143.1439819,145.0229194,142.2883103,143.8496923,5107900
3/2/2022,145.1287842,146.2755618,143.3380521,143.7702894,5452100
3/3/2022,144.9733582,146.6781942,144.556027,145.5949108,5352200
3/4/2022,147.1754608,147.8414131,142.8867263,143.8456993,6340300
3/7/2022,144.2452545,146.6426799,143.9611219,145.6837206,6319500
3/8/2022,140.1785431,145.5949616,140.018721,144.1831457,6163700
3/9/2022,139.7611694,142.1230833,138.8732331,141.9010992,5764900
3/10/2022,137.1950531,138.7400674,136.1828061,138.3316106,6103700
3/11/2022,136.5024567,139.3083389,136.2804726,138.0297083,4762600
3/14/2022,138.4203949,140.1163566,137.1861639,137.7633171,6075600
3/15/2022,141.1819,141.6258683,139.2550795,139.6901732,6203400
3/16/2022,141.803421,142.0609301,139.4415073,140.6579892,6299000
3/17/2022,142.90448,143.5171582,141.4482649,141.9188701,3587600
3/18/2022,144.5471344,144.6714449,142.1230723,143.2951546,12123000
3/21/2022,144.3429718,145.4528926,143.0199549,144.0854761,5122600
3/22/2022,145.9234772,146.3052969,144.0499307,144.5915725,5779200
3/23/2022,145.1598206,146.7581086,144.4050828,145.8435353,4533700
3/24/2022,146.0388947,146.2697532,144.9733737,145.6748375,3160300
3/25/2022,146.7226105,147.3086382,146.0033706,146.0033706,4146800
3/28/2022,147.1576691,147.1931941,145.3640476,146.5982785,4308000
3/29/2022,149.3420105,149.6883051,147.7259599,148.5428597,4440400
3/30/2022,149.1377869,149.3864079,147.5039738,149.2620974,3871500
3/31/2022,148.6227722,150.3276082,148.5250987,149.5018204,6076200
4/1/2022,150.7360687,150.8870163,148.6139014,149.0756321,3239600
4/4/2022,150.3453979,150.4075465,148.6849477,150.1589253,3759900
4/5/2022,150.5052032,152.1745278,149.4574449,149.4574449,4480700
4/6/2022,153.0713196,153.3465776,150.49631,150.8781161,4294800
4/7/2022,153.2134247,153.8616144,151.6417735,152.751694,5041600
4/8/2022,153.7284241,154.2256663,152.3609945,153.6041135,3883100
4/11/2022,153.2578278,155.3622327,153.0092067,154.1546386,3825100
4/12/2022,153.8793488,155.0780545,153.2844331,154.3055543,3924300
4/13/2022,153.6129913,154.3411057,152.4853084,154.1279961,4394000
4/14/2022,152.636261,154.7317914,152.5119504,154.0392021,4834300
4/18/2022,151.3220825,153.0002814,150.9136395,152.0324342,3086000
4/19/2022,153.5242004,153.7639471,150.8071172,150.8071172,3642000
4/20/2022,155.8061676,156.2501357,154.2522792,154.2522792,4197600
4/21/2022,155.2467957,157.3778511,155.0780856,156.0636955,3701300
4/22/2022,152.8582458,155.6286166,152.6717868,155.3799955,5864000
4/25/2022,154.2700653,154.4298873,151.8371148,153.7994601,7369900
4/26/2022,153.8793488,155.6996207,153.3732186,154.4742644,7386600
4/27/2022,155.255661,156.8894605,153.7816836,153.9859051,5180300
4/28/2022,157.6087036,157.7152516,154.3411043,154.9715315,5235800
4/29/2022,152.4675751,157.5288102,152.2011914,157.5288102,6505600
5/2/2022,148.9602051,154.0214534,146.7492521,153.6129967,7692100
5/3/2022,149.1644592,150.3365284,147.9124655,150.1855808,5564900
5/4/2022,154.3766022,154.6074607,148.8270004,148.8270004,6231500
5/5/2022,151.2954712,153.8971317,150.1322768,153.7017846,6534300
5/6/2022,151.3132629,151.6595576,149.8126481,150.2743789,5824600
5/9/2022,152.4586639,153.5153103,149.848129,150.6472798,7269100
5/10/2022,152.2722015,154.9803964,151.6151238,153.7195285,5936700
5/11/2022,151.5352173,153.0891059,150.8781395,151.6772903,5376900
5/12/2022,151.3043671,152.7161963,149.3153981,152.0591185,6473500
5/13/2022,154.2523041,154.6429982,150.4697001,151.5707325,4714600
5/16/2022,155.8061676,156.5431563,153.9858957,154.2434048,5317200
5/17/2022,154.9094086,155.9926786,153.2400836,155.6641465,5012200
5/18/2022,145.3107758,154.3854862,144.662586,154.2256641,8875400
5/19/2022,143.1353455,144.5382866,141.7768038,144.2896655,6423800
5/20/2022,144.0321503,144.786888,141.732385,144.0587873,5768800
5/23/2022,147.0422516,148.2409574,145.239742,145.8080207,4657800
5/24/2022,149.0134583,149.4041388,146.6515447,147.4151704,6327600
5/25/2022,150.0346222,150.4963529,148.2498748,149.0401377,5781000
5/26/2022,151.0468445,151.9170183,150.0257232,150.0257232,5193800
5/27/2022,152.5208588,152.5563703,151.1267919,152.0680025,6713500
5/31/2022,148.9513245,151.8193551,146.8380316,151.8193551,13610000
6/1/2022,147.8325195,149.5107186,145.4617312,149.3331205,5613900
6/2/2022,149.0306396,149.0932341,145.427368,148.0828827,4677300
6/3/2022,147.3944092,148.9501558,146.9562893,148.2974576,4222000
6/6/2022,148.0113678,149.8711233,147.2871389,148.8339633,3447800
6/7/2022,148.9233704,149.1916068,146.8311505,148.136547,4168300
6/8/2022,148.1812134,149.1468562,147.6268682,148.1901632,2646800
6/9/2022,145.5436401,149.2542018,145.4452872,147.6984547,3522900
6/10/2022,145.3111267,146.5628784,142.5661956,143.92525,5203300
6/13/2022,142.8255157,145.6240782,142.2175122,143.5318585,6300700
6/14/2022,139.5888062,143.1026745,138.4622296,143.0579662,6159200
6/15/2022,141.0819702,142.9149031,139.4189208,141.1982092,5940100
6/16/2022,140.4024658,141.6810536,138.6857717,140.0448263,7207900
6/17/2022,140.4293213,142.1549657,139.6335616,140.402499,9881800
6/21/2022,143.6927643,143.9162923,140.688547,141.4217119,4449600
6/22/2022,144.8730011,145.7313548,142.6645428,143.3530131,4706500
6/23/2022,146.7238312,147.6537019,145.8744136,146.4377087,5810700
6/24/2022,148.5388947,148.5925392,146.5807864,148.1007747,5951500
6/27/2022,148.7355957,149.4330022,147.8325335,148.3064119,4595800
6/28/2022,146.6433868,150.6132485,146.5003392,149.4508996,4372900
6/29/2022,149.0753632,149.8174781,147.8414973,148.4763095,3653600
6/30/2022,149.0127716,149.8353534,148.091837,149.4330055,6295100
7/1/2022,151.4537048,151.5699438,148.2080723,149.0843123,3918700
7/5/2022,151.1139221,151.4536892,147.8235952,150.7741687,4971600
7/6/2022,152.6249542,153.7425945,151.5341362,151.9990784,4209100
7/7/2022,152.3209991,152.9289891,151.4447728,151.569948,5150200
7/8/2022,153.6800537,154.4132188,152.4908825,152.5087686,3482900
7/11/2022,152.4193268,154.5026101,152.016979,153.2597945,4921300
7/12/2022,151.5520172,154.9675323,150.9887222,154.6814099,5201600
7/13/2022,152.0885315,153.2866389,150.1930038,150.6937046,4533100
7/14/2022,152.8753357,153.036283,149.9426481,150.4701711,4218300
7/15/2022,153.0005188,154.6099239,152.0170033,153.1972246,4659100
7/18/2022,150.4433441,153.1078088,150.0767684,153.0273283,3479700
7/19/2022,152.0527191,152.6696587,150.7741452,152.2226026,4201600
7/20/2022,150.4433441,152.5087552,149.7280651,152.0438129,3460700
7/21/2022,150.6668549,151.4715641,149.8174509,150.2019263,3088300
7/22/2022,151.6503754,152.5087291,150.648974,151.2301415,3757800
7/25/2022,151.8649597,152.7680081,151.1407174,152.2762437,3357200
7/26/2022,153.6353302,153.7783915,151.3195824,152.5087535,3732100
7/27/2022,153.4207458,153.7426269,151.1586425,152.4372304,4479000
7/28/2022,156.3265991,156.5769495,153.0630945,153.6710844,3134200
7/29/2022,156.4338837,156.8988122,155.0301209,155.271535,4215500
8/1/2022,158.2131653,158.8748133,156.0673013,156.0673013,4034600
8/2/2022,156.9077759,158.391992,156.6663617,158.204236,3781100
8/3/2022,158.1058807,158.3115227,155.7901331,156.5411842,4401300
8/4/2022,157.2475281,158.0254151,156.0941292,157.7392926,3822500
8/5/2022,156.067337,156.2014485,154.144987,155.9242758,3295600
8/8/2022,155.4414215,157.3369351,154.9675431,157.1759878,2846100
8/9/2022,156.0225983,156.6752964,155.5397836,156.2818848,3228800
8/10/2022,157.3101196,157.7482259,156.2193015,157.1938807,4041100
8/11/2022,156.5054169,158.3651722,156.1745997,157.6856517,2743800
8/12/2022,158.552948,158.5976563,156.8094316,157.3011825,3756200
8/15/2022,160.2964478,160.3679784,158.0790531,158.9463431,3043100
8/16/2022,161.2263184,161.5660717,159.7242028,160.7434901,3395700
8/17/2022,161.1369324,161.8969333,160.6898762,161.0296433,2666200
8/18/2022,161.2978516,161.77173,160.8865675,161.6733907,3010600
8/19/2022,161.0922241,161.8432752,160.3322368,160.7256348,3704000
8/22/2022,159.5543365,161.3604472,159.1698748,161.0653885,3385000
8/23/2022,159.4828339,159.9209539,158.5171908,158.9910829,2575000
8/24/2022,160.2785797,160.4931716,159.2503559,159.4828202,3340600
8/25/2022,160.2875519,160.3590825,158.606616,160.07296,3401800
8/26/2022,156.5054169,160.922334,156.1745997,160.9044616,5246600
8/29/2022,156.0136871,156.7289662,154.8692243,156.0673317,4184500
8/30/2022,154.6725159,156.1925043,154.0823984,155.8795595,4026300
8/31/2022,154.0287323,155.9421321,153.9661379,155.4056593,5597900
9/1/2022,155.5859528,155.7029592,153.2366359,153.8487117,4846100
9/2/2022,153.6146545,157.4941739,152.9215575,156.3690226,5801500
9/6/2022,152.5794983,155.3518725,152.2374617,153.9026772,4900100
9/7/2022,155.9459991,156.4230623,152.9575901,153.578676,6074600
9/8/2022,155.4238892,156.1079762,153.5246333,155.522903,3888100
9/9/2022,155.9190063,157.1161693,154.5238156,155.4059306,3662000
9/12/2022,156.5310669,157.01714,155.495933,155.9189911,5953300
9/13/2022,150.68927,155.5679245,150.2752083,155.2708829,6926200
9/14/2022,151.8324127,152.2914832,150.8332915,151.3283471,5156900
9/15/2022,149.3121033,151.7244214,148.8260302,151.6974189,5461000
9/16/2022,150.2932434,150.4732649,148.7450338,149.7441689,12012600
9/19/2022,151.8774109,151.9494222,149.8701449,150.3742105,3720900
9/20/2022,152.0484619,152.2554859,150.1942146,150.8423029,3872000
9/21/2022,151.6164093,154.8478409,151.5263917,152.912586,5134500
9/22/2022,151.760437,152.9215873,151.2653676,151.5804018,4290600
9/23/2022,151.6884308,151.8954548,149.8971846,151.5714106,4565100
9/26/2022,151.6254272,153.0296142,150.7973173,151.5174171,5326400
9/27/2022,149.4291077,153.020596,148.7360243,151.4363877,5400700
9/28/2022,151.8234253,152.6785376,148.7360165,150.2392171,5480900
9/29/2022,149.9691467,152.2464516,148.5199515,151.9404137,5167700
9/30/2022,146.9537811,151.4363946,146.7287508,150.9413252,5971900
10/3/2022,148.7450256,149.1410812,146.7377592,147.1878198,5093400
10/4/2022,150.4192047,151.8773962,149.0150183,150.6712375,4596800
10/5/2022,149.4200897,150.4012183,147.3768112,150.2932082,3538600
10/6/2022,146.5397186,149.4381097,146.2696795,149.2310719,4623400
10/7/2022,145.4685822,146.7287463,144.9015014,146.089668,4779200
10/10/2022,145.6576233,146.7557586,145.0905425,145.8106423,4839200
10/11/2022,146.3506775,147.862888,145.4235539,146.0356434,5222600
10/12/2022,152.4715118,153.6506683,149.96018,151.8774286,9795300
10/13/2022,157.1701508,157.5571962,150.1582132,150.410246,8412700
10/14/2022,153.1916351,158.6553639,153.0116136,158.403331,5937900
10/17/2022,155.47789,156.2519946,153.9836997,155.0638421,6401800
10/18/2022,157.5751953,159.2404248,156.090001,157.359175,4547400
10/19/2022,156.0449677,158.2772638,155.1178442,157.3591503,5200200
10/20/2022,154.3347626,156.9451081,154.0197147,156.8010855,4314000
10/21/2022,155.7749481,156.3420288,153.5426517,154.1007224,5071500
10/24/2022,159.9335327,160.2035718,157.2241728,157.3501892,5316500
10/25/2022,160.4645996,161.0046641,158.9703952,160.3295732,5220000
10/26/2022,161.1847076,162.8319173,160.5096168,161.3557191,5136000
10/27/2022,161.0136566,162.8588938,160.7346213,162.3548282,5424100
10/28/2022,164.029068,164.65915,161.5537349,161.7517627,6715300
10/31/2022,163.4440155,164.7041797,162.5078817,163.0839588,4877200
11/1/2022,162.7058716,164.5511224,161.9227707,162.8679005,4084500
11/2/2022,160.4375916,165.244235,160.3745765,162.7238931,4970600
11/3/2022,160.0235138,161.0316449,158.8983625,159.1233928,3753800
11/4/2022,160.9236755,161.8327931,158.8984027,160.1495707,3922400
11/7/2022,162.2108154,162.5798546,160.968644,161.5897297,3246100
11/8/2022,162.6608887,163.9210527,160.9416541,162.4178521,3724700
11/9/2022,160.7166443,162.9849536,160.5816179,161.9768085,4723600
11/10/2022,163.5519867,164.6501354,160.7256072,164.4070989,6704100
11/11/2022,160.266571,163.5430114,157.9172543,163.0389458,7390500
11/14/2022,159.0783997,161.2836936,158.8713756,160.8246368,5633000
11/15/2022,159.4924622,160.8516401,157.8992439,160.2575569,5153600
11/16/2022,160.5185852,161.6887453,159.9695108,160.4915827,4701100
11/17/2022,162.0488281,162.1658483,159.7085074,159.7625262,3920300
11/18/2022,163.2189331,163.6779898,162.0397769,162.210802,4498100
11/21/2022,166.3603973,166.6394327,163.9030567,164.0650857,4397600
11/22/2022,166.3783875,167.980602,165.9553294,167.2515061,4109600
11/23/2022,166.5943909,167.4945118,166.0723191,166.5223795,2511000
11/25/2022,165.721283,166.5223901,165.568264,166.1443409,1837000
11/28/2022,165.5232697,166.9634689,165.1812192,165.9823265,6411400
11/29/2022,164.3530884,165.1001904,162.9399056,164.9921803,4375400
11/30/2022,166.9814758,167.1525011,162.2378471,163.7320378,7915600
12/1/2022,168.3762817,168.7657553,166.8003103,167.9958744,4683300
12/2/2022,168.1861115,168.7476633,166.5104944,166.6554155,3547700
12/5/2022,165.8583527,166.6010627,165.133775,166.1391286,4083200
12/6/2022,164.5087891,166.9180357,163.6664476,166.4289444,5835100
12/7/2022,165.0069275,165.25148,163.6573901,164.6718097,4241700
12/8/2022,166.4561462,166.6372907,164.1736879,164.6718454,3800800
12/9/2022,165.8402405,166.8456078,165.7949509,166.8456078,3116100
12/12/2022,166.6282196,166.8184164,165.1699844,166.8184164,4691400
12/13/2022,166.5376434,169.22768,165.6953157,168.9016145,5634900
12/14/2022,166.0757294,168.3581876,164.9616781,166.7188079,5392500
12/15/2022,163.2588959,165.4870123,161.5742265,164.8258151,6127800
12/16/2022,163.3403931,164.110274,161.6557239,163.1049067,15708100
12/19/2022,164.2461395,166.1753614,163.3494699,163.8113902,4447800
12/20/2022,164.1464844,165.0703387,163.6121036,164.680879,3249000
12/21/2022,165.2967834,166.3655451,164.3004685,164.4363372,4236900
12/22/2022,164.0197144,164.8892269,162.0542691,164.7171349,4304700
12/23/2022,165.0793762,165.3420473,163.4399969,163.8566414,2197800
12/27/2022,165.8130646,166.3021558,165.0884731,166.0032614,3045000
12/28/2022,164.6174927,167.1444896,164.5178612,166.7459775,2694300
12/29/2022,164.8258209,165.622873,164.744308,164.771479,2549200
12/30/2022,163.6302643,164.8077238,162.3893966,164.2823953,3136200
1/3/2023,162.4980927,163.7117755,159.9258058,163.5668545,5137400
1/4/2023,162.0995331,163.5215311,160.8133899,162.498059,4771300
1/5/2023,160.4058075,161.9183845,160.1884259,161.1847408,3647100
1/6/2023,164.0287781,164.6899614,161.9455827,161.9546351,3713200
1/9/2023,162.4256439,165.5413781,161.9546573,163.4310115,3319200
1/10/2023,161.0851135,162.606743,160.3967455,161.9364935,3817300
1/11/2023,161.2662811,162.7698061,159.1196776,162.4799639,4369900
1/12/2023,159.2102661,161.5561189,158.7936353,160.9130541,4246600
1/13/2023,158.7211609,159.1649626,157.7520169,158.8660681,4720400
1/17/2023,159.4638214,160.8133725,158.9475593,159.5453343,5032600
1/18/2023,155.4423828,159.1740239,155.1797255,158.721156,5032600
1/19/2023,153.6399841,155.9405472,153.5041155,155.1344428,4720400
1/20/2023,153.8664093,153.8754617,151.6745302,153.0240678,5779100
1/23/2023,153.1780396,154.6634458,152.8157507,153.9841439,5440400
1/24/2023,154.6000366,154.7630624,152.5711836,153.6218404,4125600
1/25/2023,155.7231598,155.7684493,153.3773072,154.2830431,3852800
1/26/2023,154.1743469,155.4876611,154.0113073,155.4604901,4558400
1/27/2023,153.6309204,154.1834199,152.6889611,153.7667891,5451400
1/30/2023,153.5041199,155.2974869,153.196173,153.7758434,5191500
1/31/2023,154.8989563,154.9442459,153.359208,154.1562462,4665500
2/1/2023,155.3880463,156.0764144,153.5312849,154.7721525,4147700
2/2/2023,153.9479218,154.4823026,152.6255413,153.4860015,5653800
2/3/2023,153.1780396,155.1434846,151.3031736,154.844604,5308200
2/6/2023,155.6235504,156.1307603,153.6037494,153.7396181,5640000
2/7/2023,155.3880463,155.8137432,153.304851,154.2377578,6044700
2/8/2023,155.0257416,155.179715,154.1924663,154.8808205,5687300
2/9/2023,156.4930573,159.8533437,155.8228077,158.7936343,9619400
2/10/2023,159.5906525,159.9438889,156.3752875,156.8009844,6176000
2/13/2023,161.0126648,161.4292955,159.4457318,159.6449948,5205100
2/14/2023,159.2012024,160.5416876,158.3135713,160.4058328,5203000
2/15/2023,159.4185638,159.454801,158.1324206,158.5037756,4125500
2/16/2023,158.9656982,160.2246706,158.0871333,158.2682916,4973200
2/17/2023,159.6631165,159.7899189,158.3498022,158.6486967,3952100
2/21/2023,159.5725403,160.6866054,158.2048841,159.029107,5797300
2/22/2023,159.5181885,160.7047002,159.2011892,160.0616355,5299500
2/23/2023,159.6902924,160.3061999,158.4947282,160.0073054,3801400
2/24/2023,159.3732758,159.7083936,157.8606848,158.9204079,2959100
2/27/2023,159.3279877,160.5416703,159.0924875,160.2880654,3208500
2/28/2023,157.1723328,158.5581074,156.8734383,158.3950816,4317100
3/1/2023,155.1797333,156.2032193,153.1780509,156.0764168,5359100
3/2/2023,158.0429688,158.4441739,154.8149891,155.4806404,4476300
3/3/2023,157.8879089,158.1614686,156.2283377,157.7511361,3627100
3/6/2023,158.2071075,158.3530079,157.0399323,157.0399323,3611400
3/7/2023,157.4228973,158.9001003,156.720764,158.3621084,4094900
3/8/2023,157.8514862,158.0794503,156.6387153,157.4593807,2920200
3/9/2023,156.6569214,158.9912714,156.109802,158.3164927,4042100
3/10/2023,156.8666534,158.8818622,155.8909743,157.3225816,4129900
3/13/2023,158.3985748,161.6082992,157.3955273,157.5323002,8265100
3/14/2023,158.234436,158.4897547,156.4472053,157.2861115,6480800
3/15/2023,161.0611877,161.0885423,157.9243997,158.2344276,7099800
3/16/2023,160.951767,161.3985816,159.8666695,161.0429582,4734400
3/17/2023,159.6934204,161.1159142,158.8727413,160.9517728,8854600
3/20/2023,161.9365997,162.0186635,160.0399365,160.9426794,4367000
3/21/2023,162.3195496,162.4654499,160.7420419,162.0004082,3812000
3/22/2023,160.951767,163.5596768,160.8697032,162.1645376,4380800
3/23/2023,160.1675873,161.5992087,159.5931272,160.5414518,4655600
3/24/2023,163.3043823,163.5323465,160.8423725,160.9700318,3713800
3/27/2023,163.6691132,164.726856,163.5049718,163.7511769,4078600
3/28/2023,163.6143799,164.5536047,163.5232026,163.5232026,2850000
3/29/2023,164.7451019,164.9639525,164.1250462,164.7268609,4496000
3/30/2023,164.8910065,165.3469347,164.2071141,165.0460204,2743000
3/31/2023,166.2314301,166.404685,165.3378146,166.1037707,4479800
4/3/2023,166.4137878,166.6508655,164.4988839,165.8666685,3902300
4/4/2023,165.821106,167.1980042,165.1372136,166.1220064,3306400
4/5/2023,167.4533081,168.6569652,166.9244297,167.0976847,3826300
4/6/2023,168.1098633,168.4563732,166.9609291,167.1432976,3389700
4/10/2023,167.0520935,167.6903902,165.6751953,167.6265675,2408100
4/11/2023,166.7967834,167.6721718,166.6508831,167.2527117,3586700
4/12/2023,166.4684906,167.5809564,166.1858174,166.5870364,3620900
4/13/2023,168.1280975,168.3378206,166.0581795,166.5232213,4303600
4/14/2023,167.3347626,167.7998182,166.7967706,167.1797487,2572900
4/17/2023,168.1918945,168.4654542,167.3073928,167.9548169,3224400
4/18/2023,168.5384521,168.8940757,167.5445318,168.483743,2438600
4/19/2023,168.4381104,168.9852297,168.0186503,168.9122796,2209900
4/20/2023,168.994339,169.6417492,167.9639369,168.5475244,3868200
4/21/2023,169.067276,169.9517777,168.8119574,169.5961543,3781800
4/24/2023,169.149353,170.125046,168.7116659,170.0612094,3540200
4/25/2023,172.9883118,173.4168715,169.8241684,170.1159553,6231600
4/26/2023,171.9214172,172.7238554,171.3104751,171.8667081,4481700
4/27/2023,172.970047,173.2071247,170.9821928,171.5931349,4574500
4/28/2023,174.0642853,174.7299366,172.9244647,173.1615423,4608900
5/1/2023,174.7846222,175.3773372,173.5080288,173.6630428,3137800
5/2/2023,175.3043823,175.5323464,173.0247415,174.4928307,3712200
5/3/2023,175.2405548,176.2162478,174.8758178,175.6053057,3389600
5/4/2023,176.3348389,176.8545899,175.2223727,176.0612791,4267600
5/5/2023,177.1463623,177.3378444,175.4320677,175.8241732,4146500
5/8/2023,176.3074188,176.9001198,175.6691083,176.3530005,2249900
5/9/2023,177.0278015,177.5110843,175.7238535,176.7724828,3087600
5/10/2023,177.1463623,178.3408921,175.6873864,177.0004619,4352900
5/11/2023,178.1220093,178.2861506,175.9882688,177.1554438,3690200
5/12/2023,178.8332825,178.9244737,177.7664121,178.1220356,2741000
5/15/2023,177.1463623,179.5263083,176.9001572,179.243635,2946400
5/16/2023,176.3803864,177.3378384,175.5688347,177.3378384,5803100
5/17/2023,175.1311493,176.5262886,174.0186833,176.2709699,4878800
5/18/2023,174.6751862,174.8119729,173.626557,174.4563496,3709400
5/19/2023,174.9305573,175.8606548,174.2557923,175.4959178,3883000
5/22/2023,170.188858,174.5201754,169.979135,174.3378069,5787000
5/23/2023,169.6691284,170.1797658,168.3195709,170.0521064,6382300
5/24/2023,168.5931244,170.2800642,168.1189552,169.8514906,3721000
5/25/2023,167.5992279,167.982206,165.9122878,166.5961802,4712700
5/26/2023,167.3985901,168.0095322,166.3225924,167.5171359,4449300
5/30/2023,165.6022491,166.9517928,164.7724564,166.0125818,4331800
5/31/2023,166.2770081,168.3469119,165.4654565,166.7420498,20414600
6/1/2023,167.2916718,167.750785,166.0153376,167.5028599,5277400
6/2/2023,169.008728,169.2199162,166.8417134,167.1355526,4288300
6/5/2023,169.1281128,170.946197,168.5955398,168.8159192,4311700
6/6/2023,166.7131805,169.9820642,165.6755802,169.8535131,3975600
6/7/2023,165.3817444,166.8784578,165.0052682,165.9326858,5162700
6/8/2023,167.2089996,167.3926421,164.6655091,165.0052483,4036100
6/9/2023,167.4385681,167.8793128,166.198957,166.8509039,3200100
6/12/2023,167.0253754,167.787505,165.9143293,167.5671396,4207100
6/13/2023,166.6947784,167.2916339,166.2724022,167.2365425,2838700
6/14/2023,168.1915131,168.6322578,166.6029855,167.11719,3559300
6/15/2023,170.5238342,170.9462105,168.5129161,169.1923947,4326100
6/16/2023,170.8267975,172.2500509,170.5146039,170.9186257,8925700
6/20/2023,170.1565399,172.5071974,170.0922714,171.2859545,4154800
6/21/2023,170.2667084,171.5981478,169.1281166,170.5330019,3832400
6/22/2023,172.0297089,172.240897,170.6707238,171.460399,3185800
6/23/2023,170.8543854,172.6265555,170.7441887,172.6265555,7592600
6/26/2023,169.7708588,171.1849211,169.0638206,170.9370101,3706100
6/27/2023,170.9920959,171.3502036,168.9169096,169.5688424,5763000
6/28/2023,168.6781921,171.4696083,168.384367,171.0196723,5193900
6/29/2023,168.8434753,168.8526526,166.5570866,168.2649882,5770400
6/30/2023,170.0738983,170.349369,168.8434783,168.9903839,7635100
7/3/2023,170.422821,170.4595439,168.4669944,169.229124,2389000
7/5/2023,171.3226929,171.4236983,169.8443477,169.8718934,5277100
7/6/2023,171.3410492,171.4787775,169.7708759,170.6156425,5592100
7/7/2023,168.108902,170.6799389,168.0629879,170.6248475,6309900
7/10/2023,169.2291107,170.7074556,168.7516291,169.0179226,5508800
7/11/2023,168.9352722,169.6239419,167.5028414,169.3025711,3914300
7/12/2023,168.1915131,169.5137612,168.0170478,168.9352741,6080100
7/13/2023,172.1949768,172.6816356,168.2741466,170.6064492,8223100
7/14/2023,172.8194275,173.205081,171.7910042,172.4980426,4467600
7/17/2023,170.4503784,171.7175214,170.2575447,171.1023113,5637400
7/18/2023,169.3668213,171.5430269,168.7883483,170.2758703,5684100
7/19/2023,171.0288391,171.3410467,169.3393059,169.8718789,4140800
7/20/2023,173.8202515,174.4538299,171.5338628,172.1674412,5056500
7/21/2023,174.6099396,175.8128139,173.8202643,174.5640255,15022100
7/24/2023,175.3077698,175.7760602,174.5915544,175.0047534,4225800
7/25/2023,175.7118225,176.3086641,174.5181253,174.8395101,3521600
7/26/2023,175.9322052,176.6484208,174.5181285,175.4914464,3898900
7/27/2023,173.1132202,176.5657464,172.9938463,176.2994669,4141800
7/28/2023,174.7476501,175.7209678,174.2701685,174.5915534,5602300
7/31/2023,172.1307373,174.0865501,171.5706186,173.957999,5687700
8/1/2023,171.5430756,173.1775176,171.1574081,172.1582856,2853900
8/2/2023,172.9111938,174.4354529,171.1573782,171.3318435,4285900
8/3/2023,171.818512,173.7467929,171.6807836,172.7826524,2857400
8/4/2023,169.5045776,172.6357186,169.2750211,171.8184978,4651100
8/7/2023,171.6073303,171.9011695,169.9637112,170.1289853,3323400
8/8/2023,169.3576813,172.1490834,168.9812051,171.8919811,5017900
8/9/2023,168.9352722,169.871867,167.6956751,168.843458,4413100
8/10/2023,168.7241058,170.4136391,168.5220949,169.1556734,3727200
8/11/2023,168.990387,169.2107664,168.2925399,168.9536641,2873800
8/14/2023,168.6047363,169.7433422,168.1548143,169.3117746,3385600
8/15/2023,166.5203705,168.4578288,166.3183595,168.1731669,3331800
8/16/2023,166.3917999,167.9895048,166.1530521,166.7499076,2633700
8/17/2023,163.8574982,166.5754545,163.7381383,166.391812,4503000
8/18/2023,163.6095581,164.8675377,162.7739828,163.8666744,6020300
8/21/2023,162.5719757,163.407565,161.8190234,163.1963629,4284100
8/22/2023,161.3323669,162.36079,160.9742592,161.7731117,3489300
8/23/2023,163.5544739,163.7013935,161.9475778,162.7556214,4042700
8/24/2023,162.6913452,165.6847722,162.6178994,163.4534748,5709800
8/25/2023,164.7481995,165.014493,163.2973999,163.4994108,4710700
8/28/2023,165.5102997,166.3642435,164.6747103,166.0336954,3189800
8/29/2023,166.1346893,166.4009828,164.3808876,165.5562162,4368600
8/30/2023,166.2724152,167.3559154,165.9418531,166.6213456,3153400
8/31/2023,164.5201416,166.101361,164.4646627,165.8331941,5566700
9/1/2023,162.1159821,165.3431277,161.4871881,165.2691511,4801400
9/5/2023,161.0433044,162.6337654,160.5717056,162.0697064,5081800
9/6/2023,161.5704193,161.8108468,160.4145615,161.746112,5933800
9/7/2023,163.114624,163.7249202,162.0142594,162.606058,4934300
9/8/2023,162.9944153,163.8081294,162.3841191,162.5690535,2995000
9/11/2023,165.4540863,165.9164294,163.5122539,163.5122539,4512700
9/12/2023,164.8437805,165.4448208,164.409177,165.2783841,3331100
9/13/2023,166.147583,166.5729448,164.7883075,164.8992653,3781400
9/14/2023,167.5808258,168.0061875,165.8239282,166.3879872,4118300
9/15/2023,166.2955475,168.1264362,166.0828736,167.7473115,11661200
9/18/2023,165.8701935,167.3681804,164.9917304,167.3681804,3182600
9/19/2023,164.8899994,165.6389927,163.9468158,165.3893236,3369300
9/20/2023,164.9455109,165.9071782,164.1872615,165.6020301,3695800
9/21/2023,162.1714478,164.8992688,161.9402762,164.686595,5351000
9/22/2023,162.0697174,163.1053612,161.2374916,161.7645693,4542300
9/25/2023,161.2005157,162.2269178,160.1371184,161.5241474,3553600
9/26/2023,159.5268402,160.6364606,158.713112,159.9706856,5213700
9/27/2023,156.7990112,159.684027,156.2996729,159.3326418,5729900
9/28/2023,156.7342834,157.3630632,155.5136911,157.1318917,4841600
9/29/2023,156.6788025,157.9733573,155.3842336,157.6682092,5194200
10/2/2023,156.4291534,156.7250598,154.7184925,156.3459351,3838800
10/3/2023,155.0698547,157.1966356,154.4503167,156.142494,4873400
10/4/2023,156.1887512,156.3921833,154.4780761,155.7633894,4134000
10/5/2023,148.0422668,156.0962758,147.8295789,156.0592945,10556400
10/6/2023,148.2179108,148.8004675,144.0938192,146.82164,12774700
10/9/2023,149.2073669,149.2628459,146.6922193,147.9497931,7244500
10/10/2023,152.0183868,152.7396409,149.8268853,151.8796896,11456400
10/11/2023,150.3724518,152.9800734,149.4292821,152.582451,7371500
10/12/2023,146.1743774,150.4001855,145.573323,150.3539625,9024100
10/13/2023,147.9497833,148.1717131,146.0541739,146.6737119,6757100
10/16/2023,148.9484253,149.7528976,147.7648283,148.8744487,5605000
10/17/2023,148.2919312,149.4570449,147.1730687,147.9498018,6411300
10/18/2023,149.8268738,151.0936891,148.7542346,148.892946,6650600
10/19/2023,148.4675903,150.4649156,148.3288931,149.7066663,6336800
10/20/2023,147.9497833,150.0118295,147.6816306,149.2165988,5486500
10/23/2023,148.0237579,149.4292848,147.0805741,147.5799125,5795800
10/24/2023,149.974823,150.5851191,147.6538521,148.3288831,5265200
10/25/2023,150.1228027,151.1861862,149.3090744,149.8453941,4534600
10/26/2023,149.2535858,151.0567209,149.1518698,150.427927,5147000
10/27/2023,147.5983887,149.9286016,146.9233718,149.8176437,5078000
10/30/2023,150.0580444,150.3354531,148.6340342,149.1518561,4625900
10/31/2023,150.9827576,151.0474924,149.4847705,150.6776094,5947400
11/1/2023,152.4530029,152.9708249,150.5019146,151.3433824,6682500
11/2/2023,154.2653503,154.5704984,152.2680254,152.3327602,5413400
11/3/2023,154.2283783,156.096248,154.1359182,155.9760343,4063300
11/6/2023,154.1451569,154.8849085,152.7673837,152.9985552,5784600
11/7/2023,154.589035,155.0791317,153.6088699,154.2376639,4687200
11/8/2023,154.7832031,155.6616521,154.1081862,155.5044571,4926600
11/9/2023,153.6458588,155.2178224,153.322213,154.9589114,5639300
11/10/2023,154.3486023,155.1438329,152.4437512,154.7092293,5552900
11/13/2023,155.1345825,156.0685104,153.9232461,154.4225703,5402300
11/14/2023,155.4489594,155.7541074,154.3208413,155.3010062,6238900
11/15/2023,154.6537628,156.0777733,153.7475743,155.9945549,5611200
11/16/2023,155.0791016,157.1966264,153.867751,155.7078813,5386400
11/17/2023,154.2006531,155.5784405,153.2852228,155.3935061,5583100
11/20/2023,153.978714,154.2098855,153.2389624,153.4978733,4886200
11/21/2023,155.162323,155.2178019,153.4239087,154.5242874,3980000
11/22/2023,156.4753723,156.7990181,155.6246629,155.6709,3235600
11/24/2023,156.61409,157.2151444,156.2257235,156.2257235,1751700
11/27/2023,155.643158,156.9192151,155.43047,156.9192151,3664700
11/28/2023,156.1424866,156.9746984,155.3657537,155.6986412,4056100
11/29/2023,154.5705261,156.3829029,154.0989272,156.3644193,4722400
11/30/2023,156.8020325,156.8672609,153.5689178,154.7708524,7346700
12/1/2023,157.1747284,157.3238097,155.9541551,156.8765657,4897400
12/4/2023,157.5939941,158.3207479,156.7088468,156.9045036,5323300
12/5/2023,156.4759369,157.994673,156.2616413,157.6033309,4553800
12/6/2023,156.0752716,156.8299906,155.3485178,156.5131892,4726600
12/7/2023,156.0286865,156.8113422,155.3205573,156.5318183,4934800
12/8/2023,154.3702087,155.7119126,153.9882073,155.6373719,5115200
12/11/2023,156.3641205,156.6529567,155.0969575,156.0100559,6912600
12/12/2023,156.9697571,157.7244619,156.261642,157.7244619,4515800
12/13/2023,160.2680817,160.3053591,156.6436252,157.034953,6082100
12/14/2023,156.7647705,160.2308337,156.4759343,159.932671,7119300
12/15/2023,155.6000824,157.0070002,155.0876242,156.0193612,17734600
12/18/2023,157.379715,158.6282393,155.9821093,156.5877328,5439500
12/19/2023,156.48526,157.3051933,155.8889488,156.4759478,4855900
12/20/2023,154.3795319,156.0380229,154.3608931,155.1435489,5157800
12/21/2023,155.5721283,155.6932587,154.0999821,155.1342108,4374000
12/22/2023,156.2336884,156.6902447,155.4696712,155.9355398,3030400
12/26/2023,157.3331146,157.8548851,155.8330174,156.2057066,2779200
12/27/2023,157.8362579,157.9201251,156.8672576,157.3703894,3502500
12/28/2023,157.8269653,157.9667202,157.1840644,157.8362776,2911100
12/29/2023,158.2462311,158.4605409,157.6219689,157.7803625,3291500
1/2/2024,161.1066589,161.1811996,157.6405959,157.9480709,5743100
1/3/2024,161.1439362,163.2403447,160.9110019,163.0540001,5588200
1/4/2024,159.7649536,161.6843297,158.9357082,159.8953962,6283200
1/5/2024,157.4076691,159.8581422,156.1218673,159.8581422,5252500
1/8/2024,157.56604,158.1437124,156.3361404,157.4076465,5735600
1/9/2024,155.7584839,156.4293357,154.6031248,156.3361563,6268800
1/10/2024,155.5255432,156.4945577,154.8546914,155.2180683,4394900
1/11/2024,154.7894897,155.7305391,153.5689164,155.7305391,4800700
1/12/2024,155.8516693,155.954161,154.2677191,154.9851464,3546100
1/16/2024,154.8267517,156.0846025,153.9136533,155.8516682,4576600
1/17/2024,155.0783081,155.3485056,154.1465711,154.6590293,4392300
1/18/2024,155.7584839,155.8609755,153.7273039,154.1745337,4709400
1/19/2024,154.4633942,155.8237368,154.2677373,155.7305573,6528600
1/22/2024,153.8391266,155.3299118,153.7552737,154.6311089,5697400
1/23/2024,156.1964111,156.4666086,153.1403145,153.3266591,4932700
1/24/2024,154.2956543,156.2895709,154.2211136,156.1963915,4984700
1/25/2024,155.1901245,155.227402,153.680715,154.4913217,5373800
1/26/2024,156.4013519,156.5597455,155.2273686,155.2273686,4849000
1/29/2024,156.6715851,157.1840433,155.96347,156.0939126,5713600
1/30/2024,158.0412292,158.1157699,155.8982455,156.2243449,4804200
1/31/2024,157.02565,158.7493693,156.4200266,158.3580415,5769200
2/1/2024,159.979248,160.0724274,155.7584804,157.0256433,4920800
2/2/2024,159.2991028,160.2215277,158.488496,159.5506758,5307700
2/5/2024,159.2524719,159.8674217,157.5101284,158.9077338,5142700
2/6/2024,159.7183685,160.1003841,158.3394016,159.7463195,5182700
2/7/2024,159.7649536,161.0973308,159.6811007,160.845772,5769700
2/8/2024,161.9824982,162.2154324,159.7090574,159.9978936,9269700
2/9/2024,156.2243652,159.6904285,155.5721521,159.5133962,12731700
2/12/2024,158.9636536,159.3922588,155.7864269,156.4013768,7867500
2/13/2024,157.3517456,159.7463022,155.8236975,159.5320067,7302000
2/14/2024,156.0845947,157.1281357,154.7242524,156.8486117,5731900
2/15/2024,156.4013519,156.8765326,155.301895,156.4852048,4451400
2/16/2024,154.9665222,155.9821122,154.3701968,155.7957677,5246000
2/20/2024,157.1374512,157.9480721,155.777123,156.2895812,6117900
2/21/2024,157.3051605,158.562997,156.4013745,158.3487014,4192600
2/22/2024,156.7647705,157.3051797,154.7615414,156.1964103,7539200
2/23/2024,158.0226135,158.6282369,156.3454839,156.4759266,6409800
2/26/2024,156.7740631,157.8548814,156.2616191,157.8548814,3837000
2/27/2024,156.6808777,156.7367796,155.9261731,156.3640906,3567600
2/28/2024,155.6280365,156.9976911,155.0876273,156.6436265,5275300
2/29/2024,155.2290192,156.4870712,154.8253217,156.0458261,8489400
3/1/2024,154.5248718,154.9098027,153.2668199,154.7783646,6109900
3/4/2024,155.2572021,155.5200783,153.5954524,154.3934642,4303700
3/5/2024,152.1308289,155.3792472,151.914898,155.1163711,6631300
3/6/2024,153.032135,153.9615991,152.1308352,152.1496161,5302500
3/7/2024,153.1354065,153.8770897,152.562709,153.8019945,5801600
3/8/2024,153.079071,154.1587398,152.1777712,152.3937165,6065300
3/11/2024,154.6563263,155.3041333,153.3231647,153.8958622,5404800
3/12/2024,154.4779663,155.3041567,153.9334473,155.0412806,6158500
3/13/2024,155.1914673,155.9800956,154.6657151,155.0037007,4585800
3/14/2024,154.7032623,156.0927524,154.1587292,156.0927524,5155300
3/15/2024,154.5906372,155.2666086,153.6330087,154.9661705,21887300
3/18/2024,160.7870178,161.6507558,156.7405874,156.8344779,10478500
3/19/2024,161.2939606,162.0919721,160.5428799,160.6367704,7653700
3/20/2024,161.3503265,162.5145026,160.6555743,161.7634217,5046700
3/21/2024,161.9042511,162.8149343,160.5898703,161.4066631,4343000
3/22/2024,161.5005493,162.5145063,161.2564398,162.4393968,4106400
3/25/2024,162.0450745,162.5051005,161.5850341,161.6695269,3941900
3/26/2024,162.167099,162.3924275,161.3127588,161.6413468,4593000
3/27/2024,162.9557343,164.0072387,162.4675296,163.3594317,4911300
3/28/2024,164.307663,165.0587437,163.7068013,164.0729511,5710400
4/1/2024,162.401825,165.4530791,162.0920036,164.8334507,4815400
4/2/2024,160.9560089,163.2374013,160.8808994,162.3642801,5158500
4/3/2024,159.3036346,160.4678107,158.3835681,159.6040727,5828000
4/4/2024,159.2754669,161.2752166,158.9750432,160.4678072,5422600
4/5/2024,158.7966461,159.5758912,157.7920869,159.0407413,4412200
4/8/2024,159.2097473,159.6510067,158.4211189,158.8060355,3755700
4/9/2024,160.1767731,160.2800469,158.4117352,159.8200064,3773900
4/10/2024,158.6182556,159.2566793,157.5104226,159.2003507,4581500
4/11/2024,158.0643463,159.4820007,157.5104298,159.2472889,4241500
4/12/2024,157.8202515,158.205168,157.0879516,157.4353206,5453500
4/15/2024,156.7405853,158.9938279,155.8768474,158.8623898,5133200
4/16/2024,157.256958,158.2051888,156.6842605,156.8156985,4569700
4/17/2024,159.11586,159.3224076,157.9235341,158.7497101,4069200
4/18/2024,161.7352448,162.1201613,159.6979476,159.6979476,5574700
4/19/2024,163.4815063,163.6129444,161.2939901,161.7446329,6636700
4/22/2024,165.6690369,166.3637748,163.38763,163.7443966,7288700
4/23/2024,160.7494659,164.1856511,159.7355089,164.0166511,9145000
4/24/2024,166.5609283,167.1993377,157.3977681,158.1957942,10016700
4/25/2024,165.8755341,169.5839924,165.0681391,167.3776955,7441500
4/26/2024,164.8428192,167.6499779,163.6786433,163.7725338,4472100
4/29/2024,165.368576,165.537576,164.3170716,164.7677143,3224500
4/30/2024,165.1526489,165.6784012,164.1480753,165.4906346,4465100
5/1/2024,164.4391174,165.4530743,163.040244,164.7301722,4340500
5/2/2024,164.7207642,165.5375711,163.8758073,164.8428189,3964800
5/3/2024,165.3779449,165.6971639,164.2982763,165.049357,3491900
5/6/2024,165.0681458,165.9506502,164.4203388,165.9506502,3576200
5/7/2024,167.1335907,167.2556311,165.7159222,166.1759625,3708000
5/8/2024,166.5609283,167.9410352,166.3543808,167.7814329,3400900
5/9/2024,167.1711731,167.5185421,166.2604899,166.4200923,2421400
5/10/2024,168.7953644,169.1427477,166.748684,167.0678886,4201600
5/13/2024,169.8375092,170.260002,168.8517307,169.4713592,4408100
5/14/2024,168.8704834,170.1942617,167.6781575,169.9783308,3508600
5/15/2024,168.4855499,169.3680544,168.0536738,168.2790024,4785100
5/16/2024,171.9123535,172.1940106,168.4855661,168.6451685,5984700
5/17/2024,171.0486298,171.7715464,170.7106441,171.424163,4449100
5/20/2024,169.2835846,170.9922939,168.9080513,170.9547319,3221100
5/21/2024,170.006485,170.4759087,168.8047615,170.4007992,3288100
5/22/2024,170.9547119,170.9922738,168.9737434,169.4150028,4047000
5/23/2024,168.3071899,170.7669657,168.0912447,170.2412134,4009000
5/24/2024,167.1054535,168.4479984,166.9927821,168.4010532,3447400
5/28/2024,162.7773438,165.4999951,161.3878395,165.4530499,6178100
5/29/2024,160.6837463,162.5896056,160.2800488,161.88547,5352100
5/30/2024,160.0547028,161.2094954,159.9795932,160.8715097,3903100
5/31/2024,162.3267212,162.3924474,159.1534265,159.5007955,8155600
6/3/2024,160.7588501,162.3267237,160.5710835,162.157738,5032400
6/4/2024,163.2561951,163.7256188,160.3739406,160.7400906,4619100
6/5/2024,162.880661,163.3313038,161.4442255,163.209249,5370700
6/6/2024,162.6083832,163.7349973,162.1201785,163.359464,5536700
6/7/2024,161.8466492,163.2376383,161.5722429,162.2819307,3521100
6/10/2024,156.9829254,161.2126656,156.7179765,160.9666457,9429400
6/11/2024,156.1975403,156.5665773,154.7213777,156.0082787,8284500
6/12/2024,155.0241699,156.4435452,153.7088827,156.0177355,6281100
6/13/2024,154.5510712,154.7687047,152.857275,153.3682582,5432600
6/14/2024,155.0052643,155.5540912,153.794065,154.361821,3603300
6/17/2024,157.210022,157.4655136,154.0400777,154.7024645,5412200
6/18/2024,157.5317383,158.0900369,156.3678545,157.172173,3519500
6/20/2024,157.720993,158.6293997,156.8220581,156.8220581,4942400
6/21/2024,158.2887421,159.9825381,157.5033526,158.2225121,10899100
6/24/2024,159.0457611,160.493523,158.1089681,158.4969342,4476900
6/25/2024,158.3549805,159.8784439,158.2603497,159.0457391,4217300
6/26/2024,157.777771,158.0332482,155.9893586,156.9734525,4778300
6/27/2024,157.3235626,158.2603556,156.3867841,157.673685,4326500
6/28/2024,156.0650482,157.2857191,155.7717129,156.4151706,8755900
7/1/2024,154.1346893,157.1343006,153.8413541,156.1691214,4508000
7/2/2024,154.7876282,155.6297904,153.595358,154.7119264,4650800
7/3/2024,153.8602905,155.3080522,153.254691,154.1630831,2879600
7/5/2024,155.5540771,155.6770943,153.7372784,153.8981392,4208200
7/8/2024,153.4060974,154.9484901,153.2168502,154.295575,5268800
7/9/2024,153.1978912,153.8224198,152.819397,153.4723119,5801200
7/10/2024,154.7970886,154.9674212,152.0245821,153.1411505,7372300
7/11/2024,155.1377258,156.0272034,149.5359261,150.5484208,10258600
7/12/2024,157.4371338,158.9984411,156.0934601,156.0934601,6677000
7/15/2024,155.0525665,157.3614194,154.8538476,157.0869988,4551800
7/16/2024,155.9042053,156.1691543,154.0874063,154.626776,4461700
7/17/2024,160.7584534,160.9287859,156.9734524,157.1153842,7671000
7/18/2024,161.2126465,163.3890249,159.3390751,159.6418821,6228600
7/19/2024,160.2569427,161.3262102,159.4147806,161.1274912,5332800
7/22/2024,158.6483307,160.5881467,158.3549954,160.1623225,5308400
7/23/2024,157.3424988,159.3107011,157.247868,158.7713315,3344300
7/24/2024,159.1309204,159.6040456,156.0839931,157.3425078,5867000
7/25/2024,161.827713,164.1649522,159.7838091,160.3799514,6270900
7/26/2024,163.4647522,163.4742095,161.5533224,161.5533224,5746300
7/29/2024,163.9000244,164.1649733,161.6668731,163.0294614,4152700
7/30/2024,163.8716278,164.1271194,162.3292496,163.4079744,4994600
7/31/2024,163.3890381,165.3004677,163.001072,164.571851,6245600
8/1/2024,165.555954,166.1236955,163.228172,163.2565583,5994500
8/2/2024,168.4703827,170.2777241,164.4961347,169.2273858,6856100
8/5/2024,164.6853943,171.1861436,163.8527038,169.8708563,7502300
8/6/2024,163.2187195,166.7387718,163.0957023,163.9662509,7287100
8/7/2024,162.5563202,165.0165766,162.1210532,162.3954594,5428900
8/8/2024,163.1051483,163.7012906,160.68275,161.0612588,5112500
8/9/2024,163.1240845,163.4931215,161.2315839,162.8402065,3223000
8/12/2024,162.2062073,163.5782672,161.5343777,162.9821394,3802300
8/13/2024,163.1051483,163.1524637,161.0707161,162.3954606,3894700
8/14/2024,164.3731537,164.9692816,162.6888148,162.9726928,3555800
8/15/2024,163.2471008,164.9314252,162.5941858,164.373141,4472100
8/16/2024,163.3417053,163.4931088,161.9128727,163.247089,4614600
8/19/2024,164.4772339,164.628623,163.1714039,163.3795801,3521700
8/20/2024,166.3981323,166.5684505,163.2281878,164.2028245,5330100
8/21/2024,165.7925262,167.3159899,165.2342276,166.4832849,4020700
8/22/2024,166.2940369,166.6157585,165.3099284,166.3791959,5265900
8/23/2024,166.4170074,167.1834677,164.33526,167.1361668,5283600
8/26/2024,166.5116577,167.3348908,166.2845525,166.8428511,4146700
8/27/2024,165.8776703,167.3727474,165.1395963,166.8333778,3520600
8/28/2024,164.5718231,166.2940053,164.032468,166.1142155,3915500
8/29/2024,162.8401947,164.6096924,162.6698766,164.4204308,4654300
8/30/2024,163.587738,164.2311812,162.0453456,162.8118059,8677300
9/3/2024,167.9972687,168.3284621,162.6415031,163.1146282,7032100
9/4/2024,168.9245911,169.993844,166.8144427,168.3379061,6188500
9/5/2024,169.6626892,170.0695699,167.9783648,169.1233196,5743100
9/6/2024,169.0858154,170.2681056,168.761644,169.1811668,6395300
9/9/2024,169.8962708,170.4683354,167.6747173,168.8093319,4666200
9/10/2024,169.5339355,170.7639014,169.3718498,170.3348347,4315800
9/11/2024,167.5984344,169.4767433,166.3112635,169.1811743,4036000
9/12/2024,169.0000305,169.4195534,165.8536237,167.5984494,4222800
9/13/2024,169.1048889,169.6769681,168.1609626,169.1906964,3290400
9/16/2024,168.9618683,171.0785263,168.1418959,170.6685474,4940100
9/17/2024,168.6376953,169.8009124,168.0942332,168.7616492,6305100
9/18/2024,167.0549774,169.7723174,166.3112686,168.6281735,5307900
9/19/2024,166.5305634,168.0179518,166.0442917,167.5698265,5504000
9/20/2024,163.2125397,165.682001,162.2972303,164.5378571,12198400
9/23/2024,164.0992584,165.8440841,162.7834849,162.9169681,5350300
9/24/2024,162.0112,163.6130132,161.6107503,163.0314046,7837900
9/25/2024,161.5153961,162.8216404,160.905185,162.4688519,4505100
9/26/2024,161.7918854,163.0409099,160.8288859,161.3437601,5673600
9/27/2024,162.0874634,163.6606594,161.7823506,162.0493316,7545800
9/30/2024,162.1351471,163.7464896,161.6870217,162.6404775,5054300
10/1/2024,163.4032593,163.9371922,161.8681949,163.3174372,7095900
10/2/2024,161.658432,163.7465025,160.6763737,163.5176679,5786000
10/3/2024,160.6858673,161.2388733,159.3891671,160.3140202,5090300
10/4/2024,160.1519623,160.6572927,159.055494,159.3701216,4390100
10/7/2024,159.4273376,160.1138124,158.7122459,159.9135948,5459500
10/8/2024,162.487915,162.7072058,159.0840858,159.9135876,8297800
10/9/2024,164.5092316,165.214794,161.2293563,161.4963228,7177500
10/10/2024,164.9382935,165.0050278,163.2506729,164.061116,5292400
10/11/2024,166.673584,167.0263579,164.8238776,165.9012872,4720300
10/14/2024,167.9035492,168.0656349,166.3208093,166.8166103,4535900
10/15/2024,167.7128448,169.133499,166.9691506,168.1514409,5802300
10/16/2024,166.3589478,167.1693909,165.5485191,166.8642781,4400900
10/17/2024,166.5401154,167.3028829,165.6152621,166.2636196,4125900
10/18/2024,166.9119263,167.1693633,164.1087646,164.2803942,5097000
10/21/2024,166.8642731,169.2383829,166.2350034,166.3398841,6436300
10/22/2024,166.2540436,166.8070496,165.4340712,166.3875268,3790500
10/23/2024,164.9001617,165.7487367,164.4425071,165.6152535,3800700
10/24/2024,164.1469421,165.4627012,163.7083461,164.8715633,4244900
10/25/2024,163.7941437,165.9012871,163.6129993,164.4425011,4442600
10/28/2024,161.934906,164.9287562,161.8300253,164.9287562,5186400
10/29/2024,159.7038116,161.3246832,159.1984813,161.3246832,5127900
10/30/2024,158.4738617,159.8372962,158.3499078,159.2270852,4801500
10/31/2024,158.3499298,159.7038352,158.0924927,158.369003,5582400
11/1/2024,157.8827362,158.5120205,157.5204329,158.3594641,6339000
11/4/2024,158.5978241,158.893393,157.5013558,157.8827323,4885500
11/5/2024,160.0375519,160.1424326,157.9590108,158.2259772,3678300
11/6/2024,157.0436859,159.6180132,155.9853496,159.5798669,7849300
11/7/2024,156.366745,157.2248494,155.8614146,156.8434729,5333500
11/8/2024,157.4250488,158.1020087,156.0329973,156.2141562,4618300
11/11/2024,156.6146088,158.4166392,156.3476424,156.7576358,3762000
11/12/2024,156.6909027,157.3201869,155.5562881,156.4525388,5386600
11/13/2024,157.0722809,157.1294859,154.8125812,155.8804614,4145000
11/14/2024,157.4632111,159.1222293,156.204657,157.0723053,5422700
11/15/2024,151.2371521,156.7290667,150.6936899,156.7290667,9108900
11/18/2024,150.9606323,152.409889,150.4171556,151.9903662,6991300
11/19/2024,149.4255829,150.5220512,148.5960811,150.4076411,8248900
11/20/2024,151.3515625,151.7043365,148.9297769,149.1681408,5067300
11/21/2024,152.8770752,153.0296316,150.5983168,151.0178396,5977000
11/22/2024,154.4598236,154.5170286,152.4480315,153.4110165,5846300
11/25/2024,155.4609375,155.9757971,154.4598062,155.1272222,8580400
11/26/2024,154.612381,156.0616232,154.3644732,155.6707174,4653600
11/27/2024,155.1463318,157.4441638,154.1547296,154.4026374,3622900
11/29/2024,155.8423157,155.9757989,153.4586767,153.9163313,2799300
12/2/2024,155.4609375,156.0330021,154.2309716,155.7183746,4967400
12/3/2024,154.1737671,155.460938,153.9068007,155.2607059,4277400
12/4/2024,152.7245178,153.5349609,151.9903675,153.124982,6964600
12/5/2024,153.0200958,153.5158823,151.437356,153.4396041,5229600
12/6/2024,151.7267761,154.6211237,151.6306275,153.2268441,8359200
12/9/2024,153.3422241,155.2942184,151.1017547,151.8421709,8380400
12/10/2024,153.697998,154.2557128,151.303688,152.8902793,5329400
12/11/2024,150.7459717,154.3422493,150.2555595,154.0537888,7925900
12/12/2024,152.7941132,153.2749002,151.8998563,152.9768146,6849500
12/13/2024,151.8998718,153.4383964,151.0248358,151.4767768,4353900
12/16/2024,150.0247955,152.717206,149.8901757,151.7844779,6696500
12/17/2024,150.1401825,152.409498,149.2747717,149.7555587,6572600
12/18/2024,148.4958801,149.8420927,148.188184,149.0728305,7620900
12/19/2024,145.6496277,148.1593366,145.5919356,147.207373,9829500
12/20/2024,146.9188995,147.5920131,144.7265118,145.0630686,19205200
12/23/2024,145.4765625,146.5535356,143.9572881,146.5535356,6822200
12/24/2024,146.9381409,146.9573765,144.6303688,144.716907,3399800
12/26/2024,146.5823669,147.2939224,146.390055,146.6689051,5528500
12/27/2024,147.0150604,147.5727752,145.44769,145.476536,4287000
12/30/2024,145.8900452,147.2073972,145.2842487,146.7939273,5397000
12/31/2024,146.2169647,147.265077,145.1400064,145.9669607,4274800
1/2/2025,144.4380493,147.755477,144.1303386,147.0054504,4970200
1/3/2025,143.8995667,145.1592411,143.8130285,145.1592411,5218100
1/6/2025,140.6494598,144.1880458,140.485994,143.8515036,9470600
1/7/2025,139.8128662,142.2841187,139.7551741,140.8321471,7473300
1/8/2025,140.9090576,141.0340669,139.0051451,139.8128638,6791800
1/10/2025,137.1589203,139.9763399,136.0723369,139.4282356,9632700
1/13/2025,138.947464,139.5628709,136.6781484,137.3031657,8101400
1/14/2025,139.3801727,139.5628742,138.0435852,138.6493816,6996400
1/15/2025,139.2167053,140.5821389,138.6301445,139.8994294,7141600
1/16/2025,140.9090576,141.1494511,138.1685803,138.5147476,5068000
1/17/2025,142.55336,142.9091377,141.5148582,142.0437269,7338900
1/21/2025,142.8418427,144.0245747,142.091816,142.6302952,7456200
1/22/2025,142.3995056,143.707247,142.1110304,142.5341254,5905100
1/23/2025,142.9091492,143.2168599,140.9763904,142.7841545,4759100
1/24/2025,143.3899231,143.5726245,142.4379741,143.1014626,4509600
1/27/2025,148.6689758,149.4959302,145.1015294,145.120765,9820600
1/28/2025,144.476532,148.6689963,144.3515226,148.2266657,6349700
1/29/2025,144.5919037,146.1592743,144.4572839,145.3227094,4874100
1/30/2025,146.0630951,147.1977601,144.8419066,145.4669239,4671300
1/31/2025,144.8996277,145.8612019,144.4957683,144.9669303,4905500
2/3/2025,144.4957275,145.3226818,143.1110586,144.0053154,7196200
2/4/2025,137.9762726,142.072573,137.505096,140.4859816,12804900
2/5/2025,140.0628967,140.1878914,137.2166307,137.8801193,9248100
2/6/2025,139.764801,141.2552291,138.4282136,140.6398223,5604900
2/7/2025,139.0244141,139.5725038,138.3705359,139.437884,5872300
2/10/2025,138.8032379,138.9667038,137.5147174,138.8032379,8715400
2/11/2025,140.0436554,140.1205831,137.8897241,138.8224521,6354000
2/12/2025,138.4570618,139.2166989,137.5339442,138.5051287,6658200
2/13/2025,139.0244141,139.3705814,138.0820754,138.6878572,7175300
2/14/2025,137.8801117,140.5532866,137.8224196,139.1109254,5001800
2/18/2025,138.5628357,138.6109027,136.1589004,137.408935,8738700
2/19/2025,140.2071228,140.322507,138.6109062,138.6878339,5777300
2/20/2025,143.3707275,143.4572657,139.4282672,139.534041,6789800
2/21/2025,147.6016235,148.6112793,143.1783768,144.2265037,10604400
2/24/2025,147.9381866,150.3132759,146.2746528,146.4862003,7187000
2/25/2025,150.4094238,152.3710433,148.0824162,148.8420533,9474600
2/26/2025,145.6880951,149.630555,145.3323174,149.5920985,9076500
2/27/2025,146.1785126,146.8227655,144.1688114,145.1015395,6731000
2/28/2025,147.5727844,149.140155,146.4958261,147.7939424,8455500
3/3/2025,149.9959564,150.1497971,144.7169091,145.534253,8321700
3/4/2025,148.2651062,153.9960794,148.0439483,151.2940586,10274200
3/5/2025,147.9670258,149.3709157,146.8612067,147.0535186,5578700
3/6/2025,148.6689758,149.0151431,146.6688999,148.2458809,8421000
3/7/2025,149.818512,152.8742449,148.1984871,148.6641194,8997700
3/10/2025,151.5743561,155.2897485,150.7206846,151.2154327,11156900
3/11/2025,147.7716522,151.3803355,147.2672086,151.1281063,7981600
3/12/2025,143.7361298,145.0554334,142.1258004,143.1249773,8330200
3/13/2025,143.9010468,145.9770085,143.6294267,143.9301478,5351100
3/14/2025,144.1435699,144.6965203,142.6787607,142.7272675,5277500
3/17/2025,146.8112793,147.1314061,144.6674199,144.7644186,5449500
3/18/2025,144.531601,146.7724737,144.2987774,145.5113722,8158600
3/19/2025,143.677948,144.4249106,142.3974407,143.7264548,6080100
3/20/2025,142.7466583,143.6391412,142.251925,143.144393,4536400
3/21/2025,141.0975342,143.2802049,140.418484,142.6011548,11574800
3/24/2025,142.0675964,142.329521,140.4960784,141.136332,5968900
3/25/2025,141.1848297,141.9220968,140.4960842,141.7765766,4763300
3/26/2025,144.1920776,144.8614324,141.3885589,141.6310779,5882200
3/27/2025,145.1912537,145.9091151,144.6286079,145.1136458,5397500
3/28/2025,144.8032227,146.8500832,142.7078553,145.9382096,8550900
3/31/2025,145.453186,148.0238813,145.2688692,145.7054004,9985700
4/1/2025,145.1912537,146.2777339,144.2211778,145.986723,6072800
4/2/2025,144.6577148,145.9964243,143.639147,145.7344997,5866200
4/3/2025,146.8403778,149.4401888,146.3456444,147.1508092,8216200
4/4/2025,142.2228241,150.2841522,142.057913,148.4119129,12911400
4/7/2025,138.9051666,141.728091,136.4605713,137.0911295,14423200
4/8/2025,136.1016388,141.0490165,134.9860427,139.6424096,9488900
4/9/2025,141.2333374,141.5825653,134.1905922,136.053136,14067000
4/10/2025,139.8267212,142.7369485,138.6432276,141.068417,10980300
4/11/2025,140.1080475,140.9423133,137.8671746,140.8065033,8563300
4/14/2025,142.3586273,142.7757528,139.2058809,139.8461345,5393800
4/15/2025,138.5656281,141.6116656,138.3619204,141.4758555,5459600
4/16/2025,135.8979187,140.0789431,135.5875021,139.7976277,7878600
4/17/2025,138.5656281,139.2737941,135.8785287,136.1404385,6131400
4/21/2025,137.4888458,138.5559352,136.3635691,138.2358084,7412800
4/22/2025,139.1670837,139.9625382,137.7022598,138.0223866,7144700
4/23/2025,138.0029907,139.7006235,136.635195,138.9827768,7760000
4/24/2025,131.2609558,137.6052599,130.5042979,137.2172207,15577300
4/25/2025,129.3887177,131.5519826,127.8559961,131.4161726,11544700
4/28/2025,129.7573395,131.3579735,129.1171007,129.8931495,8498600
4/29/2025,130.2908936,130.4364138,127.5843883,128.5156529,7010700
4/30/2025,131.5228882,132.1049248,129.1171042,131.5713949,7923500
5/1/2025,129.5536194,130.7759095,129.2528983,130.4460873,6807000
5/2/2025,129.7476349,130.3781782,129.1655835,130.1356593,7169700
5/5/2025,128.0403137,130.0289573,127.7589834,130.0289573,8972200
5/6/2025,126.8277054,127.952982,126.2650597,127.952982,6889900
5/7/2025,127.9723969,128.6999537,126.3717777,127.0314221,6313200
5/8/2025,127.4970474,129.0006678,127.3321363,127.9432888,6392400
5/9/2025,126.5366974,127.7104809,126.2844682,127.225443,4770500
5/12/2025,127.7395782,128.3701364,126.1680601,126.9247181,8392700
5/13/2025,126.4105759,127.7007785,125.8673358,127.2448417,8650200
5/14/2025,124.6062393,126.274771,124.043601,126.1777723,10463000
5/15/2025,127.5649719,127.6134787,124.9554656,125.3240991,9165100
5/16/2025,128.0306091,128.3022292,126.7404064,128.1373181,8896400
5/19/2025,127.8462982,128.3022351,127.1866537,128.1761353,9406200
5/20/2025,127.8559952,128.2149185,127.419464,127.8074884,7624200
5/21/2025,126.2553635,127.9529962,126.1680602,127.8559975,9243700
5/22/2025,126.2262573,126.7889031,124.9651706,126.1292586,7140200
5/23/2025,125.4696045,125.8770346,123.9271875,125.6830224,8122500
5/27/2025,127.438858,127.5261761,125.2658976,126.1874667,13974800
5/28/2025,126.7598114,128.2343309,126.5657992,127.3612537,9431500
5/29/2025,127.9723969,128.1179171,126.3523721,126.9441189,6656900
5/30/2025,127.5164642,128.7484647,127.3612485,128.1955144,12992100
6/2/2025,126.99263,127.1090344,125.207694,126.9829198,6723700
6/3/2025,127.9045181,128.2537461,125.9255549,126.7210243,7339500
6/4/2025,127.7978058,128.7678817,127.1769578,128.2828437,6519700
6/5/2025,127.1866531,127.4776789,126.3135907,127.2739564,9560800
6/6/2025,127.5230255,128.1506857,126.8463263,127.7387851,7628200
6/9/2025,127.4543915,128.1310758,126.689416,127.3268931,8453100
6/10/2025,129.2883148,129.572717,126.9640133,127.6897365,11852900
6/11/2025,127.3955307,129.4256284,127.2876509,129.396208,9168400
6/12/2025,129.7492676,129.778688,127.2092062,127.3857286,11444900
6/13/2025,128.3272247,130.4946077,128.0722279,129.2196686,9581000
6/16/2025,128.8764191,129.5433015,127.7191617,128.7783411,11183700
6/17/2025,126.797287,129.1510241,126.6403832,128.6312436,10235200
6/18/2025,126.581543,127.1797678,126.1107866,127.1307438,8785800
6/20/2025,126.581543,127.905506,126.4148074,127.0326658,23001000
6/23/2025,126.6011505,127.0032493,125.3556393,126.7972915,12840400
6/24/2025,128.5233765,128.6802953,126.5619362,126.6501974,9226800
6/25/2025,125.5517883,128.0722311,125.1693006,127.7485917,10922600
6/26/2025,125.7479324,126.6698117,125.1398833,125.2477631,11538100
6/27/2025,128.5135498,128.8077688,125.6400472,125.8165696,26536500
6/30/2025,129.4942627,129.8081003,128.0722217,128.6704615,11402400
7/1/2025,132.6521912,133.7604096,129.9159888,130.0336704,12846700
7/2/2025,133.8486633,134.3586419,132.2795203,132.6423819,9388700
7/3/2025,132.7698975,134.1919387,132.6325972,134.0644403,4941400
7/7/2025,131.8578033,133.103322,131.1026447,132.9169828,7773700
7/8/2025,132.4364166,133.054275,130.7103549,130.8378533,7718300
7/9/2025,131.8872375,132.7698946,130.3965537,132.2991382,7762600
7/10/2025,133.4563904,134.0448135,131.0536292,131.8381933,8869700
7/11/2025,132.6521912,132.7796896,131.2301501,132.2402905,7963600
7/14/2025,132.9562225,133.2602434,131.2791847,132.1520249,8480300
7/15/2025,131.2301483,132.8973694,131.1713075,132.81891,8933500
7/16/2025,132.7404785,132.8973824,131.1713203,131.3674613,10941600
7/17/2025,142.6359406,143.1459192,138.909201,138.9680418,26161000
7/18/2025,140.4783478,143.5283878,140.1841288,143.4401116,13752800
7/21/2025,138.9680328,140.8215932,137.7519495,140.3410499,9025600
7/22/2025,143.22435,143.5774098,138.5070889,138.5070889,8281500
7/23/2025,142.8516846,144.1952662,142.292667,143.0478256,6166000
7/24/2025,141.7238464,143.6460643,141.204066,143.0086022,9749400
7/25/2025,140.6842957,142.0278924,139.9487556,142.0180756,7021600
7/28/2025,138.8405457,140.3410461,138.7326658,139.9487491,10639100
7/29/2025,141.1158142,141.2138922,138.4090321,138.8405514,6282900
7/30/2025,140.1056671,141.6159694,139.5466495,140.998126,9738400
7/31/2025,135.26091,138.8405473,134.9863096,138.261911,11689700
8/1/2025,136.594696,137.1144765,135.6237777,136.4181736,7630500
8/4/2025,136.8692932,137.6146501,136.0749123,136.6044946,8384700
8/5/2025,136.7614136,137.6440706,136.5750744,136.9085306,5535100
8/6/2025,138.0853729,138.8503333,136.6731338,137.202716,6747400
8/7/2025,141.1452332,141.5277134,137.7715537,138.5169105,7674600
8/8/2025,142.4103699,142.5672737,141.027551,141.1452326,5315100
8/11/2025,142.0769196,142.792856,140.9785178,142.5182556,5773400
8/12/2025,144.0383606,144.1756608,141.9298183,142.7438178,7668700
8/13/2025,146.4705505,146.6568748,144.0187503,144.0579725,6147000
8/14/2025,145.7546082,146.6176466,145.1956055,146.1665088,6892500
8/15/2025,147.5002899,148.1868059,145.627126,146.5097681,9162200
8/18/2025,146.666687,147.6474071,146.0488286,147.6474071,9901000
8/19/2025,149.2263641,149.3832829,146.9707051,147.1080053,8596900
8/20/2025,147.8239288,151.6291274,145.8232665,150.2561253,10023500
8/21/2025,146.107666,147.4218422,145.7350026,147.4218422,8153600
8/22/2025,146.7549438,148.2652461,146.2155448,146.7647457,5218000
8/25/2025,145.3426971,145.9507537,144.7346555,145.5682585,6624300
8/26/2025,144.1658478,145.3917478,142.9987885,144.6562078,11208100
8/27/2025,144.7935181,144.9406201,143.4891585,144.1658578,8092900
8/28/2025,144.146225,145.1857858,143.410685,145.1073414,9265100
8/29/2025,145.7840424,146.34306,144.0383617,144.2639381,7760700
9/2/2025,147.3826141,154.7576334,147.3139715,154.4045736,17348600
9/3/2025,145.774231,147.5591487,144.2737304,147.0589719,11259200
9/4/2025,144.0579681,146.5882277,143.6264489,146.1469066,6342200
9/5/2025,144.9720306,146.4476036,143.8727818,144.5858089,7186300
9/8/2025,140.3373718,144.3085246,138.9905445,144.3085246,11127600
9/9/2025,141.713913,142.2387781,139.7332853,139.8124971,5866400
9/10/2025,141.2781677,141.7238059,140.0501732,140.8523249,6015100
9/11/2025,142.8329468,143.3479142,141.1197082,141.50593,6144400
9/12/2025,142.13974,142.8527671,141.5158375,142.6745179,5713700
9/15/2025,139.2777252,142.1397314,139.1687901,142.0109857,7279600
9/16/2025,138.6736298,139.9412301,138.5547969,139.3272404,9283500
9/17/2025,139.8620148,140.6641665,138.792474,138.8122846,6092900
9/18/2025,139.3668518,140.2581433,139.0301488,139.2777272,6106600
9/19/2025,140.3868713,140.703779,139.0994756,140.0897893,12365500
9/22/2025,139.6639557,140.1492149,138.5845173,139.7134744,5797600
9/23/2025,140.5255127,140.852318,138.6043167,139.6738423,6356500
9/24/2025,140.7929077,140.9612592,139.6441401,140.4363942,5949100
9/25/2025,138.5646973,142.0307954,138.5052809,141.6148654,7101700
9/26/2025,139.0796661,139.6243417,138.4953846,138.5845093,6224700
9/29/2025,138.8122864,139.3074433,137.7724538,139.0796753,11930200
9/30/2025,139.0796661,139.6639476,138.4755741,138.8122772,7583400
10/1/2025,141.7535095,141.9812775,139.1192713,139.4460767,5880800
10/2/2025,140.9315491,141.8624464,140.0006517,140.5156191,4497300
10/3/2025,140.6047516,141.9713895,140.4859188,140.8820382,5425700
10/6/2025,138.3468323,140.476016,137.5347828,140.3967891,6750700
10/7/2025,139.4262695,140.466102,138.3369334,139.0103396,6110300
10/8/2025,137.495163,139.6144339,137.3466219,139.4262718,8256700
10/9/2025,143.3083191,143.3380273,137.2475883,139.0994854,13706600
10/10/2025,148.626297,149.3591346,143.5955011,144.2194036,17545200
10/13/2025,147.4478149,148.5272533,145.9128256,147.2101342,7272000
10/14/2025,150.0721436,150.1513705,147.0615963,147.2497583,8371100
10/15/2025,149.6958313,150.913913,147.7251015,149.8641828,6101100
10/16/2025,151.1912079,152.8846512,150.8148838,150.9040235,8532900
10/17/2025,152.2211304,152.4191901,150.2702111,152.2805468,6710100
10/20/2025,152.1518097,152.9242532,151.2407228,152.9242532,4810600
10/21/2025,151.6962585,153.6867989,151.3595555,153.2015397,5614300
10/22/2025,151.5477142,153.6768828,151.2308217,151.666547,6486000
10/23/2025,150.0424347,151.9141271,149.5670883,151.6863592,6091800
10/24/2025,150.0820618,150.94363,149.8047751,150.5673059,3580200
10/27/2025,151.1515961,151.3892617,149.4977739,149.5472775,4744600
10/28/2025,148.6658936,151.7259745,148.4678338,149.9434067,5626500
10/29/2025,144.7442627,147.2200471,142.278376,146.6159551,7767600
10/30/2025,146.1208038,146.6555666,144.8333929,144.9225175,5752700
10/31/2025,144.674942,145.5761312,143.8926007,144.7838771,6313600
11/3/2025,142.2090607,144.496683,141.8624448,144.4471643,8331500
11/4/2025,141.5158386,143.5261745,140.6839786,143.2984065,8302900
11/5/2025,141.4762268,141.8921568,140.2086264,141.5158327,7136400
11/6/2025,140.2086182,141.8228344,139.9313315,141.0305804,6449400
11/7/2025,141.5653534,142.6547046,140.2779424,141.5455429,7592300
11/10/2025,141.2385406,141.6346752,139.8917134,141.1098101,6617500
11/11/2025,143.6747284,144.3481345,141.2979662,141.8921605,7683600
11/12/2025,142.9914093,144.0906582,142.6646039,143.1597608,5790100
11/13/2025,143.6153107,144.9720357,142.2585705,142.7042238,6663300
11/14/2025,144.4372711,145.4176721,142.5358554,144.476877,5770500
11/17/2025,146.3980865,146.6753732,143.813367,144.7046434,7320200
11/18/2025,147.3289795,148.3787096,146.0217581,146.8635308,10821500
11/19/2025,145.6850586,147.3586913,145.2691286,146.8635344,8123200
11/20/2025,144.684845,145.6553482,143.4964564,145.1800018,6878900
11/21/2025,144.9126129,147.4973324,144.5659971,144.8630942,7911800
11/24/2025,144.0906525,144.9225124,143.3578148,144.4174578,9391400
11/25/2025,144.6947479,145.6949594,144.1599851,144.5164836,8954000
11/26/2025,146.5466309,147.0318901,144.8135817,144.9027214,5180600
11/28/2025,147.2992706,147.3784975,145.8038872,145.8038872,2969300
12/1/2025,148.0618134,148.3688233,147.0714995,147.1903475,7623300
12/2/2025,147.1705322,148.0618086,145.1106777,148.012305,6830300
12/3/2025,146.6258545,149.2402822,146.4773135,147.249757,5109200
12/4/2025,145.4869995,146.8140163,144.714556,146.3188595,6803000
12/5/2025,145.0200043,145.8000031,144.5099945,145.6199951,5971300
12/8/2025,145.6300049,146.5599976,144.1999969,145.0099945,6327400
12/9/2025,144.6399994,147.5599976,143.9100037,146.3500061,10035200
12/10/2025,149.6999969,149.7799988,147,147.7700043,18526400
12/11/2025,149.0399933,150.8899994,148.1300049,150.1499939,7854000
12/12/2025,150.6499939,150.6699982,148.7400055,149.75,8143100
12/15/2025,151.2200012,151.6999969,150.2799988,150.9400024,8409600
12/16/2025,150.3699951,152.3500061,149.9900055,151.9900055,7520300
12/17/2025,150.0800018,151.2400055,149.4799957,150.3800049,8067100
12/18/2025,149.3699951,150.3699951,149.25,149.8000031,6643200
12/19/2025,148.1600037,149.8899994,147.8999939,149.1499939,17543500
12/22/2025,147.0500031,148.9799957,146.4100037,147.5299988,8818700
12/23/2025,143.6799927,147.1900024,143.5599976,147.1900024,7254800
12/24/2025,143.7400055,143.9900055,142.9499969,143.7899933,2618700
12/26/2025,143.7799988,143.9400024,143.0899963,143.5599976,4975500
12/29/2025,144.2400055,145.0500031,143.6000061,143.7400055,7201900
12/30/2025,144.1600037,145.2700043,143.9199982,143.9700012,4713800
12/31/2025,143.5200043,144.0299988,143.1600037,143.8300018,4380300
1/2/2026,142.2299957,143.4100037,142.1000061,143.2200012,7182100
1/5/2026,139.9199982,141.8099976,139.3999939,141.6600037,9031400
1/6/2026,138.9600067,140.0599976,138.5700073,139.6799927,9576500
1/7/2026,137.0099945,139.8300018,136.9600067,139.2200012,8539800
1/8/2026,139.3699951,139.4799957,136.0099945,136.5700073,8762800
1/9/2026,139.9100037,140.7899933,138.6999969,139.4400024,6767600
1/12/2026,141.3600006,141.5099945,138.5599976,139.9100037,12223400
1/13/2026,143.4799957,143.6499939,141.0399933,141.1000061,9030200
1/14/2026,145.9199982,146.3000031,143.1399994,143.1399994,8329500
1/15/2026,146.5700073,147.0200043,145.5299988,146.0599976,5797800
1/16/2026,146.3200073,147.5500031,145.5099945,147.1600037,10313500
1/20/2026,147.6600037,147.6600037,144.3200073,146.2200012,9982800
1/21/2026,146.7400055,148.0099945,144.9400024,147.0500031,7679600
1/22/2026,144.3999939,147.1300049,144.1699982,146.6799927,8167400
1/23/2026,144.5800018,144.8399963,143.0599976,143.8600006,5870100
1/26/2026,145.8699951,145.9199982,144.1399994,144.8000031,6589600
1/27/2026,148.7799988,148.8200073,145.3300018,145.75,7114900
1/28/2026,148.5,150.0399933,147.7599945,148.4100037,5954100
1/29/2026,148.6900024,150.8600006,148.4400024,148.8399963,9062300
1/30/2026,153.6300049,153.8899994,148.5899963,149.0099945,12641300
